date,station_id,station_name,river,district,latitude,longitude,rainfall_mm
2024-01-01,ahirwalia_burhigandak,Ahirwalia,Burhi Gandak,Purba Champaran,26.41527778,85.06611111,0.0269326139241457
2024-01-02,ahirwalia_burhigandak,Ahirwalia,Burhi Gandak,Purba Champaran,26.41527778,85.06611111,0.5655848979949951
2024-01-03,ahirwalia_burhigandak,Ahirwalia,Burhi Gandak,Purba Champaran,26.41527778,85.06611111,0.0269326139241457
2024-01-04,ahirwalia_burhigandak,Ahirwalia,Burhi Gandak,Purba Champaran,26.41527778,85.06611111,0.0269326139241457
2024-01-05,ahirwalia_burhigandak,Ahirwalia,Burhi Gandak,Purba Champaran,26.41527778,85.06611111,0.47580957412719727
2024-01-06,ahirwalia_burhigandak,Ahirwalia,Burhi Gandak,Purba Champaran,26.41527778,85.06611111,1.509134292602539
2024-01-07,ahirwalia_burhigandak,Ahirwalia,Burhi Gandak,Purba Champaran,26.41527778,85.06611111,0.037795573472976685
2024-01-08,ahirwalia_burhigandak,Ahirwalia,Burhi Gandak,Purba Champaran,26.41527778,85.06611111,0.0016324784373864532
2024-01-09,ahirwalia_burhigandak,Ahirwalia,Burhi Gandak,Purba Champaran,26.41527778,85.06611111,0.0
2024-01-10,ahirwalia_burhigandak,Ahirwalia,Burhi Gandak,Purba Champaran,26.41527778,85.06611111,0.0
2024-01-11,ahirwalia_burhigandak,Ahirwalia,Burhi Gandak,Purba Champaran,26.41527778,85.06611111,0.0
2024-01-12,ahirwalia_burhigandak,Ahirwalia,Burhi Gandak,Purba Champaran,26.41527778,85.06611111,0.0
2024-01-13,ahirwalia_burhigandak,Ahirwalia,Burhi Gandak,Purba Champaran,26.41527778,85.06611111,0.0
2024-01-14,ahirwalia_burhigandak,Ahirwalia,Burhi Gandak,Purba Champaran,26.41527778,85.06611111,0.41177284717559814
2024-01-15,ahirwalia_burhigandak,Ahirwalia,Burhi Gandak,Purba Champaran,26.41527778,85.06611111,0.14445343613624573
2024-01-16,ahirwalia_burhigandak,Ahirwalia,Burhi Gandak,Purba Champaran,26.41527778,85.06611111,0.09928040951490402
2024-01-17,ahirwalia_burhigandak,Ahirwalia,Burhi Gandak,Purba Champaran,26.41527778,85.06611111,0.05479224771261215
2024-01-18,ahirwalia_burhigandak,Ahirwalia,Burhi Gandak,Purba Champaran,26.41527778,85.06611111,0.28374215960502625
2024-01-19,ahirwalia_burhigandak,Ahirwalia,Burhi Gandak,Purba Champaran,26.41527778,85.06611111,0.0005148162599653006
2024-01-20,ahirwalia_burhigandak,Ahirwalia,Burhi Gandak,Purba Champaran,26.41527778,85.06611111,0.0
2024-01-21,ahirwalia_burhigandak,Ahirwalia,Burhi Gandak,Purba Champaran,26.41527778,85.06611111,0.5333295464515686
2024-01-22,ahirwalia_burhigandak,Ahirwalia,Burhi Gandak,Purba Champaran,26.41527778,85.06611111,0.0
2024-01-23,ahirwalia_burhigandak,Ahirwalia,Burhi Gandak,Purba Champaran,26.41527778,85.06611111,0.0
2024-01-24,ahirwalia_burhigandak,Ahirwalia,Burhi Gandak,Purba Champaran,26.41527778,85.06611111,0.08476760983467102
2024-01-25,ahirwalia_burhigandak,Ahirwalia,Burhi Gandak,Purba Champaran,26.41527778,85.06611111,0.0
2024-01-26,ahirwalia_burhigandak,Ahirwalia,Burhi Gandak,Purba Champaran,26.41527778,85.06611111,0.0
2024-01-27,ahirwalia_burhigandak,Ahirwalia,Burhi Gandak,Purba Champaran,26.41527778,85.06611111,0.0
2024-01-28,ahirwalia_burhigandak,Ahirwalia,Burhi Gandak,Purba Champaran,26.41527778,85.06611111,0.0
2024-01-29,ahirwalia_burhigandak,Ahirwalia,Burhi Gandak,Purba Champaran,26.41527778,85.06611111,0.0
2024-01-30,ahirwalia_burhigandak,Ahirwalia,Burhi Gandak,Purba Champaran,26.41527778,85.06611111,0.0
2024-01-31,ahirwalia_burhigandak,Ahirwalia,Burhi Gandak,Purba Champaran,26.41527778,85.06611111,0.0
2024-02-01,ahirwalia_burhigandak,Ahirwalia,Burhi Gandak,Purba Champaran,26.41527778,85.06611111,0.0
2024-02-02,ahirwalia_burhigandak,Ahirwalia,Burhi Gandak,Purba Champaran,26.41527778,85.06611111,0.0
2024-02-03,ahirwalia_burhigandak,Ahirwalia,Burhi Gandak,Purba Champaran,26.41527778,85.06611111,0.0
2024-02-04,ahirwalia_burhigandak,Ahirwalia,Burhi Gandak,Purba Champaran,26.41527778,85.06611111,0.0
2024-02-05,ahirwalia_burhigandak,Ahirwalia,Burhi Gandak,Purba Champaran,26.41527778,85.06611111,0.0
2024-02-06,ahirwalia_burhigandak,Ahirwalia,Burhi Gandak,Purba Champaran,26.41527778,85.06611111,0.0
2024-02-07,ahirwalia_burhigandak,Ahirwalia,Burhi Gandak,Purba Champaran,26.41527778,85.06611111,0.0
2024-02-08,ahirwalia_burhigandak,Ahirwalia,Burhi Gandak,Purba Champaran,26.41527778,85.06611111,0.0
2024-02-09,ahirwalia_burhigandak,Ahirwalia,Burhi Gandak,Purba Champaran,26.41527778,85.06611111,0.0
2024-02-10,ahirwalia_burhigandak,Ahirwalia,Burhi Gandak,Purba Champaran,26.41527778,85.06611111,0.0
2024-02-11,ahirwalia_burhigandak,Ahirwalia,Burhi Gandak,Purba Champaran,26.41527778,85.06611111,0.0
2024-02-12,ahirwalia_burhigandak,Ahirwalia,Burhi Gandak,Purba Champaran,26.41527778,85.06611111,0.0
2024-02-13,ahirwalia_burhigandak,Ahirwalia,Burhi Gandak,Purba Champaran,26.41527778,85.06611111,0.0
2024-02-14,ahirwalia_burhigandak,Ahirwalia,Burhi Gandak,Purba Champaran,26.41527778,85.06611111,0.0
2024-02-15,ahirwalia_burhigandak,Ahirwalia,Burhi Gandak,Purba Champaran,26.41527778,85.06611111,0.0
2024-02-16,ahirwalia_burhigandak,Ahirwalia,Burhi Gandak,Purba Champaran,26.41527778,85.06611111,0.0
2024-02-17,ahirwalia_burhigandak,Ahirwalia,Burhi Gandak,Purba Champaran,26.41527778,85.06611111,0.0
2024-02-18,ahirwalia_burhigandak,Ahirwalia,Burhi Gandak,Purba Champaran,26.41527778,85.06611111,0.0
2024-02-19,ahirwalia_burhigandak,Ahirwalia,Burhi Gandak,Purba Champaran,26.41527778,85.06611111,0.0
2024-02-20,ahirwalia_burhigandak,Ahirwalia,Burhi Gandak,Purba Champaran,26.41527778,85.06611111,0.0
2024-02-21,ahirwalia_burhigandak,Ahirwalia,Burhi Gandak,Purba Champaran,26.41527778,85.06611111,0.10676649212837219
2024-02-22,ahirwalia_burhigandak,Ahirwalia,Burhi Gandak,Purba Champaran,26.41527778,85.06611111,0.21064592897891998
2024-02-23,ahirwalia_burhigandak,Ahirwalia,Burhi Gandak,Purba Champaran,26.41527778,85.06611111,0.00012113314005546272
2024-02-24,ahirwalia_burhigandak,Ahirwalia,Burhi Gandak,Purba Champaran,26.41527778,85.06611111,0.0
2024-02-25,ahirwalia_burhigandak,Ahirwalia,Burhi Gandak,Purba Champaran,26.41527778,85.06611111,0.0
2024-02-26,ahirwalia_burhigandak,Ahirwalia,Burhi Gandak,Purba Champaran,26.41527778,85.06611111,0.7975791692733765
2024-02-27,ahirwalia_burhigandak,Ahirwalia,Burhi Gandak,Purba Champaran,26.41527778,85.06611111,0.276711106300354
2024-02-28,ahirwalia_burhigandak,Ahirwalia,Burhi Gandak,Purba Champaran,26.41527778,85.06611111,0.276711106300354
2024-02-29,ahirwalia_burhigandak,Ahirwalia,Burhi Gandak,Purba Champaran,26.41527778,85.06611111,0.276711106300354
2024-03-01,ahirwalia_burhigandak,Ahirwalia,Burhi Gandak,Purba Champaran,26.41527778,85.06611111,0.0
2024-03-02,ahirwalia_burhigandak,Ahirwalia,Burhi Gandak,Purba Champaran,26.41527778,85.06611111,0.0
2024-03-03,ahirwalia_burhigandak,Ahirwalia,Burhi Gandak,Purba Champaran,26.41527778,85.06611111,0.0
2024-03-04,ahirwalia_burhigandak,Ahirwalia,Burhi Gandak,Purba Champaran,26.41527778,85.06611111,0.0
2024-03-05,ahirwalia_burhigandak,Ahirwalia,Burhi Gandak,Purba Champaran,26.41527778,85.06611111,0.0
2024-03-06,ahirwalia_burhigandak,Ahirwalia,Burhi Gandak,Purba Champaran,26.41527778,85.06611111,0.0
2024-03-07,ahirwalia_burhigandak,Ahirwalia,Burhi Gandak,Purba Champaran,26.41527778,85.06611111,0.0
2024-03-08,ahirwalia_burhigandak,Ahirwalia,Burhi Gandak,Purba Champaran,26.41527778,85.06611111,0.0
2024-03-09,ahirwalia_burhigandak,Ahirwalia,Burhi Gandak,Purba Champaran,26.41527778,85.06611111,0.0
2024-03-10,ahirwalia_burhigandak,Ahirwalia,Burhi Gandak,Purba Champaran,26.41527778,85.06611111,0.0
2024-03-11,ahirwalia_burhigandak,Ahirwalia,Burhi Gandak,Purba Champaran,26.41527778,85.06611111,0.0
2024-03-12,ahirwalia_burhigandak,Ahirwalia,Burhi Gandak,Purba Champaran,26.41527778,85.06611111,0.0
2024-03-13,ahirwalia_burhigandak,Ahirwalia,Burhi Gandak,Purba Champaran,26.41527778,85.06611111,0.0
2024-03-14,ahirwalia_burhigandak,Ahirwalia,Burhi Gandak,Purba Champaran,26.41527778,85.06611111,0.0
2024-03-15,ahirwalia_burhigandak,Ahirwalia,Burhi Gandak,Purba Champaran,26.41527778,85.06611111,0.0
2024-03-16,ahirwalia_burhigandak,Ahirwalia,Burhi Gandak,Purba Champaran,26.41527778,85.06611111,0.0037620272487401962
2024-03-17,ahirwalia_burhigandak,Ahirwalia,Burhi Gandak,Purba Champaran,26.41527778,85.06611111,0.0
2024-03-18,ahirwalia_burhigandak,Ahirwalia,Burhi Gandak,Purba Champaran,26.41527778,85.06611111,0.0
2024-03-19,ahirwalia_burhigandak,Ahirwalia,Burhi Gandak,Purba Champaran,26.41527778,85.06611111,0.3021421432495117
2024-03-20,ahirwalia_burhigandak,Ahirwalia,Burhi Gandak,Purba Champaran,26.41527778,85.06611111,27.000688552856445
2024-03-21,ahirwalia_burhigandak,Ahirwalia,Burhi Gandak,Purba Champaran,26.41527778,85.06611111,3.0289559364318848
2024-03-22,ahirwalia_burhigandak,Ahirwalia,Burhi Gandak,Purba Champaran,26.41527778,85.06611111,0.21953096985816956
2024-03-23,ahirwalia_burhigandak,Ahirwalia,Burhi Gandak,Purba Champaran,26.41527778,85.06611111,0.5031273365020752
2024-03-24,ahirwalia_burhigandak,Ahirwalia,Burhi Gandak,Purba Champaran,26.41527778,85.06611111,0.06691500544548035
2024-03-25,ahirwalia_burhigandak,Ahirwalia,Burhi Gandak,Purba Champaran,26.41527778,85.06611111,0.24239926040172577
2024-03-26,ahirwalia_burhigandak,Ahirwalia,Burhi Gandak,Purba Champaran,26.41527778,85.06611111,0.06613651663064957
2024-03-27,ahirwalia_burhigandak,Ahirwalia,Burhi Gandak,Purba Champaran,26.41527778,85.06611111,0.056272584944963455
2024-03-28,ahirwalia_burhigandak,Ahirwalia,Burhi Gandak,Purba Champaran,26.41527778,85.06611111,0.007337766699492931
2024-03-29,ahirwalia_burhigandak,Ahirwalia,Burhi Gandak,Purba Champaran,26.41527778,85.06611111,0.0
2024-03-30,ahirwalia_burhigandak,Ahirwalia,Burhi Gandak,Purba Champaran,26.41527778,85.06611111,3.246082997065969e-05
2024-03-31,ahirwalia_burhigandak,Ahirwalia,Burhi Gandak,Purba Champaran,26.41527778,85.06611111,0.04293934628367424
2024-04-01,ahirwalia_burhigandak,Ahirwalia,Burhi Gandak,Purba Champaran,26.41527778,85.06611111,0.0
2024-04-02,ahirwalia_burhigandak,Ahirwalia,Burhi Gandak,Purba Champaran,26.41527778,85.06611111,0.0
2024-04-03,ahirwalia_burhigandak,Ahirwalia,Burhi Gandak,Purba Champaran,26.41527778,85.06611111,0.0
2024-04-04,ahirwalia_burhigandak,Ahirwalia,Burhi Gandak,Purba Champaran,26.41527778,85.06611111,0.0
2024-04-05,ahirwalia_burhigandak,Ahirwalia,Burhi Gandak,Purba Champaran,26.41527778,85.06611111,0.0
2024-04-06,ahirwalia_burhigandak,Ahirwalia,Burhi Gandak,Purba Champaran,26.41527778,85.06611111,0.0
2024-04-07,ahirwalia_burhigandak,Ahirwalia,Burhi Gandak,Purba Champaran,26.41527778,85.06611111,0.0
2024-04-08,ahirwalia_burhigandak,Ahirwalia,Burhi Gandak,Purba Champaran,26.41527778,85.06611111,0.0
2024-04-09,ahirwalia_burhigandak,Ahirwalia,Burhi Gandak,Purba Champaran,26.41527778,85.06611111,0.0
2024-04-10,ahirwalia_burhigandak,Ahirwalia,Burhi Gandak,Purba Champaran,26.41527778,85.06611111,0.0
2024-04-11,ahirwalia_burhigandak,Ahirwalia,Burhi Gandak,Purba Champaran,26.41527778,85.06611111,0.0
2024-04-12,ahirwalia_burhigandak,Ahirwalia,Burhi Gandak,Purba Champaran,26.41527778,85.06611111,0.0
2024-04-13,ahirwalia_burhigandak,Ahirwalia,Burhi Gandak,Purba Champaran,26.41527778,85.06611111,0.0
2024-04-14,ahirwalia_burhigandak,Ahirwalia,Burhi Gandak,Purba Champaran,26.41527778,85.06611111,0.0
2024-04-15,ahirwalia_burhigandak,Ahirwalia,Burhi Gandak,Purba Champaran,26.41527778,85.06611111,0.0
2024-04-16,ahirwalia_burhigandak,Ahirwalia,Burhi Gandak,Purba Champaran,26.41527778,85.06611111,0.0
2024-04-17,ahirwalia_burhigandak,Ahirwalia,Burhi Gandak,Purba Champaran,26.41527778,85.06611111,0.0
2024-04-18,ahirwalia_burhigandak,Ahirwalia,Burhi Gandak,Purba Champaran,26.41527778,85.06611111,0.0
2024-04-19,ahirwalia_burhigandak,Ahirwalia,Burhi Gandak,Purba Champaran,26.41527778,85.06611111,0.0
2024-04-20,ahirwalia_burhigandak,Ahirwalia,Burhi Gandak,Purba Champaran,26.41527778,85.06611111,0.0
2024-04-21,ahirwalia_burhigandak,Ahirwalia,Burhi Gandak,Purba Champaran,26.41527778,85.06611111,0.0
2024-04-22,ahirwalia_burhigandak,Ahirwalia,Burhi Gandak,Purba Champaran,26.41527778,85.06611111,0.0
2024-04-23,ahirwalia_burhigandak,Ahirwalia,Burhi Gandak,Purba Champaran,26.41527778,85.06611111,0.0
2024-04-24,ahirwalia_burhigandak,Ahirwalia,Burhi Gandak,Purba Champaran,26.41527778,85.06611111,0.0
2024-04-25,ahirwalia_burhigandak,Ahirwalia,Burhi Gandak,Purba Champaran,26.41527778,85.06611111,0.0
2024-04-26,ahirwalia_burhigandak,Ahirwalia,Burhi Gandak,Purba Champaran,26.41527778,85.06611111,0.0
2024-04-27,ahirwalia_burhigandak,Ahirwalia,Burhi Gandak,Purba Champaran,26.41527778,85.06611111,0.0
2024-04-28,ahirwalia_burhigandak,Ahirwalia,Burhi Gandak,Purba Champaran,26.41527778,85.06611111,0.0
2024-04-29,ahirwalia_burhigandak,Ahirwalia,Burhi Gandak,Purba Champaran,26.41527778,85.06611111,0.0
2024-04-30,ahirwalia_burhigandak,Ahirwalia,Burhi Gandak,Purba Champaran,26.41527778,85.06611111,0.0
2024-05-01,ahirwalia_burhigandak,Ahirwalia,Burhi Gandak,Purba Champaran,26.41527778,85.06611111,0.0032734174747020006
2024-05-02,ahirwalia_burhigandak,Ahirwalia,Burhi Gandak,Purba Champaran,26.41527778,85.06611111,0.0032734174747020006
2024-05-03,ahirwalia_burhigandak,Ahirwalia,Burhi Gandak,Purba Champaran,26.41527778,85.06611111,0.0032734174747020006
2024-05-04,ahirwalia_burhigandak,Ahirwalia,Burhi Gandak,Purba Champaran,26.41527778,85.06611111,0.0032734174747020006
2024-05-05,ahirwalia_burhigandak,Ahirwalia,Burhi Gandak,Purba Champaran,26.41527778,85.06611111,0.0032734174747020006
2024-05-06,ahirwalia_burhigandak,Ahirwalia,Burhi Gandak,Purba Champaran,26.41527778,85.06611111,0.0
2024-05-07,ahirwalia_burhigandak,Ahirwalia,Burhi Gandak,Purba Champaran,26.41527778,85.06611111,0.0
2024-05-08,ahirwalia_burhigandak,Ahirwalia,Burhi Gandak,Purba Champaran,26.41527778,85.06611111,0.0
2024-05-09,ahirwalia_burhigandak,Ahirwalia,Burhi Gandak,Purba Champaran,26.41527778,85.06611111,0.0
2024-05-10,ahirwalia_burhigandak,Ahirwalia,Burhi Gandak,Purba Champaran,26.41527778,85.06611111,0.0
2024-05-11,ahirwalia_burhigandak,Ahirwalia,Burhi Gandak,Purba Champaran,26.41527778,85.06611111,0.0
2024-05-12,ahirwalia_burhigandak,Ahirwalia,Burhi Gandak,Purba Champaran,26.41527778,85.06611111,0.0
2024-05-13,ahirwalia_burhigandak,Ahirwalia,Burhi Gandak,Purba Champaran,26.41527778,85.06611111,0.0
2024-05-14,ahirwalia_burhigandak,Ahirwalia,Burhi Gandak,Purba Champaran,26.41527778,85.06611111,0.0
2024-05-15,ahirwalia_burhigandak,Ahirwalia,Burhi Gandak,Purba Champaran,26.41527778,85.06611111,0.0
2024-05-16,ahirwalia_burhigandak,Ahirwalia,Burhi Gandak,Purba Champaran,26.41527778,85.06611111,0.006890281103551388
2024-05-17,ahirwalia_burhigandak,Ahirwalia,Burhi Gandak,Purba Champaran,26.41527778,85.06611111,0.0
2024-05-18,ahirwalia_burhigandak,Ahirwalia,Burhi Gandak,Purba Champaran,26.41527778,85.06611111,0.13259200751781464
2024-05-19,ahirwalia_burhigandak,Ahirwalia,Burhi Gandak,Purba Champaran,26.41527778,85.06611111,0.039398442953825
2024-05-20,ahirwalia_burhigandak,Ahirwalia,Burhi Gandak,Purba Champaran,26.41527778,85.06611111,0.5137929916381836
2024-05-21,ahirwalia_burhigandak,Ahirwalia,Burhi Gandak,Purba Champaran,26.41527778,85.06611111,0.4007178843021393
2024-05-22,ahirwalia_burhigandak,Ahirwalia,Burhi Gandak,Purba Champaran,26.41527778,85.06611111,1.3695850372314453
2024-05-23,ahirwalia_burhigandak,Ahirwalia,Burhi Gandak,Purba Champaran,26.41527778,85.06611111,0.6031545996665955
2024-05-24,ahirwalia_burhigandak,Ahirwalia,Burhi Gandak,Purba Champaran,26.41527778,85.06611111,0.0025895864237099886
2024-05-25,ahirwalia_burhigandak,Ahirwalia,Burhi Gandak,Purba Champaran,26.41527778,85.06611111,0.036969833076000214
2024-05-26,ahirwalia_burhigandak,Ahirwalia,Burhi Gandak,Purba Champaran,26.41527778,85.06611111,6.945452690124512
2024-05-27,ahirwalia_burhigandak,Ahirwalia,Burhi Gandak,Purba Champaran,26.41527778,85.06611111,6.970238208770752
2024-05-28,ahirwalia_burhigandak,Ahirwalia,Burhi Gandak,Purba Champaran,26.41527778,85.06611111,0.032170370221138
2024-05-29,ahirwalia_burhigandak,Ahirwalia,Burhi Gandak,Purba Champaran,26.41527778,85.06611111,0.0711464062333107
2024-05-30,ahirwalia_burhigandak,Ahirwalia,Burhi Gandak,Purba Champaran,26.41527778,85.06611111,0.4624176323413849
2024-05-31,ahirwalia_burhigandak,Ahirwalia,Burhi Gandak,Purba Champaran,26.41527778,85.06611111,0.22060084342956543
2024-06-01,ahirwalia_burhigandak,Ahirwalia,Burhi Gandak,Purba Champaran,26.41527778,85.06611111,0.15022823214530945
2024-06-02,ahirwalia_burhigandak,Ahirwalia,Burhi Gandak,Purba Champaran,26.41527778,85.06611111,0.2812923491001129
2024-06-03,ahirwalia_burhigandak,Ahirwalia,Burhi Gandak,Purba Champaran,26.41527778,85.06611111,0.7291595935821533
2024-06-04,ahirwalia_burhigandak,Ahirwalia,Burhi Gandak,Purba Champaran,26.41527778,85.06611111,1.5847370624542236
2024-06-05,ahirwalia_burhigandak,Ahirwalia,Burhi Gandak,Purba Champaran,26.41527778,85.06611111,4.410399913787842
2024-06-06,ahirwalia_burhigandak,Ahirwalia,Burhi Gandak,Purba Champaran,26.41527778,85.06611111,3.729158639907837
2024-06-07,ahirwalia_burhigandak,Ahirwalia,Burhi Gandak,Purba Champaran,26.41527778,85.06611111,0.7948698401451111
2024-06-08,ahirwalia_burhigandak,Ahirwalia,Burhi Gandak,Purba Champaran,26.41527778,85.06611111,0.0670066699385643
2024-06-09,ahirwalia_burhigandak,Ahirwalia,Burhi Gandak,Purba Champaran,26.41527778,85.06611111,0.016005007550120354
2024-06-10,ahirwalia_burhigandak,Ahirwalia,Burhi Gandak,Purba Champaran,26.41527778,85.06611111,9.890986984828487e-05
2024-06-11,ahirwalia_burhigandak,Ahirwalia,Burhi Gandak,Purba Champaran,26.41527778,85.06611111,0.2415143847465515
2024-06-12,ahirwalia_burhigandak,Ahirwalia,Burhi Gandak,Purba Champaran,26.41527778,85.06611111,0.1791589856147766
2024-06-13,ahirwalia_burhigandak,Ahirwalia,Burhi Gandak,Purba Champaran,26.41527778,85.06611111,0.0036577084101736546
2024-06-14,ahirwalia_burhigandak,Ahirwalia,Burhi Gandak,Purba Champaran,26.41527778,85.06611111,0.033984068781137466
2024-06-15,ahirwalia_burhigandak,Ahirwalia,Burhi Gandak,Purba Champaran,26.41527778,85.06611111,0.33875563740730286
2024-06-16,ahirwalia_burhigandak,Ahirwalia,Burhi Gandak,Purba Champaran,26.41527778,85.06611111,0.009601719677448273
2024-06-17,ahirwalia_burhigandak,Ahirwalia,Burhi Gandak,Purba Champaran,26.41527778,85.06611111,0.02156703546643257
2024-06-18,ahirwalia_burhigandak,Ahirwalia,Burhi Gandak,Purba Champaran,26.41527778,85.06611111,0.10369713604450226
2024-06-19,ahirwalia_burhigandak,Ahirwalia,Burhi Gandak,Purba Champaran,26.41527778,85.06611111,7.301056385040283
2024-06-20,ahirwalia_burhigandak,Ahirwalia,Burhi Gandak,Purba Champaran,26.41527778,85.06611111,0.6173055171966553
2024-06-21,ahirwalia_burhigandak,Ahirwalia,Burhi Gandak,Purba Champaran,26.41527778,85.06611111,0.0
2024-06-22,ahirwalia_burhigandak,Ahirwalia,Burhi Gandak,Purba Champaran,26.41527778,85.06611111,0.0
2024-06-23,ahirwalia_burhigandak,Ahirwalia,Burhi Gandak,Purba Champaran,26.41527778,85.06611111,0.0
2024-06-24,ahirwalia_burhigandak,Ahirwalia,Burhi Gandak,Purba Champaran,26.41527778,85.06611111,0.0
2024-06-25,ahirwalia_burhigandak,Ahirwalia,Burhi Gandak,Purba Champaran,26.41527778,85.06611111,0.0
2024-06-26,ahirwalia_burhigandak,Ahirwalia,Burhi Gandak,Purba Champaran,26.41527778,85.06611111,13.245565414428711
2024-06-27,ahirwalia_burhigandak,Ahirwalia,Burhi Gandak,Purba Champaran,26.41527778,85.06611111,6.462366104125977
2024-06-28,ahirwalia_burhigandak,Ahirwalia,Burhi Gandak,Purba Champaran,26.41527778,85.06611111,2.394883155822754
2024-06-29,ahirwalia_burhigandak,Ahirwalia,Burhi Gandak,Purba Champaran,26.41527778,85.06611111,21.727876663208008
2024-06-30,ahirwalia_burhigandak,Ahirwalia,Burhi Gandak,Purba Champaran,26.41527778,85.06611111,6.266473770141602
2024-07-01,ahirwalia_burhigandak,Ahirwalia,Burhi Gandak,Purba Champaran,26.41527778,85.06611111,14.150195121765137
2024-07-02,ahirwalia_burhigandak,Ahirwalia,Burhi Gandak,Purba Champaran,26.41527778,85.06611111,6.56822395324707
2024-07-03,ahirwalia_burhigandak,Ahirwalia,Burhi Gandak,Purba Champaran,26.41527778,85.06611111,15.771559715270996
2024-07-04,ahirwalia_burhigandak,Ahirwalia,Burhi Gandak,Purba Champaran,26.41527778,85.06611111,10.883152961730957
2024-07-05,ahirwalia_burhigandak,Ahirwalia,Burhi Gandak,Purba Champaran,26.41527778,85.06611111,36.72551345825195
2024-07-06,ahirwalia_burhigandak,Ahirwalia,Burhi Gandak,Purba Champaran,26.41527778,85.06611111,13.34756088256836
2024-07-07,ahirwalia_burhigandak,Ahirwalia,Burhi Gandak,Purba Champaran,26.41527778,85.06611111,11.714197158813477
2024-07-08,ahirwalia_burhigandak,Ahirwalia,Burhi Gandak,Purba Champaran,26.41527778,85.06611111,3.9805667400360107
2024-07-09,ahirwalia_burhigandak,Ahirwalia,Burhi Gandak,Purba Champaran,26.41527778,85.06611111,3.5260190963745117
2024-07-10,ahirwalia_burhigandak,Ahirwalia,Burhi Gandak,Purba Champaran,26.41527778,85.06611111,4.029586315155029
2024-07-11,ahirwalia_burhigandak,Ahirwalia,Burhi Gandak,Purba Champaran,26.41527778,85.06611111,22.873476028442383
2024-07-12,ahirwalia_burhigandak,Ahirwalia,Burhi Gandak,Purba Champaran,26.41527778,85.06611111,13.957239151000977
2024-07-13,ahirwalia_burhigandak,Ahirwalia,Burhi Gandak,Purba Champaran,26.41527778,85.06611111,1.7706992626190186
2024-07-14,ahirwalia_burhigandak,Ahirwalia,Burhi Gandak,Purba Champaran,26.41527778,85.06611111,3.8465232849121094
2024-07-15,ahirwalia_burhigandak,Ahirwalia,Burhi Gandak,Purba Champaran,26.41527778,85.06611111,0.9392821192741394
2024-07-16,ahirwalia_burhigandak,Ahirwalia,Burhi Gandak,Purba Champaran,26.41527778,85.06611111,0.39062920212745667
2024-07-17,ahirwalia_burhigandak,Ahirwalia,Burhi Gandak,Purba Champaran,26.41527778,85.06611111,1.1555625200271606
2024-07-18,ahirwalia_burhigandak,Ahirwalia,Burhi Gandak,Purba Champaran,26.41527778,85.06611111,0.9616895318031311
2024-07-19,ahirwalia_burhigandak,Ahirwalia,Burhi Gandak,Purba Champaran,26.41527778,85.06611111,0.6057206988334656
2024-07-20,ahirwalia_burhigandak,Ahirwalia,Burhi Gandak,Purba Champaran,26.41527778,85.06611111,0.0926007628440857
2024-07-21,ahirwalia_burhigandak,Ahirwalia,Burhi Gandak,Purba Champaran,26.41527778,85.06611111,1.9036823511123657
2024-07-22,ahirwalia_burhigandak,Ahirwalia,Burhi Gandak,Purba Champaran,26.41527778,85.06611111,0.5004189014434814
2024-07-23,ahirwalia_burhigandak,Ahirwalia,Burhi Gandak,Purba Champaran,26.41527778,85.06611111,0.8469852805137634
2024-07-24,ahirwalia_burhigandak,Ahirwalia,Burhi Gandak,Purba Champaran,26.41527778,85.06611111,0.3790624141693115
2024-07-25,ahirwalia_burhigandak,Ahirwalia,Burhi Gandak,Purba Champaran,26.41527778,85.06611111,1.2691537141799927
2024-07-26,ahirwalia_burhigandak,Ahirwalia,Burhi Gandak,Purba Champaran,26.41527778,85.06611111,2.5272719860076904
2024-07-27,ahirwalia_burhigandak,Ahirwalia,Burhi Gandak,Purba Champaran,26.41527778,85.06611111,2.7236878871917725
2024-07-28,ahirwalia_burhigandak,Ahirwalia,Burhi Gandak,Purba Champaran,26.41527778,85.06611111,0.4746634066104889
2024-07-29,ahirwalia_burhigandak,Ahirwalia,Burhi Gandak,Purba Champaran,26.41527778,85.06611111,19.27217674255371
2024-07-30,ahirwalia_burhigandak,Ahirwalia,Burhi Gandak,Purba Champaran,26.41527778,85.06611111,17.290733337402344
2024-07-31,ahirwalia_burhigandak,Ahirwalia,Burhi Gandak,Purba Champaran,26.41527778,85.06611111,3.12729549407959
2024-08-01,ahirwalia_burhigandak,Ahirwalia,Burhi Gandak,Purba Champaran,26.41527778,85.06611111,4.40946102142334
2024-08-02,ahirwalia_burhigandak,Ahirwalia,Burhi Gandak,Purba Champaran,26.41527778,85.06611111,2.114799976348877
2024-08-03,ahirwalia_burhigandak,Ahirwalia,Burhi Gandak,Purba Champaran,26.41527778,85.06611111,2.808779239654541
2024-08-04,ahirwalia_burhigandak,Ahirwalia,Burhi Gandak,Purba Champaran,26.41527778,85.06611111,5.559481620788574
2024-08-05,ahirwalia_burhigandak,Ahirwalia,Burhi Gandak,Purba Champaran,26.41527778,85.06611111,16.207427978515625
2024-08-06,ahirwalia_burhigandak,Ahirwalia,Burhi Gandak,Purba Champaran,26.41527778,85.06611111,13.04588794708252
2024-08-07,ahirwalia_burhigandak,Ahirwalia,Burhi Gandak,Purba Champaran,26.41527778,85.06611111,13.930943489074707
2024-08-08,ahirwalia_burhigandak,Ahirwalia,Burhi Gandak,Purba Champaran,26.41527778,85.06611111,1.529586911201477
2024-08-09,ahirwalia_burhigandak,Ahirwalia,Burhi Gandak,Purba Champaran,26.41527778,85.06611111,3.7704923152923584
2024-08-10,ahirwalia_burhigandak,Ahirwalia,Burhi Gandak,Purba Champaran,26.41527778,85.06611111,11.18635368347168
2024-08-11,ahirwalia_burhigandak,Ahirwalia,Burhi Gandak,Purba Champaran,26.41527778,85.06611111,11.354354858398438
2024-08-12,ahirwalia_burhigandak,Ahirwalia,Burhi Gandak,Purba Champaran,26.41527778,85.06611111,12.884734153747559
2024-08-13,ahirwalia_burhigandak,Ahirwalia,Burhi Gandak,Purba Champaran,26.41527778,85.06611111,25.629192352294922
2024-08-14,ahirwalia_burhigandak,Ahirwalia,Burhi Gandak,Purba Champaran,26.41527778,85.06611111,11.704416275024414
2024-08-15,ahirwalia_burhigandak,Ahirwalia,Burhi Gandak,Purba Champaran,26.41527778,85.06611111,6.8350372314453125
2024-08-16,ahirwalia_burhigandak,Ahirwalia,Burhi Gandak,Purba Champaran,26.41527778,85.06611111,1.8674942255020142
2024-08-17,ahirwalia_burhigandak,Ahirwalia,Burhi Gandak,Purba Champaran,26.41527778,85.06611111,6.042176246643066
2024-08-18,ahirwalia_burhigandak,Ahirwalia,Burhi Gandak,Purba Champaran,26.41527778,85.06611111,0.5841946601867676
2024-08-19,ahirwalia_burhigandak,Ahirwalia,Burhi Gandak,Purba Champaran,26.41527778,85.06611111,3.6834335327148438
2024-08-20,ahirwalia_burhigandak,Ahirwalia,Burhi Gandak,Purba Champaran,26.41527778,85.06611111,3.4711360931396484
2024-08-21,ahirwalia_burhigandak,Ahirwalia,Burhi Gandak,Purba Champaran,26.41527778,85.06611111,1.1250464916229248
2024-08-22,ahirwalia_burhigandak,Ahirwalia,Burhi Gandak,Purba Champaran,26.41527778,85.06611111,3.1188154220581055
2024-08-23,ahirwalia_burhigandak,Ahirwalia,Burhi Gandak,Purba Champaran,26.41527778,85.06611111,7.553189277648926
2024-08-24,ahirwalia_burhigandak,Ahirwalia,Burhi Gandak,Purba Champaran,26.41527778,85.06611111,0.6178538203239441
2024-08-25,ahirwalia_burhigandak,Ahirwalia,Burhi Gandak,Purba Champaran,26.41527778,85.06611111,2.236504554748535
2024-08-26,ahirwalia_burhigandak,Ahirwalia,Burhi Gandak,Purba Champaran,26.41527778,85.06611111,3.1692135334014893
2024-08-27,ahirwalia_burhigandak,Ahirwalia,Burhi Gandak,Purba Champaran,26.41527778,85.06611111,2.6482932567596436
2024-08-28,ahirwalia_burhigandak,Ahirwalia,Burhi Gandak,Purba Champaran,26.41527778,85.06611111,6.013576984405518
2024-08-29,ahirwalia_burhigandak,Ahirwalia,Burhi Gandak,Purba Champaran,26.41527778,85.06611111,2.2709333896636963
2024-08-30,ahirwalia_burhigandak,Ahirwalia,Burhi Gandak,Purba Champaran,26.41527778,85.06611111,0.9266607165336609
2024-08-31,ahirwalia_burhigandak,Ahirwalia,Burhi Gandak,Purba Champaran,26.41527778,85.06611111,4.792628288269043
2024-09-01,ahirwalia_burhigandak,Ahirwalia,Burhi Gandak,Purba Champaran,26.41527778,85.06611111,14.22220516204834
2024-09-02,ahirwalia_burhigandak,Ahirwalia,Burhi Gandak,Purba Champaran,26.41527778,85.06611111,5.218506336212158
2024-09-03,ahirwalia_burhigandak,Ahirwalia,Burhi Gandak,Purba Champaran,26.41527778,85.06611111,13.927483558654785
2024-09-04,ahirwalia_burhigandak,Ahirwalia,Burhi Gandak,Purba Champaran,26.41527778,85.06611111,8.10295295715332
2024-09-05,ahirwalia_burhigandak,Ahirwalia,Burhi Gandak,Purba Champaran,26.41527778,85.06611111,25.2187442779541
2024-09-06,ahirwalia_burhigandak,Ahirwalia,Burhi Gandak,Purba Champaran,26.41527778,85.06611111,0.0
2024-09-07,ahirwalia_burhigandak,Ahirwalia,Burhi Gandak,Purba Champaran,26.41527778,85.06611111,0.0
2024-09-08,ahirwalia_burhigandak,Ahirwalia,Burhi Gandak,Purba Champaran,26.41527778,85.06611111,0.0
2024-09-09,ahirwalia_burhigandak,Ahirwalia,Burhi Gandak,Purba Champaran,26.41527778,85.06611111,0.0
2024-09-10,ahirwalia_burhigandak,Ahirwalia,Burhi Gandak,Purba Champaran,26.41527778,85.06611111,0.0
2024-09-11,ahirwalia_burhigandak,Ahirwalia,Burhi Gandak,Purba Champaran,26.41527778,85.06611111,27.04136085510254
2024-09-12,ahirwalia_burhigandak,Ahirwalia,Burhi Gandak,Purba Champaran,26.41527778,85.06611111,8.605210304260254
2024-09-13,ahirwalia_burhigandak,Ahirwalia,Burhi Gandak,Purba Champaran,26.41527778,85.06611111,0.5320044159889221
2024-09-14,ahirwalia_burhigandak,Ahirwalia,Burhi Gandak,Purba Champaran,26.41527778,85.06611111,4.51791524887085
2024-09-15,ahirwalia_burhigandak,Ahirwalia,Burhi Gandak,Purba Champaran,26.41527778,85.06611111,1.4022554159164429
2024-09-16,ahirwalia_burhigandak,Ahirwalia,Burhi Gandak,Purba Champaran,26.41527778,85.06611111,1.4065577983856201
2024-09-17,ahirwalia_burhigandak,Ahirwalia,Burhi Gandak,Purba Champaran,26.41527778,85.06611111,0.5190777778625488
2024-09-18,ahirwalia_burhigandak,Ahirwalia,Burhi Gandak,Purba Champaran,26.41527778,85.06611111,0.02191086858510971
2024-09-19,ahirwalia_burhigandak,Ahirwalia,Burhi Gandak,Purba Champaran,26.41527778,85.06611111,0.0
2024-09-20,ahirwalia_burhigandak,Ahirwalia,Burhi Gandak,Purba Champaran,26.41527778,85.06611111,0.015379662625491619
2024-09-21,ahirwalia_burhigandak,Ahirwalia,Burhi Gandak,Purba Champaran,26.41527778,85.06611111,0.02659699320793152
2024-09-22,ahirwalia_burhigandak,Ahirwalia,Burhi Gandak,Purba Champaran,26.41527778,85.06611111,0.0
2024-09-23,ahirwalia_burhigandak,Ahirwalia,Burhi Gandak,Purba Champaran,26.41527778,85.06611111,0.0
2024-09-24,ahirwalia_burhigandak,Ahirwalia,Burhi Gandak,Purba Champaran,26.41527778,85.06611111,5.048681259155273
2024-09-25,ahirwalia_burhigandak,Ahirwalia,Burhi Gandak,Purba Champaran,26.41527778,85.06611111,9.964889526367188
2024-09-26,ahirwalia_burhigandak,Ahirwalia,Burhi Gandak,Purba Champaran,26.41527778,85.06611111,31.175630569458008
2024-09-27,ahirwalia_burhigandak,Ahirwalia,Burhi Gandak,Purba Champaran,26.41527778,85.06611111,75.0512924194336
2024-09-28,ahirwalia_burhigandak,Ahirwalia,Burhi Gandak,Purba Champaran,26.41527778,85.06611111,49.483192443847656
2024-09-29,ahirwalia_burhigandak,Ahirwalia,Burhi Gandak,Purba Champaran,26.41527778,85.06611111,1.0180422067642212
2024-09-30,ahirwalia_burhigandak,Ahirwalia,Burhi Gandak,Purba Champaran,26.41527778,85.06611111,1.688027262687683
2024-10-01,ahirwalia_burhigandak,Ahirwalia,Burhi Gandak,Purba Champaran,26.41527778,85.06611111,0.19887900352478027
2024-10-02,ahirwalia_burhigandak,Ahirwalia,Burhi Gandak,Purba Champaran,26.41527778,85.06611111,0.284261018037796
2024-10-03,ahirwalia_burhigandak,Ahirwalia,Burhi Gandak,Purba Champaran,26.41527778,85.06611111,0.7215683460235596
2024-10-04,ahirwalia_burhigandak,Ahirwalia,Burhi Gandak,Purba Champaran,26.41527778,85.06611111,0.6268322467803955
2024-10-05,ahirwalia_burhigandak,Ahirwalia,Burhi Gandak,Purba Champaran,26.41527778,85.06611111,0.5438200235366821
2024-10-06,ahirwalia_burhigandak,Ahirwalia,Burhi Gandak,Purba Champaran,26.41527778,85.06611111,0.4339084029197693
2024-10-07,ahirwalia_burhigandak,Ahirwalia,Burhi Gandak,Purba Champaran,26.41527778,85.06611111,0.8992469310760498
2024-10-08,ahirwalia_burhigandak,Ahirwalia,Burhi Gandak,Purba Champaran,26.41527778,85.06611111,0.5792486667633057
2024-10-09,ahirwalia_burhigandak,Ahirwalia,Burhi Gandak,Purba Champaran,26.41527778,85.06611111,0.8701023459434509
2024-10-10,ahirwalia_burhigandak,Ahirwalia,Burhi Gandak,Purba Champaran,26.41527778,85.06611111,0.41558900475502014
2024-10-11,ahirwalia_burhigandak,Ahirwalia,Burhi Gandak,Purba Champaran,26.41527778,85.06611111,0.49974995851516724
2024-10-12,ahirwalia_burhigandak,Ahirwalia,Burhi Gandak,Purba Champaran,26.41527778,85.06611111,0.00015090710076037794
2024-10-13,ahirwalia_burhigandak,Ahirwalia,Burhi Gandak,Purba Champaran,26.41527778,85.06611111,0.6392078399658203
2024-10-14,ahirwalia_burhigandak,Ahirwalia,Burhi Gandak,Purba Champaran,26.41527778,85.06611111,0.9637488126754761
2024-10-15,ahirwalia_burhigandak,Ahirwalia,Burhi Gandak,Purba Champaran,26.41527778,85.06611111,0.5342444181442261
2024-10-16,ahirwalia_burhigandak,Ahirwalia,Burhi Gandak,Purba Champaran,26.41527778,85.06611111,0.207764133810997
2024-10-17,ahirwalia_burhigandak,Ahirwalia,Burhi Gandak,Purba Champaran,26.41527778,85.06611111,0.23224306106567383
2024-10-18,ahirwalia_burhigandak,Ahirwalia,Burhi Gandak,Purba Champaran,26.41527778,85.06611111,0.3758485019207001
2024-10-19,ahirwalia_burhigandak,Ahirwalia,Burhi Gandak,Purba Champaran,26.41527778,85.06611111,2.217013120651245
2024-10-20,ahirwalia_burhigandak,Ahirwalia,Burhi Gandak,Purba Champaran,26.41527778,85.06611111,3.251276731491089
2024-10-21,ahirwalia_burhigandak,Ahirwalia,Burhi Gandak,Purba Champaran,26.41527778,85.06611111,1.7569067478179932
2024-10-22,ahirwalia_burhigandak,Ahirwalia,Burhi Gandak,Purba Champaran,26.41527778,85.06611111,0.0
2024-10-23,ahirwalia_burhigandak,Ahirwalia,Burhi Gandak,Purba Champaran,26.41527778,85.06611111,0.0
2024-10-24,ahirwalia_burhigandak,Ahirwalia,Burhi Gandak,Purba Champaran,26.41527778,85.06611111,0.2922615110874176
2024-10-25,ahirwalia_burhigandak,Ahirwalia,Burhi Gandak,Purba Champaran,26.41527778,85.06611111,0.8485354781150818
2024-10-26,ahirwalia_burhigandak,Ahirwalia,Burhi Gandak,Purba Champaran,26.41527778,85.06611111,0.8028165698051453
2024-10-27,ahirwalia_burhigandak,Ahirwalia,Burhi Gandak,Purba Champaran,26.41527778,85.06611111,0.10368566960096359
2024-10-28,ahirwalia_burhigandak,Ahirwalia,Burhi Gandak,Purba Champaran,26.41527778,85.06611111,0.4074684679508209
2024-10-29,ahirwalia_burhigandak,Ahirwalia,Burhi Gandak,Purba Champaran,26.41527778,85.06611111,1.2204399108886719
2024-10-30,ahirwalia_burhigandak,Ahirwalia,Burhi Gandak,Purba Champaran,26.41527778,85.06611111,0.6356339454650879
2024-10-31,ahirwalia_burhigandak,Ahirwalia,Burhi Gandak,Purba Champaran,26.41527778,85.06611111,3.1613869667053223
2024-11-01,ahirwalia_burhigandak,Ahirwalia,Burhi Gandak,Purba Champaran,26.41527778,85.06611111,0.22133053839206696
2024-11-02,ahirwalia_burhigandak,Ahirwalia,Burhi Gandak,Purba Champaran,26.41527778,85.06611111,0.5437613129615784
2024-11-03,ahirwalia_burhigandak,Ahirwalia,Burhi Gandak,Purba Champaran,26.41527778,85.06611111,0.10044916719198227
2024-11-04,ahirwalia_burhigandak,Ahirwalia,Burhi Gandak,Purba Champaran,26.41527778,85.06611111,0.2186960130929947
2024-11-05,ahirwalia_burhigandak,Ahirwalia,Burhi Gandak,Purba Champaran,26.41527778,85.06611111,0.672358512878418
2024-11-06,ahirwalia_burhigandak,Ahirwalia,Burhi Gandak,Purba Champaran,26.41527778,85.06611111,0.07834304869174957
2024-11-07,ahirwalia_burhigandak,Ahirwalia,Burhi Gandak,Purba Champaran,26.41527778,85.06611111,0.002586613642051816
2024-11-08,ahirwalia_burhigandak,Ahirwalia,Burhi Gandak,Purba Champaran,26.41527778,85.06611111,0.03862995281815529
2024-11-09,ahirwalia_burhigandak,Ahirwalia,Burhi Gandak,Purba Champaran,26.41527778,85.06611111,0.4819878339767456
2024-11-10,ahirwalia_burhigandak,Ahirwalia,Burhi Gandak,Purba Champaran,26.41527778,85.06611111,0.4281236529350281
2024-11-11,ahirwalia_burhigandak,Ahirwalia,Burhi Gandak,Purba Champaran,26.41527778,85.06611111,0.07233184576034546
2024-11-12,ahirwalia_burhigandak,Ahirwalia,Burhi Gandak,Purba Champaran,26.41527778,85.06611111,0.3819226324558258
2024-11-13,ahirwalia_burhigandak,Ahirwalia,Burhi Gandak,Purba Champaran,26.41527778,85.06611111,0.009616428054869175
2024-11-14,ahirwalia_burhigandak,Ahirwalia,Burhi Gandak,Purba Champaran,26.41527778,85.06611111,0.0
2024-11-15,ahirwalia_burhigandak,Ahirwalia,Burhi Gandak,Purba Champaran,26.41527778,85.06611111,0.0
2024-11-16,ahirwalia_burhigandak,Ahirwalia,Burhi Gandak,Purba Champaran,26.41527778,85.06611111,0.0
2024-11-17,ahirwalia_burhigandak,Ahirwalia,Burhi Gandak,Purba Champaran,26.41527778,85.06611111,0.0
2024-11-18,ahirwalia_burhigandak,Ahirwalia,Burhi Gandak,Purba Champaran,26.41527778,85.06611111,0.0
2024-11-19,ahirwalia_burhigandak,Ahirwalia,Burhi Gandak,Purba Champaran,26.41527778,85.06611111,0.0
2024-11-20,ahirwalia_burhigandak,Ahirwalia,Burhi Gandak,Purba Champaran,26.41527778,85.06611111,0.0
2024-11-21,ahirwalia_burhigandak,Ahirwalia,Burhi Gandak,Purba Champaran,26.41527778,85.06611111,0.0
2024-11-22,ahirwalia_burhigandak,Ahirwalia,Burhi Gandak,Purba Champaran,26.41527778,85.06611111,0.0
2024-11-23,ahirwalia_burhigandak,Ahirwalia,Burhi Gandak,Purba Champaran,26.41527778,85.06611111,0.0
2024-11-24,ahirwalia_burhigandak,Ahirwalia,Burhi Gandak,Purba Champaran,26.41527778,85.06611111,0.0
2024-11-25,ahirwalia_burhigandak,Ahirwalia,Burhi Gandak,Purba Champaran,26.41527778,85.06611111,0.0
2024-11-26,ahirwalia_burhigandak,Ahirwalia,Burhi Gandak,Purba Champaran,26.41527778,85.06611111,0.058306578546762466
2024-11-27,ahirwalia_burhigandak,Ahirwalia,Burhi Gandak,Purba Champaran,26.41527778,85.06611111,0.0
2024-11-28,ahirwalia_burhigandak,Ahirwalia,Burhi Gandak,Purba Champaran,26.41527778,85.06611111,0.0
2024-11-29,ahirwalia_burhigandak,Ahirwalia,Burhi Gandak,Purba Champaran,26.41527778,85.06611111,0.0
2024-11-30,ahirwalia_burhigandak,Ahirwalia,Burhi Gandak,Purba Champaran,26.41527778,85.06611111,0.0
2024-12-01,ahirwalia_burhigandak,Ahirwalia,Burhi Gandak,Purba Champaran,26.41527778,85.06611111,0.0
2024-12-02,ahirwalia_burhigandak,Ahirwalia,Burhi Gandak,Purba Champaran,26.41527778,85.06611111,0.0
2024-12-03,ahirwalia_burhigandak,Ahirwalia,Burhi Gandak,Purba Champaran,26.41527778,85.06611111,0.0
2024-12-04,ahirwalia_burhigandak,Ahirwalia,Burhi Gandak,Purba Champaran,26.41527778,85.06611111,0.0
2024-12-05,ahirwalia_burhigandak,Ahirwalia,Burhi Gandak,Purba Champaran,26.41527778,85.06611111,0.0
2024-12-06,ahirwalia_burhigandak,Ahirwalia,Burhi Gandak,Purba Champaran,26.41527778,85.06611111,0.0
2024-12-07,ahirwalia_burhigandak,Ahirwalia,Burhi Gandak,Purba Champaran,26.41527778,85.06611111,0.0
2024-12-08,ahirwalia_burhigandak,Ahirwalia,Burhi Gandak,Purba Champaran,26.41527778,85.06611111,0.0
2024-12-09,ahirwalia_burhigandak,Ahirwalia,Burhi Gandak,Purba Champaran,26.41527778,85.06611111,0.0
2024-12-10,ahirwalia_burhigandak,Ahirwalia,Burhi Gandak,Purba Champaran,26.41527778,85.06611111,0.0
2024-12-11,ahirwalia_burhigandak,Ahirwalia,Burhi Gandak,Purba Champaran,26.41527778,85.06611111,0.0
2024-12-12,ahirwalia_burhigandak,Ahirwalia,Burhi Gandak,Purba Champaran,26.41527778,85.06611111,0.0
2024-12-13,ahirwalia_burhigandak,Ahirwalia,Burhi Gandak,Purba Champaran,26.41527778,85.06611111,0.0
2024-12-14,ahirwalia_burhigandak,Ahirwalia,Burhi Gandak,Purba Champaran,26.41527778,85.06611111,0.0
2024-12-15,ahirwalia_burhigandak,Ahirwalia,Burhi Gandak,Purba Champaran,26.41527778,85.06611111,0.0
2024-12-16,ahirwalia_burhigandak,Ahirwalia,Burhi Gandak,Purba Champaran,26.41527778,85.06611111,0.0
2024-12-17,ahirwalia_burhigandak,Ahirwalia,Burhi Gandak,Purba Champaran,26.41527778,85.06611111,0.0
2024-12-18,ahirwalia_burhigandak,Ahirwalia,Burhi Gandak,Purba Champaran,26.41527778,85.06611111,0.0
2024-12-19,ahirwalia_burhigandak,Ahirwalia,Burhi Gandak,Purba Champaran,26.41527778,85.06611111,0.0
2024-12-20,ahirwalia_burhigandak,Ahirwalia,Burhi Gandak,Purba Champaran,26.41527778,85.06611111,0.0
2024-12-21,ahirwalia_burhigandak,Ahirwalia,Burhi Gandak,Purba Champaran,26.41527778,85.06611111,0.0
2024-12-22,ahirwalia_burhigandak,Ahirwalia,Burhi Gandak,Purba Champaran,26.41527778,85.06611111,0.0
2024-12-23,ahirwalia_burhigandak,Ahirwalia,Burhi Gandak,Purba Champaran,26.41527778,85.06611111,0.0
2024-12-24,ahirwalia_burhigandak,Ahirwalia,Burhi Gandak,Purba Champaran,26.41527778,85.06611111,0.0
2024-12-25,ahirwalia_burhigandak,Ahirwalia,Burhi Gandak,Purba Champaran,26.41527778,85.06611111,0.0
2024-12-26,ahirwalia_burhigandak,Ahirwalia,Burhi Gandak,Purba Champaran,26.41527778,85.06611111,0.0
2024-12-27,ahirwalia_burhigandak,Ahirwalia,Burhi Gandak,Purba Champaran,26.41527778,85.06611111,0.0
2024-12-28,ahirwalia_burhigandak,Ahirwalia,Burhi Gandak,Purba Champaran,26.41527778,85.06611111,0.8204896450042725
2024-12-29,ahirwalia_burhigandak,Ahirwalia,Burhi Gandak,Purba Champaran,26.41527778,85.06611111,0.0008535919478163123
2024-12-30,ahirwalia_burhigandak,Ahirwalia,Burhi Gandak,Purba Champaran,26.41527778,85.06611111,0.013683021068572998
2024-12-31,ahirwalia_burhigandak,Ahirwalia,Burhi Gandak,Purba Champaran,26.41527778,85.06611111,0.0
2024-01-01,bagaha_gandak,Bagaha,Gandak,Pashchim Champaran,27.12944444,84.04833333,0.17053203284740448
2024-01-02,bagaha_gandak,Bagaha,Gandak,Pashchim Champaran,27.12944444,84.04833333,1.4495224952697754
2024-01-03,bagaha_gandak,Bagaha,Gandak,Pashchim Champaran,27.12944444,84.04833333,0.17053203284740448
2024-01-04,bagaha_gandak,Bagaha,Gandak,Pashchim Champaran,27.12944444,84.04833333,0.17053203284740448
2024-01-05,bagaha_gandak,Bagaha,Gandak,Pashchim Champaran,27.12944444,84.04833333,0.17053203284740448
2024-01-06,bagaha_gandak,Bagaha,Gandak,Pashchim Champaran,27.12944444,84.04833333,1.2042570114135742
2024-01-07,bagaha_gandak,Bagaha,Gandak,Pashchim Champaran,27.12944444,84.04833333,0.25546860694885254
2024-01-08,bagaha_gandak,Bagaha,Gandak,Pashchim Champaran,27.12944444,84.04833333,0.0025876816362142563
2024-01-09,bagaha_gandak,Bagaha,Gandak,Pashchim Champaran,27.12944444,84.04833333,0.0
2024-01-10,bagaha_gandak,Bagaha,Gandak,Pashchim Champaran,27.12944444,84.04833333,0.0018832108471542597
2024-01-11,bagaha_gandak,Bagaha,Gandak,Pashchim Champaran,27.12944444,84.04833333,0.31119024753570557
2024-01-12,bagaha_gandak,Bagaha,Gandak,Pashchim Champaran,27.12944444,84.04833333,0.09287719428539276
2024-01-13,bagaha_gandak,Bagaha,Gandak,Pashchim Champaran,27.12944444,84.04833333,0.021343855187296867
2024-01-14,bagaha_gandak,Bagaha,Gandak,Pashchim Champaran,27.12944444,84.04833333,0.19062747061252594
2024-01-15,bagaha_gandak,Bagaha,Gandak,Pashchim Champaran,27.12944444,84.04833333,0.0334344208240509
2024-01-16,bagaha_gandak,Bagaha,Gandak,Pashchim Champaran,27.12944444,84.04833333,0.0
2024-01-17,bagaha_gandak,Bagaha,Gandak,Pashchim Champaran,27.12944444,84.04833333,0.6391816735267639
2024-01-18,bagaha_gandak,Bagaha,Gandak,Pashchim Champaran,27.12944444,84.04833333,0.17810793220996857
2024-01-19,bagaha_gandak,Bagaha,Gandak,Pashchim Champaran,27.12944444,84.04833333,0.08189758658409119
2024-01-20,bagaha_gandak,Bagaha,Gandak,Pashchim Champaran,27.12944444,84.04833333,0.0074862949550151825
2024-01-21,bagaha_gandak,Bagaha,Gandak,Pashchim Champaran,27.12944444,84.04833333,0.029526235535740852
2024-01-22,bagaha_gandak,Bagaha,Gandak,Pashchim Champaran,27.12944444,84.04833333,0.0537756010890007
2024-01-23,bagaha_gandak,Bagaha,Gandak,Pashchim Champaran,27.12944444,84.04833333,0.037484005093574524
2024-01-24,bagaha_gandak,Bagaha,Gandak,Pashchim Champaran,27.12944444,84.04833333,0.7006476521492004
2024-01-25,bagaha_gandak,Bagaha,Gandak,Pashchim Champaran,27.12944444,84.04833333,0.08442999422550201
2024-01-26,bagaha_gandak,Bagaha,Gandak,Pashchim Champaran,27.12944444,84.04833333,0.0
2024-01-27,bagaha_gandak,Bagaha,Gandak,Pashchim Champaran,27.12944444,84.04833333,0.0
2024-01-28,bagaha_gandak,Bagaha,Gandak,Pashchim Champaran,27.12944444,84.04833333,0.0
2024-01-29,bagaha_gandak,Bagaha,Gandak,Pashchim Champaran,27.12944444,84.04833333,0.0
2024-01-30,bagaha_gandak,Bagaha,Gandak,Pashchim Champaran,27.12944444,84.04833333,0.0
2024-01-31,bagaha_gandak,Bagaha,Gandak,Pashchim Champaran,27.12944444,84.04833333,0.0
2024-02-01,bagaha_gandak,Bagaha,Gandak,Pashchim Champaran,27.12944444,84.04833333,0.0
2024-02-02,bagaha_gandak,Bagaha,Gandak,Pashchim Champaran,27.12944444,84.04833333,0.0
2024-02-03,bagaha_gandak,Bagaha,Gandak,Pashchim Champaran,27.12944444,84.04833333,0.0
2024-02-04,bagaha_gandak,Bagaha,Gandak,Pashchim Champaran,27.12944444,84.04833333,0.0
2024-02-05,bagaha_gandak,Bagaha,Gandak,Pashchim Champaran,27.12944444,84.04833333,0.0
2024-02-06,bagaha_gandak,Bagaha,Gandak,Pashchim Champaran,27.12944444,84.04833333,0.0
2024-02-07,bagaha_gandak,Bagaha,Gandak,Pashchim Champaran,27.12944444,84.04833333,0.0
2024-02-08,bagaha_gandak,Bagaha,Gandak,Pashchim Champaran,27.12944444,84.04833333,0.0
2024-02-09,bagaha_gandak,Bagaha,Gandak,Pashchim Champaran,27.12944444,84.04833333,0.0
2024-02-10,bagaha_gandak,Bagaha,Gandak,Pashchim Champaran,27.12944444,84.04833333,0.0
2024-02-11,bagaha_gandak,Bagaha,Gandak,Pashchim Champaran,27.12944444,84.04833333,0.0
2024-02-12,bagaha_gandak,Bagaha,Gandak,Pashchim Champaran,27.12944444,84.04833333,0.0
2024-02-13,bagaha_gandak,Bagaha,Gandak,Pashchim Champaran,27.12944444,84.04833333,0.0
2024-02-14,bagaha_gandak,Bagaha,Gandak,Pashchim Champaran,27.12944444,84.04833333,0.0
2024-02-15,bagaha_gandak,Bagaha,Gandak,Pashchim Champaran,27.12944444,84.04833333,0.0
2024-02-16,bagaha_gandak,Bagaha,Gandak,Pashchim Champaran,27.12944444,84.04833333,0.0
2024-02-17,bagaha_gandak,Bagaha,Gandak,Pashchim Champaran,27.12944444,84.04833333,0.0
2024-02-18,bagaha_gandak,Bagaha,Gandak,Pashchim Champaran,27.12944444,84.04833333,0.0
2024-02-19,bagaha_gandak,Bagaha,Gandak,Pashchim Champaran,27.12944444,84.04833333,0.0
2024-02-20,bagaha_gandak,Bagaha,Gandak,Pashchim Champaran,27.12944444,84.04833333,0.0
2024-02-21,bagaha_gandak,Bagaha,Gandak,Pashchim Champaran,27.12944444,84.04833333,0.0
2024-02-22,bagaha_gandak,Bagaha,Gandak,Pashchim Champaran,27.12944444,84.04833333,0.0
2024-02-23,bagaha_gandak,Bagaha,Gandak,Pashchim Champaran,27.12944444,84.04833333,0.0
2024-02-24,bagaha_gandak,Bagaha,Gandak,Pashchim Champaran,27.12944444,84.04833333,0.0
2024-02-25,bagaha_gandak,Bagaha,Gandak,Pashchim Champaran,27.12944444,84.04833333,0.0
2024-02-26,bagaha_gandak,Bagaha,Gandak,Pashchim Champaran,27.12944444,84.04833333,0.0
2024-02-27,bagaha_gandak,Bagaha,Gandak,Pashchim Champaran,27.12944444,84.04833333,0.0
2024-02-28,bagaha_gandak,Bagaha,Gandak,Pashchim Champaran,27.12944444,84.04833333,0.0
2024-02-29,bagaha_gandak,Bagaha,Gandak,Pashchim Champaran,27.12944444,84.04833333,0.0
2024-03-01,bagaha_gandak,Bagaha,Gandak,Pashchim Champaran,27.12944444,84.04833333,0.0
2024-03-02,bagaha_gandak,Bagaha,Gandak,Pashchim Champaran,27.12944444,84.04833333,0.0
2024-03-03,bagaha_gandak,Bagaha,Gandak,Pashchim Champaran,27.12944444,84.04833333,0.0
2024-03-04,bagaha_gandak,Bagaha,Gandak,Pashchim Champaran,27.12944444,84.04833333,0.0
2024-03-05,bagaha_gandak,Bagaha,Gandak,Pashchim Champaran,27.12944444,84.04833333,0.0
2024-03-06,bagaha_gandak,Bagaha,Gandak,Pashchim Champaran,27.12944444,84.04833333,0.0
2024-03-07,bagaha_gandak,Bagaha,Gandak,Pashchim Champaran,27.12944444,84.04833333,0.0
2024-03-08,bagaha_gandak,Bagaha,Gandak,Pashchim Champaran,27.12944444,84.04833333,0.0
2024-03-09,bagaha_gandak,Bagaha,Gandak,Pashchim Champaran,27.12944444,84.04833333,0.0
2024-03-10,bagaha_gandak,Bagaha,Gandak,Pashchim Champaran,27.12944444,84.04833333,0.0
2024-03-11,bagaha_gandak,Bagaha,Gandak,Pashchim Champaran,27.12944444,84.04833333,0.0
2024-03-12,bagaha_gandak,Bagaha,Gandak,Pashchim Champaran,27.12944444,84.04833333,0.0
2024-03-13,bagaha_gandak,Bagaha,Gandak,Pashchim Champaran,27.12944444,84.04833333,0.0
2024-03-14,bagaha_gandak,Bagaha,Gandak,Pashchim Champaran,27.12944444,84.04833333,0.0
2024-03-15,bagaha_gandak,Bagaha,Gandak,Pashchim Champaran,27.12944444,84.04833333,0.0
2024-03-16,bagaha_gandak,Bagaha,Gandak,Pashchim Champaran,27.12944444,84.04833333,0.0
2024-03-17,bagaha_gandak,Bagaha,Gandak,Pashchim Champaran,27.12944444,84.04833333,0.0
2024-03-18,bagaha_gandak,Bagaha,Gandak,Pashchim Champaran,27.12944444,84.04833333,0.0
2024-03-19,bagaha_gandak,Bagaha,Gandak,Pashchim Champaran,27.12944444,84.04833333,0.10225722193717957
2024-03-20,bagaha_gandak,Bagaha,Gandak,Pashchim Champaran,27.12944444,84.04833333,2.3008437156677246
2024-03-21,bagaha_gandak,Bagaha,Gandak,Pashchim Champaran,27.12944444,84.04833333,3.9285247325897217
2024-03-22,bagaha_gandak,Bagaha,Gandak,Pashchim Champaran,27.12944444,84.04833333,4.4622626304626465
2024-03-23,bagaha_gandak,Bagaha,Gandak,Pashchim Champaran,27.12944444,84.04833333,3.8561553955078125
2024-03-24,bagaha_gandak,Bagaha,Gandak,Pashchim Champaran,27.12944444,84.04833333,0.6882734894752502
2024-03-25,bagaha_gandak,Bagaha,Gandak,Pashchim Champaran,27.12944444,84.04833333,9.634651184082031
2024-03-26,bagaha_gandak,Bagaha,Gandak,Pashchim Champaran,27.12944444,84.04833333,0.00879724882543087
2024-03-27,bagaha_gandak,Bagaha,Gandak,Pashchim Champaran,27.12944444,84.04833333,0.8624901175498962
2024-03-28,bagaha_gandak,Bagaha,Gandak,Pashchim Champaran,27.12944444,84.04833333,0.15355128049850464
2024-03-29,bagaha_gandak,Bagaha,Gandak,Pashchim Champaran,27.12944444,84.04833333,0.1391649693250656
2024-03-30,bagaha_gandak,Bagaha,Gandak,Pashchim Champaran,27.12944444,84.04833333,0.035367269068956375
2024-03-31,bagaha_gandak,Bagaha,Gandak,Pashchim Champaran,27.12944444,84.04833333,0.2886592745780945
2024-04-01,bagaha_gandak,Bagaha,Gandak,Pashchim Champaran,27.12944444,84.04833333,0.0
2024-04-02,bagaha_gandak,Bagaha,Gandak,Pashchim Champaran,27.12944444,84.04833333,0.0
2024-04-03,bagaha_gandak,Bagaha,Gandak,Pashchim Champaran,27.12944444,84.04833333,0.0
2024-04-04,bagaha_gandak,Bagaha,Gandak,Pashchim Champaran,27.12944444,84.04833333,0.0
2024-04-05,bagaha_gandak,Bagaha,Gandak,Pashchim Champaran,27.12944444,84.04833333,0.0
2024-04-06,bagaha_gandak,Bagaha,Gandak,Pashchim Champaran,27.12944444,84.04833333,0.0
2024-04-07,bagaha_gandak,Bagaha,Gandak,Pashchim Champaran,27.12944444,84.04833333,0.0
2024-04-08,bagaha_gandak,Bagaha,Gandak,Pashchim Champaran,27.12944444,84.04833333,0.0
2024-04-09,bagaha_gandak,Bagaha,Gandak,Pashchim Champaran,27.12944444,84.04833333,0.0
2024-04-10,bagaha_gandak,Bagaha,Gandak,Pashchim Champaran,27.12944444,84.04833333,0.0
2024-04-11,bagaha_gandak,Bagaha,Gandak,Pashchim Champaran,27.12944444,84.04833333,0.0
2024-04-12,bagaha_gandak,Bagaha,Gandak,Pashchim Champaran,27.12944444,84.04833333,0.0
2024-04-13,bagaha_gandak,Bagaha,Gandak,Pashchim Champaran,27.12944444,84.04833333,0.0
2024-04-14,bagaha_gandak,Bagaha,Gandak,Pashchim Champaran,27.12944444,84.04833333,0.13142551481723785
2024-04-15,bagaha_gandak,Bagaha,Gandak,Pashchim Champaran,27.12944444,84.04833333,0.0
2024-04-16,bagaha_gandak,Bagaha,Gandak,Pashchim Champaran,27.12944444,84.04833333,0.0
2024-04-17,bagaha_gandak,Bagaha,Gandak,Pashchim Champaran,27.12944444,84.04833333,0.0
2024-04-18,bagaha_gandak,Bagaha,Gandak,Pashchim Champaran,27.12944444,84.04833333,0.0
2024-04-19,bagaha_gandak,Bagaha,Gandak,Pashchim Champaran,27.12944444,84.04833333,0.0
2024-04-20,bagaha_gandak,Bagaha,Gandak,Pashchim Champaran,27.12944444,84.04833333,0.0
2024-04-21,bagaha_gandak,Bagaha,Gandak,Pashchim Champaran,27.12944444,84.04833333,0.0
2024-04-22,bagaha_gandak,Bagaha,Gandak,Pashchim Champaran,27.12944444,84.04833333,0.0
2024-04-23,bagaha_gandak,Bagaha,Gandak,Pashchim Champaran,27.12944444,84.04833333,0.0
2024-04-24,bagaha_gandak,Bagaha,Gandak,Pashchim Champaran,27.12944444,84.04833333,0.0
2024-04-25,bagaha_gandak,Bagaha,Gandak,Pashchim Champaran,27.12944444,84.04833333,0.0
2024-04-26,bagaha_gandak,Bagaha,Gandak,Pashchim Champaran,27.12944444,84.04833333,0.0
2024-04-27,bagaha_gandak,Bagaha,Gandak,Pashchim Champaran,27.12944444,84.04833333,0.0
2024-04-28,bagaha_gandak,Bagaha,Gandak,Pashchim Champaran,27.12944444,84.04833333,0.0
2024-04-29,bagaha_gandak,Bagaha,Gandak,Pashchim Champaran,27.12944444,84.04833333,0.0
2024-04-30,bagaha_gandak,Bagaha,Gandak,Pashchim Champaran,27.12944444,84.04833333,0.0
2024-05-01,bagaha_gandak,Bagaha,Gandak,Pashchim Champaran,27.12944444,84.04833333,0.0
2024-05-02,bagaha_gandak,Bagaha,Gandak,Pashchim Champaran,27.12944444,84.04833333,0.0
2024-05-03,bagaha_gandak,Bagaha,Gandak,Pashchim Champaran,27.12944444,84.04833333,0.0
2024-05-04,bagaha_gandak,Bagaha,Gandak,Pashchim Champaran,27.12944444,84.04833333,0.0
2024-05-05,bagaha_gandak,Bagaha,Gandak,Pashchim Champaran,27.12944444,84.04833333,0.0
2024-05-06,bagaha_gandak,Bagaha,Gandak,Pashchim Champaran,27.12944444,84.04833333,0.0
2024-05-07,bagaha_gandak,Bagaha,Gandak,Pashchim Champaran,27.12944444,84.04833333,0.0
2024-05-08,bagaha_gandak,Bagaha,Gandak,Pashchim Champaran,27.12944444,84.04833333,0.0
2024-05-09,bagaha_gandak,Bagaha,Gandak,Pashchim Champaran,27.12944444,84.04833333,0.0
2024-05-10,bagaha_gandak,Bagaha,Gandak,Pashchim Champaran,27.12944444,84.04833333,0.0
2024-05-11,bagaha_gandak,Bagaha,Gandak,Pashchim Champaran,27.12944444,84.04833333,0.0
2024-05-12,bagaha_gandak,Bagaha,Gandak,Pashchim Champaran,27.12944444,84.04833333,0.0
2024-05-13,bagaha_gandak,Bagaha,Gandak,Pashchim Champaran,27.12944444,84.04833333,0.0
2024-05-14,bagaha_gandak,Bagaha,Gandak,Pashchim Champaran,27.12944444,84.04833333,0.0
2024-05-15,bagaha_gandak,Bagaha,Gandak,Pashchim Champaran,27.12944444,84.04833333,0.0
2024-05-16,bagaha_gandak,Bagaha,Gandak,Pashchim Champaran,27.12944444,84.04833333,0.0
2024-05-17,bagaha_gandak,Bagaha,Gandak,Pashchim Champaran,27.12944444,84.04833333,0.0
2024-05-18,bagaha_gandak,Bagaha,Gandak,Pashchim Champaran,27.12944444,84.04833333,0.05451305955648422
2024-05-19,bagaha_gandak,Bagaha,Gandak,Pashchim Champaran,27.12944444,84.04833333,0.765644907951355
2024-05-20,bagaha_gandak,Bagaha,Gandak,Pashchim Champaran,27.12944444,84.04833333,1.221399188041687
2024-05-21,bagaha_gandak,Bagaha,Gandak,Pashchim Champaran,27.12944444,84.04833333,2.523463010787964
2024-05-22,bagaha_gandak,Bagaha,Gandak,Pashchim Champaran,27.12944444,84.04833333,1.643746018409729
2024-05-23,bagaha_gandak,Bagaha,Gandak,Pashchim Champaran,27.12944444,84.04833333,0.6363730430603027
2024-05-24,bagaha_gandak,Bagaha,Gandak,Pashchim Champaran,27.12944444,84.04833333,0.41673514246940613
2024-05-25,bagaha_gandak,Bagaha,Gandak,Pashchim Champaran,27.12944444,84.04833333,0.0029580658301711082
2024-05-26,bagaha_gandak,Bagaha,Gandak,Pashchim Champaran,27.12944444,84.04833333,5.308533668518066
2024-05-27,bagaha_gandak,Bagaha,Gandak,Pashchim Champaran,27.12944444,84.04833333,12.203020095825195
2024-05-28,bagaha_gandak,Bagaha,Gandak,Pashchim Champaran,27.12944444,84.04833333,0.7815467119216919
2024-05-29,bagaha_gandak,Bagaha,Gandak,Pashchim Champaran,27.12944444,84.04833333,0.23633620142936707
2024-05-30,bagaha_gandak,Bagaha,Gandak,Pashchim Champaran,27.12944444,84.04833333,10.651360511779785
2024-05-31,bagaha_gandak,Bagaha,Gandak,Pashchim Champaran,27.12944444,84.04833333,3.0539133548736572
2024-06-01,bagaha_gandak,Bagaha,Gandak,Pashchim Champaran,27.12944444,84.04833333,0.33641067147254944
2024-06-02,bagaha_gandak,Bagaha,Gandak,Pashchim Champaran,27.12944444,84.04833333,2.4714882373809814
2024-06-03,bagaha_gandak,Bagaha,Gandak,Pashchim Champaran,27.12944444,84.04833333,0.5678108930587769
2024-06-04,bagaha_gandak,Bagaha,Gandak,Pashchim Champaran,27.12944444,84.04833333,2.7290360927581787
2024-06-05,bagaha_gandak,Bagaha,Gandak,Pashchim Champaran,27.12944444,84.04833333,4.713802814483643
2024-06-06,bagaha_gandak,Bagaha,Gandak,Pashchim Champaran,27.12944444,84.04833333,6.528660774230957
2024-06-07,bagaha_gandak,Bagaha,Gandak,Pashchim Champaran,27.12944444,84.04833333,1.6647282838821411
2024-06-08,bagaha_gandak,Bagaha,Gandak,Pashchim Champaran,27.12944444,84.04833333,0.10575547814369202
2024-06-09,bagaha_gandak,Bagaha,Gandak,Pashchim Champaran,27.12944444,84.04833333,0.09684839844703674
2024-06-10,bagaha_gandak,Bagaha,Gandak,Pashchim Champaran,27.12944444,84.04833333,0.01044757105410099
2024-06-11,bagaha_gandak,Bagaha,Gandak,Pashchim Champaran,27.12944444,84.04833333,0.19730345904827118
2024-06-12,bagaha_gandak,Bagaha,Gandak,Pashchim Champaran,27.12944444,84.04833333,0.6885791420936584
2024-06-13,bagaha_gandak,Bagaha,Gandak,Pashchim Champaran,27.12944444,84.04833333,0.07753677666187286
2024-06-14,bagaha_gandak,Bagaha,Gandak,Pashchim Champaran,27.12944444,84.04833333,0.5770105719566345
2024-06-15,bagaha_gandak,Bagaha,Gandak,Pashchim Champaran,27.12944444,84.04833333,1.2066034078598022
2024-06-16,bagaha_gandak,Bagaha,Gandak,Pashchim Champaran,27.12944444,84.04833333,3.6522786617279053
2024-06-17,bagaha_gandak,Bagaha,Gandak,Pashchim Champaran,27.12944444,84.04833333,3.969869613647461
2024-06-18,bagaha_gandak,Bagaha,Gandak,Pashchim Champaran,27.12944444,84.04833333,0.884100079536438
2024-06-19,bagaha_gandak,Bagaha,Gandak,Pashchim Champaran,27.12944444,84.04833333,14.400660514831543
2024-06-20,bagaha_gandak,Bagaha,Gandak,Pashchim Champaran,27.12944444,84.04833333,2.134826183319092
2024-06-21,bagaha_gandak,Bagaha,Gandak,Pashchim Champaran,27.12944444,84.04833333,0.795255184173584
2024-06-22,bagaha_gandak,Bagaha,Gandak,Pashchim Champaran,27.12944444,84.04833333,1.187570571899414
2024-06-23,bagaha_gandak,Bagaha,Gandak,Pashchim Champaran,27.12944444,84.04833333,2.038386344909668
2024-06-24,bagaha_gandak,Bagaha,Gandak,Pashchim Champaran,27.12944444,84.04833333,1.6288455724716187
2024-06-25,bagaha_gandak,Bagaha,Gandak,Pashchim Champaran,27.12944444,84.04833333,3.7653920650482178
2024-06-26,bagaha_gandak,Bagaha,Gandak,Pashchim Champaran,27.12944444,84.04833333,12.37475299835205
2024-06-27,bagaha_gandak,Bagaha,Gandak,Pashchim Champaran,27.12944444,84.04833333,7.067350387573242
2024-06-28,bagaha_gandak,Bagaha,Gandak,Pashchim Champaran,27.12944444,84.04833333,10.713908195495605
2024-06-29,bagaha_gandak,Bagaha,Gandak,Pashchim Champaran,27.12944444,84.04833333,24.637346267700195
2024-06-30,bagaha_gandak,Bagaha,Gandak,Pashchim Champaran,27.12944444,84.04833333,10.862682342529297
2024-07-01,bagaha_gandak,Bagaha,Gandak,Pashchim Champaran,27.12944444,84.04833333,25.010953903198242
2024-07-02,bagaha_gandak,Bagaha,Gandak,Pashchim Champaran,27.12944444,84.04833333,18.004932403564453
2024-07-03,bagaha_gandak,Bagaha,Gandak,Pashchim Champaran,27.12944444,84.04833333,50.23988723754883
2024-07-04,bagaha_gandak,Bagaha,Gandak,Pashchim Champaran,27.12944444,84.04833333,17.262113571166992
2024-07-05,bagaha_gandak,Bagaha,Gandak,Pashchim Champaran,27.12944444,84.04833333,40.66350173950195
2024-07-06,bagaha_gandak,Bagaha,Gandak,Pashchim Champaran,27.12944444,84.04833333,39.21068572998047
2024-07-07,bagaha_gandak,Bagaha,Gandak,Pashchim Champaran,27.12944444,84.04833333,23.567031860351562
2024-07-08,bagaha_gandak,Bagaha,Gandak,Pashchim Champaran,27.12944444,84.04833333,3.433711528778076
2024-07-09,bagaha_gandak,Bagaha,Gandak,Pashchim Champaran,27.12944444,84.04833333,6.113443374633789
2024-07-10,bagaha_gandak,Bagaha,Gandak,Pashchim Champaran,27.12944444,84.04833333,11.181931495666504
2024-07-11,bagaha_gandak,Bagaha,Gandak,Pashchim Champaran,27.12944444,84.04833333,46.230220794677734
2024-07-12,bagaha_gandak,Bagaha,Gandak,Pashchim Champaran,27.12944444,84.04833333,23.148439407348633
2024-07-13,bagaha_gandak,Bagaha,Gandak,Pashchim Champaran,27.12944444,84.04833333,5.66750431060791
2024-07-14,bagaha_gandak,Bagaha,Gandak,Pashchim Champaran,27.12944444,84.04833333,14.943511009216309
2024-07-15,bagaha_gandak,Bagaha,Gandak,Pashchim Champaran,27.12944444,84.04833333,5.336338520050049
2024-07-16,bagaha_gandak,Bagaha,Gandak,Pashchim Champaran,27.12944444,84.04833333,8.017704963684082
2024-07-17,bagaha_gandak,Bagaha,Gandak,Pashchim Champaran,27.12944444,84.04833333,10.838582038879395
2024-07-18,bagaha_gandak,Bagaha,Gandak,Pashchim Champaran,27.12944444,84.04833333,16.30824089050293
2024-07-19,bagaha_gandak,Bagaha,Gandak,Pashchim Champaran,27.12944444,84.04833333,20.26008415222168
2024-07-20,bagaha_gandak,Bagaha,Gandak,Pashchim Champaran,27.12944444,84.04833333,2.7682297229766846
2024-07-21,bagaha_gandak,Bagaha,Gandak,Pashchim Champaran,27.12944444,84.04833333,0.9089921116828918
2024-07-22,bagaha_gandak,Bagaha,Gandak,Pashchim Champaran,27.12944444,84.04833333,2.922621011734009
2024-07-23,bagaha_gandak,Bagaha,Gandak,Pashchim Champaran,27.12944444,84.04833333,1.9222055673599243
2024-07-24,bagaha_gandak,Bagaha,Gandak,Pashchim Champaran,27.12944444,84.04833333,1.1930123567581177
2024-07-25,bagaha_gandak,Bagaha,Gandak,Pashchim Champaran,27.12944444,84.04833333,0.7427760362625122
2024-07-26,bagaha_gandak,Bagaha,Gandak,Pashchim Champaran,27.12944444,84.04833333,2.5117263793945312
2024-07-27,bagaha_gandak,Bagaha,Gandak,Pashchim Champaran,27.12944444,84.04833333,1.5336790084838867
2024-07-28,bagaha_gandak,Bagaha,Gandak,Pashchim Champaran,27.12944444,84.04833333,4.264368057250977
2024-07-29,bagaha_gandak,Bagaha,Gandak,Pashchim Champaran,27.12944444,84.04833333,10.278130531311035
2024-07-30,bagaha_gandak,Bagaha,Gandak,Pashchim Champaran,27.12944444,84.04833333,30.251781463623047
2024-07-31,bagaha_gandak,Bagaha,Gandak,Pashchim Champaran,27.12944444,84.04833333,12.714258193969727
2024-08-01,bagaha_gandak,Bagaha,Gandak,Pashchim Champaran,27.12944444,84.04833333,2.3085081577301025
2024-08-02,bagaha_gandak,Bagaha,Gandak,Pashchim Champaran,27.12944444,84.04833333,1.1589940786361694
2024-08-03,bagaha_gandak,Bagaha,Gandak,Pashchim Champaran,27.12944444,84.04833333,2.9062180519104004
2024-08-04,bagaha_gandak,Bagaha,Gandak,Pashchim Champaran,27.12944444,84.04833333,2.593733310699463
2024-08-05,bagaha_gandak,Bagaha,Gandak,Pashchim Champaran,27.12944444,84.04833333,4.843193531036377
2024-08-06,bagaha_gandak,Bagaha,Gandak,Pashchim Champaran,27.12944444,84.04833333,5.190323829650879
2024-08-07,bagaha_gandak,Bagaha,Gandak,Pashchim Champaran,27.12944444,84.04833333,8.297019004821777
2024-08-08,bagaha_gandak,Bagaha,Gandak,Pashchim Champaran,27.12944444,84.04833333,5.133780002593994
2024-08-09,bagaha_gandak,Bagaha,Gandak,Pashchim Champaran,27.12944444,84.04833333,4.947969436645508
2024-08-10,bagaha_gandak,Bagaha,Gandak,Pashchim Champaran,27.12944444,84.04833333,8.246764183044434
2024-08-11,bagaha_gandak,Bagaha,Gandak,Pashchim Champaran,27.12944444,84.04833333,13.523974418640137
2024-08-12,bagaha_gandak,Bagaha,Gandak,Pashchim Champaran,27.12944444,84.04833333,12.376142501831055
2024-08-13,bagaha_gandak,Bagaha,Gandak,Pashchim Champaran,27.12944444,84.04833333,14.234867095947266
2024-08-14,bagaha_gandak,Bagaha,Gandak,Pashchim Champaran,27.12944444,84.04833333,8.738397598266602
2024-08-15,bagaha_gandak,Bagaha,Gandak,Pashchim Champaran,27.12944444,84.04833333,5.12838077545166
2024-08-16,bagaha_gandak,Bagaha,Gandak,Pashchim Champaran,27.12944444,84.04833333,1.5098576545715332
2024-08-17,bagaha_gandak,Bagaha,Gandak,Pashchim Champaran,27.12944444,84.04833333,12.864714622497559
2024-08-18,bagaha_gandak,Bagaha,Gandak,Pashchim Champaran,27.12944444,84.04833333,4.017434120178223
2024-08-19,bagaha_gandak,Bagaha,Gandak,Pashchim Champaran,27.12944444,84.04833333,10.640591621398926
2024-08-20,bagaha_gandak,Bagaha,Gandak,Pashchim Champaran,27.12944444,84.04833333,14.446258544921875
2024-08-21,bagaha_gandak,Bagaha,Gandak,Pashchim Champaran,27.12944444,84.04833333,2.6199121475219727
2024-08-22,bagaha_gandak,Bagaha,Gandak,Pashchim Champaran,27.12944444,84.04833333,5.2104973793029785
2024-08-23,bagaha_gandak,Bagaha,Gandak,Pashchim Champaran,27.12944444,84.04833333,3.2716407775878906
2024-08-24,bagaha_gandak,Bagaha,Gandak,Pashchim Champaran,27.12944444,84.04833333,0.2337854653596878
2024-08-25,bagaha_gandak,Bagaha,Gandak,Pashchim Champaran,27.12944444,84.04833333,0.22491878271102905
2024-08-26,bagaha_gandak,Bagaha,Gandak,Pashchim Champaran,27.12944444,84.04833333,2.7888729572296143
2024-08-27,bagaha_gandak,Bagaha,Gandak,Pashchim Champaran,27.12944444,84.04833333,1.361129879951477
2024-08-28,bagaha_gandak,Bagaha,Gandak,Pashchim Champaran,27.12944444,84.04833333,7.044153213500977
2024-08-29,bagaha_gandak,Bagaha,Gandak,Pashchim Champaran,27.12944444,84.04833333,2.769253730773926
2024-08-30,bagaha_gandak,Bagaha,Gandak,Pashchim Champaran,27.12944444,84.04833333,0.2567540109157562
2024-08-31,bagaha_gandak,Bagaha,Gandak,Pashchim Champaran,27.12944444,84.04833333,8.866414070129395
2024-09-01,bagaha_gandak,Bagaha,Gandak,Pashchim Champaran,27.12944444,84.04833333,20.125093460083008
2024-09-02,bagaha_gandak,Bagaha,Gandak,Pashchim Champaran,27.12944444,84.04833333,2.1162452697753906
2024-09-03,bagaha_gandak,Bagaha,Gandak,Pashchim Champaran,27.12944444,84.04833333,30.18708610534668
2024-09-04,bagaha_gandak,Bagaha,Gandak,Pashchim Champaran,27.12944444,84.04833333,15.75506591796875
2024-09-05,bagaha_gandak,Bagaha,Gandak,Pashchim Champaran,27.12944444,84.04833333,20.939868927001953
2024-09-06,bagaha_gandak,Bagaha,Gandak,Pashchim Champaran,27.12944444,84.04833333,0.7424684166908264
2024-09-07,bagaha_gandak,Bagaha,Gandak,Pashchim Champaran,27.12944444,84.04833333,0.17524538934230804
2024-09-08,bagaha_gandak,Bagaha,Gandak,Pashchim Champaran,27.12944444,84.04833333,0.021041538566350937
2024-09-09,bagaha_gandak,Bagaha,Gandak,Pashchim Champaran,27.12944444,84.04833333,0.36898595094680786
2024-09-10,bagaha_gandak,Bagaha,Gandak,Pashchim Champaran,27.12944444,84.04833333,0.6058357357978821
2024-09-11,bagaha_gandak,Bagaha,Gandak,Pashchim Champaran,27.12944444,84.04833333,9.28414249420166
2024-09-12,bagaha_gandak,Bagaha,Gandak,Pashchim Champaran,27.12944444,84.04833333,8.257410049438477
2024-09-13,bagaha_gandak,Bagaha,Gandak,Pashchim Champaran,27.12944444,84.04833333,2.384079933166504
2024-09-14,bagaha_gandak,Bagaha,Gandak,Pashchim Champaran,27.12944444,84.04833333,1.1957303285598755
2024-09-15,bagaha_gandak,Bagaha,Gandak,Pashchim Champaran,27.12944444,84.04833333,2.2000784873962402
2024-09-16,bagaha_gandak,Bagaha,Gandak,Pashchim Champaran,27.12944444,84.04833333,5.073810577392578
2024-09-17,bagaha_gandak,Bagaha,Gandak,Pashchim Champaran,27.12944444,84.04833333,8.233196258544922
2024-09-18,bagaha_gandak,Bagaha,Gandak,Pashchim Champaran,27.12944444,84.04833333,0.022323934361338615
2024-09-19,bagaha_gandak,Bagaha,Gandak,Pashchim Champaran,27.12944444,84.04833333,0.03747366741299629
2024-09-20,bagaha_gandak,Bagaha,Gandak,Pashchim Champaran,27.12944444,84.04833333,1.8219749927520752
2024-09-21,bagaha_gandak,Bagaha,Gandak,Pashchim Champaran,27.12944444,84.04833333,0.39528584480285645
2024-09-22,bagaha_gandak,Bagaha,Gandak,Pashchim Champaran,27.12944444,84.04833333,0.0
2024-09-23,bagaha_gandak,Bagaha,Gandak,Pashchim Champaran,27.12944444,84.04833333,0.0
2024-09-24,bagaha_gandak,Bagaha,Gandak,Pashchim Champaran,27.12944444,84.04833333,7.301596641540527
2024-09-25,bagaha_gandak,Bagaha,Gandak,Pashchim Champaran,27.12944444,84.04833333,2.5679357051849365
2024-09-26,bagaha_gandak,Bagaha,Gandak,Pashchim Champaran,27.12944444,84.04833333,46.533203125
2024-09-27,bagaha_gandak,Bagaha,Gandak,Pashchim Champaran,27.12944444,84.04833333,100.53174591064453
2024-09-28,bagaha_gandak,Bagaha,Gandak,Pashchim Champaran,27.12944444,84.04833333,72.37042236328125
2024-09-29,bagaha_gandak,Bagaha,Gandak,Pashchim Champaran,27.12944444,84.04833333,0.40688803791999817
2024-09-30,bagaha_gandak,Bagaha,Gandak,Pashchim Champaran,27.12944444,84.04833333,0.2203703671693802
2024-10-01,bagaha_gandak,Bagaha,Gandak,Pashchim Champaran,27.12944444,84.04833333,0.15055589377880096
2024-10-02,bagaha_gandak,Bagaha,Gandak,Pashchim Champaran,27.12944444,84.04833333,0.2296050488948822
2024-10-03,bagaha_gandak,Bagaha,Gandak,Pashchim Champaran,27.12944444,84.04833333,0.7061869502067566
2024-10-04,bagaha_gandak,Bagaha,Gandak,Pashchim Champaran,27.12944444,84.04833333,1.0601797103881836
2024-10-05,bagaha_gandak,Bagaha,Gandak,Pashchim Champaran,27.12944444,84.04833333,0.6408020853996277
2024-10-06,bagaha_gandak,Bagaha,Gandak,Pashchim Champaran,27.12944444,84.04833333,1.578991413116455
2024-10-07,bagaha_gandak,Bagaha,Gandak,Pashchim Champaran,27.12944444,84.04833333,1.6000090837478638
2024-10-08,bagaha_gandak,Bagaha,Gandak,Pashchim Champaran,27.12944444,84.04833333,0.9985224008560181
2024-10-09,bagaha_gandak,Bagaha,Gandak,Pashchim Champaran,27.12944444,84.04833333,1.3626827001571655
2024-10-10,bagaha_gandak,Bagaha,Gandak,Pashchim Champaran,27.12944444,84.04833333,0.31397557258605957
2024-10-11,bagaha_gandak,Bagaha,Gandak,Pashchim Champaran,27.12944444,84.04833333,1.3986811637878418
2024-10-12,bagaha_gandak,Bagaha,Gandak,Pashchim Champaran,27.12944444,84.04833333,0.042397428303956985
2024-10-13,bagaha_gandak,Bagaha,Gandak,Pashchim Champaran,27.12944444,84.04833333,0.1869470477104187
2024-10-14,bagaha_gandak,Bagaha,Gandak,Pashchim Champaran,27.12944444,84.04833333,1.3639975786209106
2024-10-15,bagaha_gandak,Bagaha,Gandak,Pashchim Champaran,27.12944444,84.04833333,0.0889040157198906
2024-10-16,bagaha_gandak,Bagaha,Gandak,Pashchim Champaran,27.12944444,84.04833333,0.0006340019754134119
2024-10-17,bagaha_gandak,Bagaha,Gandak,Pashchim Champaran,27.12944444,84.04833333,0.4844236969947815
2024-10-18,bagaha_gandak,Bagaha,Gandak,Pashchim Champaran,27.12944444,84.04833333,1.1288225650787354
2024-10-19,bagaha_gandak,Bagaha,Gandak,Pashchim Champaran,27.12944444,84.04833333,2.1830081939697266
2024-10-20,bagaha_gandak,Bagaha,Gandak,Pashchim Champaran,27.12944444,84.04833333,3.3535208702087402
2024-10-21,bagaha_gandak,Bagaha,Gandak,Pashchim Champaran,27.12944444,84.04833333,2.1709342002868652
2024-10-22,bagaha_gandak,Bagaha,Gandak,Pashchim Champaran,27.12944444,84.04833333,0.0
2024-10-23,bagaha_gandak,Bagaha,Gandak,Pashchim Champaran,27.12944444,84.04833333,0.0
2024-10-24,bagaha_gandak,Bagaha,Gandak,Pashchim Champaran,27.12944444,84.04833333,0.36539334058761597
2024-10-25,bagaha_gandak,Bagaha,Gandak,Pashchim Champaran,27.12944444,84.04833333,0.6396360993385315
2024-10-26,bagaha_gandak,Bagaha,Gandak,Pashchim Champaran,27.12944444,84.04833333,0.017412979155778885
2024-10-27,bagaha_gandak,Bagaha,Gandak,Pashchim Champaran,27.12944444,84.04833333,0.0
2024-10-28,bagaha_gandak,Bagaha,Gandak,Pashchim Champaran,27.12944444,84.04833333,0.0
2024-10-29,bagaha_gandak,Bagaha,Gandak,Pashchim Champaran,27.12944444,84.04833333,0.16235317289829254
2024-10-30,bagaha_gandak,Bagaha,Gandak,Pashchim Champaran,27.12944444,84.04833333,1.4890689849853516
2024-10-31,bagaha_gandak,Bagaha,Gandak,Pashchim Champaran,27.12944444,84.04833333,4.871914386749268
2024-11-01,bagaha_gandak,Bagaha,Gandak,Pashchim Champaran,27.12944444,84.04833333,0.19868531823158264
2024-11-02,bagaha_gandak,Bagaha,Gandak,Pashchim Champaran,27.12944444,84.04833333,0.023507986217737198
2024-11-03,bagaha_gandak,Bagaha,Gandak,Pashchim Champaran,27.12944444,84.04833333,0.013697975315153599
2024-11-04,bagaha_gandak,Bagaha,Gandak,Pashchim Champaran,27.12944444,84.04833333,1.9320036172866821
2024-11-05,bagaha_gandak,Bagaha,Gandak,Pashchim Champaran,27.12944444,84.04833333,0.0
2024-11-06,bagaha_gandak,Bagaha,Gandak,Pashchim Champaran,27.12944444,84.04833333,0.0
2024-11-07,bagaha_gandak,Bagaha,Gandak,Pashchim Champaran,27.12944444,84.04833333,0.0
2024-11-08,bagaha_gandak,Bagaha,Gandak,Pashchim Champaran,27.12944444,84.04833333,0.15117496252059937
2024-11-09,bagaha_gandak,Bagaha,Gandak,Pashchim Champaran,27.12944444,84.04833333,0.3641440272331238
2024-11-10,bagaha_gandak,Bagaha,Gandak,Pashchim Champaran,27.12944444,84.04833333,0.08545009791851044
2024-11-11,bagaha_gandak,Bagaha,Gandak,Pashchim Champaran,27.12944444,84.04833333,0.04314842075109482
2024-11-12,bagaha_gandak,Bagaha,Gandak,Pashchim Champaran,27.12944444,84.04833333,0.23865018784999847
2024-11-13,bagaha_gandak,Bagaha,Gandak,Pashchim Champaran,27.12944444,84.04833333,0.038155727088451385
2024-11-14,bagaha_gandak,Bagaha,Gandak,Pashchim Champaran,27.12944444,84.04833333,0.0
2024-11-15,bagaha_gandak,Bagaha,Gandak,Pashchim Champaran,27.12944444,84.04833333,0.0010148138971999288
2024-11-16,bagaha_gandak,Bagaha,Gandak,Pashchim Champaran,27.12944444,84.04833333,0.0
2024-11-17,bagaha_gandak,Bagaha,Gandak,Pashchim Champaran,27.12944444,84.04833333,0.0
2024-11-18,bagaha_gandak,Bagaha,Gandak,Pashchim Champaran,27.12944444,84.04833333,0.0
2024-11-19,bagaha_gandak,Bagaha,Gandak,Pashchim Champaran,27.12944444,84.04833333,0.0
2024-11-20,bagaha_gandak,Bagaha,Gandak,Pashchim Champaran,27.12944444,84.04833333,0.0
2024-11-21,bagaha_gandak,Bagaha,Gandak,Pashchim Champaran,27.12944444,84.04833333,0.0
2024-11-22,bagaha_gandak,Bagaha,Gandak,Pashchim Champaran,27.12944444,84.04833333,0.0
2024-11-23,bagaha_gandak,Bagaha,Gandak,Pashchim Champaran,27.12944444,84.04833333,0.0
2024-11-24,bagaha_gandak,Bagaha,Gandak,Pashchim Champaran,27.12944444,84.04833333,0.0
2024-11-25,bagaha_gandak,Bagaha,Gandak,Pashchim Champaran,27.12944444,84.04833333,0.0
2024-11-26,bagaha_gandak,Bagaha,Gandak,Pashchim Champaran,27.12944444,84.04833333,0.0234517864882946
2024-11-27,bagaha_gandak,Bagaha,Gandak,Pashchim Champaran,27.12944444,84.04833333,0.00901418924331665
2024-11-28,bagaha_gandak,Bagaha,Gandak,Pashchim Champaran,27.12944444,84.04833333,0.008641873486340046
2024-11-29,bagaha_gandak,Bagaha,Gandak,Pashchim Champaran,27.12944444,84.04833333,0.006490712985396385
2024-11-30,bagaha_gandak,Bagaha,Gandak,Pashchim Champaran,27.12944444,84.04833333,0.006490712985396385
2024-12-01,bagaha_gandak,Bagaha,Gandak,Pashchim Champaran,27.12944444,84.04833333,0.0
2024-12-02,bagaha_gandak,Bagaha,Gandak,Pashchim Champaran,27.12944444,84.04833333,0.0
2024-12-03,bagaha_gandak,Bagaha,Gandak,Pashchim Champaran,27.12944444,84.04833333,0.0
2024-12-04,bagaha_gandak,Bagaha,Gandak,Pashchim Champaran,27.12944444,84.04833333,0.0
2024-12-05,bagaha_gandak,Bagaha,Gandak,Pashchim Champaran,27.12944444,84.04833333,0.0
2024-12-06,bagaha_gandak,Bagaha,Gandak,Pashchim Champaran,27.12944444,84.04833333,0.0
2024-12-07,bagaha_gandak,Bagaha,Gandak,Pashchim Champaran,27.12944444,84.04833333,0.0
2024-12-08,bagaha_gandak,Bagaha,Gandak,Pashchim Champaran,27.12944444,84.04833333,0.0
2024-12-09,bagaha_gandak,Bagaha,Gandak,Pashchim Champaran,27.12944444,84.04833333,0.0
2024-12-10,bagaha_gandak,Bagaha,Gandak,Pashchim Champaran,27.12944444,84.04833333,0.0
2024-12-11,bagaha_gandak,Bagaha,Gandak,Pashchim Champaran,27.12944444,84.04833333,0.05428064614534378
2024-12-12,bagaha_gandak,Bagaha,Gandak,Pashchim Champaran,27.12944444,84.04833333,0.05428064614534378
2024-12-13,bagaha_gandak,Bagaha,Gandak,Pashchim Champaran,27.12944444,84.04833333,0.05428064614534378
2024-12-14,bagaha_gandak,Bagaha,Gandak,Pashchim Champaran,27.12944444,84.04833333,0.05428064614534378
2024-12-15,bagaha_gandak,Bagaha,Gandak,Pashchim Champaran,27.12944444,84.04833333,0.05428064614534378
2024-12-16,bagaha_gandak,Bagaha,Gandak,Pashchim Champaran,27.12944444,84.04833333,0.07620607316493988
2024-12-17,bagaha_gandak,Bagaha,Gandak,Pashchim Champaran,27.12944444,84.04833333,0.07620607316493988
2024-12-18,bagaha_gandak,Bagaha,Gandak,Pashchim Champaran,27.12944444,84.04833333,0.07620607316493988
2024-12-19,bagaha_gandak,Bagaha,Gandak,Pashchim Champaran,27.12944444,84.04833333,0.07620607316493988
2024-12-20,bagaha_gandak,Bagaha,Gandak,Pashchim Champaran,27.12944444,84.04833333,0.07620607316493988
2024-12-21,bagaha_gandak,Bagaha,Gandak,Pashchim Champaran,27.12944444,84.04833333,0.0
2024-12-22,bagaha_gandak,Bagaha,Gandak,Pashchim Champaran,27.12944444,84.04833333,0.0
2024-12-23,bagaha_gandak,Bagaha,Gandak,Pashchim Champaran,27.12944444,84.04833333,0.0
2024-12-24,bagaha_gandak,Bagaha,Gandak,Pashchim Champaran,27.12944444,84.04833333,0.3910769820213318
2024-12-25,bagaha_gandak,Bagaha,Gandak,Pashchim Champaran,27.12944444,84.04833333,0.18106332421302795
2024-12-26,bagaha_gandak,Bagaha,Gandak,Pashchim Champaran,27.12944444,84.04833333,0.0
2024-12-27,bagaha_gandak,Bagaha,Gandak,Pashchim Champaran,27.12944444,84.04833333,0.0
2024-12-28,bagaha_gandak,Bagaha,Gandak,Pashchim Champaran,27.12944444,84.04833333,1.0694607496261597
2024-12-29,bagaha_gandak,Bagaha,Gandak,Pashchim Champaran,27.12944444,84.04833333,0.0
2024-12-30,bagaha_gandak,Bagaha,Gandak,Pashchim Champaran,27.12944444,84.04833333,0.024927347898483276
2024-12-31,bagaha_gandak,Bagaha,Gandak,Pashchim Champaran,27.12944444,84.04833333,0.007435850333422422
2024-01-01,chanpatia_burhigandak,Chanpatia,Burhi Gandak,Pashchim Champaran,26.96027778,84.53555556,0.8069686889648438
2024-01-02,chanpatia_burhigandak,Chanpatia,Burhi Gandak,Pashchim Champaran,26.96027778,84.53555556,0.6758362054824829
2024-01-03,chanpatia_burhigandak,Chanpatia,Burhi Gandak,Pashchim Champaran,26.96027778,84.53555556,0.0
2024-01-04,chanpatia_burhigandak,Chanpatia,Burhi Gandak,Pashchim Champaran,26.96027778,84.53555556,0.0
2024-01-05,chanpatia_burhigandak,Chanpatia,Burhi Gandak,Pashchim Champaran,26.96027778,84.53555556,0.2824390232563019
2024-01-06,chanpatia_burhigandak,Chanpatia,Burhi Gandak,Pashchim Champaran,26.96027778,84.53555556,1.4161529541015625
2024-01-07,chanpatia_burhigandak,Chanpatia,Burhi Gandak,Pashchim Champaran,26.96027778,84.53555556,0.04388655349612236
2024-01-08,chanpatia_burhigandak,Chanpatia,Burhi Gandak,Pashchim Champaran,26.96027778,84.53555556,0.0024243155494332314
2024-01-09,chanpatia_burhigandak,Chanpatia,Burhi Gandak,Pashchim Champaran,26.96027778,84.53555556,0.0
2024-01-10,chanpatia_burhigandak,Chanpatia,Burhi Gandak,Pashchim Champaran,26.96027778,84.53555556,0.0
2024-01-11,chanpatia_burhigandak,Chanpatia,Burhi Gandak,Pashchim Champaran,26.96027778,84.53555556,0.0346844345331192
2024-01-12,chanpatia_burhigandak,Chanpatia,Burhi Gandak,Pashchim Champaran,26.96027778,84.53555556,0.023122956976294518
2024-01-13,chanpatia_burhigandak,Chanpatia,Burhi Gandak,Pashchim Champaran,26.96027778,84.53555556,0.0043875714763998985
2024-01-14,chanpatia_burhigandak,Chanpatia,Burhi Gandak,Pashchim Champaran,26.96027778,84.53555556,0.33724141120910645
2024-01-15,chanpatia_burhigandak,Chanpatia,Burhi Gandak,Pashchim Champaran,26.96027778,84.53555556,0.06784001737833023
2024-01-16,chanpatia_burhigandak,Chanpatia,Burhi Gandak,Pashchim Champaran,26.96027778,84.53555556,0.034133948385715485
2024-01-17,chanpatia_burhigandak,Chanpatia,Burhi Gandak,Pashchim Champaran,26.96027778,84.53555556,0.35448387265205383
2024-01-18,chanpatia_burhigandak,Chanpatia,Burhi Gandak,Pashchim Champaran,26.96027778,84.53555556,0.0096035310998559
2024-01-19,chanpatia_burhigandak,Chanpatia,Burhi Gandak,Pashchim Champaran,26.96027778,84.53555556,0.004876801744103432
2024-01-20,chanpatia_burhigandak,Chanpatia,Burhi Gandak,Pashchim Champaran,26.96027778,84.53555556,0.0
2024-01-21,chanpatia_burhigandak,Chanpatia,Burhi Gandak,Pashchim Champaran,26.96027778,84.53555556,0.016095837578177452
2024-01-22,chanpatia_burhigandak,Chanpatia,Burhi Gandak,Pashchim Champaran,26.96027778,84.53555556,0.028972500935196877
2024-01-23,chanpatia_burhigandak,Chanpatia,Burhi Gandak,Pashchim Champaran,26.96027778,84.53555556,0.0010045627132058144
2024-01-24,chanpatia_burhigandak,Chanpatia,Burhi Gandak,Pashchim Champaran,26.96027778,84.53555556,0.3339029550552368
2024-01-25,chanpatia_burhigandak,Chanpatia,Burhi Gandak,Pashchim Champaran,26.96027778,84.53555556,0.1072370857000351
2024-01-26,chanpatia_burhigandak,Chanpatia,Burhi Gandak,Pashchim Champaran,26.96027778,84.53555556,0.0
2024-01-27,chanpatia_burhigandak,Chanpatia,Burhi Gandak,Pashchim Champaran,26.96027778,84.53555556,0.0
2024-01-28,chanpatia_burhigandak,Chanpatia,Burhi Gandak,Pashchim Champaran,26.96027778,84.53555556,0.0
2024-01-29,chanpatia_burhigandak,Chanpatia,Burhi Gandak,Pashchim Champaran,26.96027778,84.53555556,0.0
2024-01-30,chanpatia_burhigandak,Chanpatia,Burhi Gandak,Pashchim Champaran,26.96027778,84.53555556,0.0
2024-01-31,chanpatia_burhigandak,Chanpatia,Burhi Gandak,Pashchim Champaran,26.96027778,84.53555556,0.0
2024-02-01,chanpatia_burhigandak,Chanpatia,Burhi Gandak,Pashchim Champaran,26.96027778,84.53555556,0.0
2024-02-02,chanpatia_burhigandak,Chanpatia,Burhi Gandak,Pashchim Champaran,26.96027778,84.53555556,0.0
2024-02-03,chanpatia_burhigandak,Chanpatia,Burhi Gandak,Pashchim Champaran,26.96027778,84.53555556,0.0
2024-02-04,chanpatia_burhigandak,Chanpatia,Burhi Gandak,Pashchim Champaran,26.96027778,84.53555556,0.0
2024-02-05,chanpatia_burhigandak,Chanpatia,Burhi Gandak,Pashchim Champaran,26.96027778,84.53555556,0.0
2024-02-06,chanpatia_burhigandak,Chanpatia,Burhi Gandak,Pashchim Champaran,26.96027778,84.53555556,0.0
2024-02-07,chanpatia_burhigandak,Chanpatia,Burhi Gandak,Pashchim Champaran,26.96027778,84.53555556,0.0
2024-02-08,chanpatia_burhigandak,Chanpatia,Burhi Gandak,Pashchim Champaran,26.96027778,84.53555556,0.0
2024-02-09,chanpatia_burhigandak,Chanpatia,Burhi Gandak,Pashchim Champaran,26.96027778,84.53555556,0.0
2024-02-10,chanpatia_burhigandak,Chanpatia,Burhi Gandak,Pashchim Champaran,26.96027778,84.53555556,0.0
2024-02-11,chanpatia_burhigandak,Chanpatia,Burhi Gandak,Pashchim Champaran,26.96027778,84.53555556,0.0
2024-02-12,chanpatia_burhigandak,Chanpatia,Burhi Gandak,Pashchim Champaran,26.96027778,84.53555556,0.0
2024-02-13,chanpatia_burhigandak,Chanpatia,Burhi Gandak,Pashchim Champaran,26.96027778,84.53555556,0.0
2024-02-14,chanpatia_burhigandak,Chanpatia,Burhi Gandak,Pashchim Champaran,26.96027778,84.53555556,0.0
2024-02-15,chanpatia_burhigandak,Chanpatia,Burhi Gandak,Pashchim Champaran,26.96027778,84.53555556,0.0
2024-02-16,chanpatia_burhigandak,Chanpatia,Burhi Gandak,Pashchim Champaran,26.96027778,84.53555556,0.0
2024-02-17,chanpatia_burhigandak,Chanpatia,Burhi Gandak,Pashchim Champaran,26.96027778,84.53555556,0.0
2024-02-18,chanpatia_burhigandak,Chanpatia,Burhi Gandak,Pashchim Champaran,26.96027778,84.53555556,0.0
2024-02-19,chanpatia_burhigandak,Chanpatia,Burhi Gandak,Pashchim Champaran,26.96027778,84.53555556,0.0
2024-02-20,chanpatia_burhigandak,Chanpatia,Burhi Gandak,Pashchim Champaran,26.96027778,84.53555556,0.0
2024-02-21,chanpatia_burhigandak,Chanpatia,Burhi Gandak,Pashchim Champaran,26.96027778,84.53555556,0.0
2024-02-22,chanpatia_burhigandak,Chanpatia,Burhi Gandak,Pashchim Champaran,26.96027778,84.53555556,0.0
2024-02-23,chanpatia_burhigandak,Chanpatia,Burhi Gandak,Pashchim Champaran,26.96027778,84.53555556,0.0
2024-02-24,chanpatia_burhigandak,Chanpatia,Burhi Gandak,Pashchim Champaran,26.96027778,84.53555556,0.0
2024-02-25,chanpatia_burhigandak,Chanpatia,Burhi Gandak,Pashchim Champaran,26.96027778,84.53555556,0.0
2024-02-26,chanpatia_burhigandak,Chanpatia,Burhi Gandak,Pashchim Champaran,26.96027778,84.53555556,0.0
2024-02-27,chanpatia_burhigandak,Chanpatia,Burhi Gandak,Pashchim Champaran,26.96027778,84.53555556,0.0
2024-02-28,chanpatia_burhigandak,Chanpatia,Burhi Gandak,Pashchim Champaran,26.96027778,84.53555556,0.0
2024-02-29,chanpatia_burhigandak,Chanpatia,Burhi Gandak,Pashchim Champaran,26.96027778,84.53555556,0.0
2024-03-01,chanpatia_burhigandak,Chanpatia,Burhi Gandak,Pashchim Champaran,26.96027778,84.53555556,0.0
2024-03-02,chanpatia_burhigandak,Chanpatia,Burhi Gandak,Pashchim Champaran,26.96027778,84.53555556,0.0
2024-03-03,chanpatia_burhigandak,Chanpatia,Burhi Gandak,Pashchim Champaran,26.96027778,84.53555556,0.0
2024-03-04,chanpatia_burhigandak,Chanpatia,Burhi Gandak,Pashchim Champaran,26.96027778,84.53555556,0.0
2024-03-05,chanpatia_burhigandak,Chanpatia,Burhi Gandak,Pashchim Champaran,26.96027778,84.53555556,0.0
2024-03-06,chanpatia_burhigandak,Chanpatia,Burhi Gandak,Pashchim Champaran,26.96027778,84.53555556,0.0
2024-03-07,chanpatia_burhigandak,Chanpatia,Burhi Gandak,Pashchim Champaran,26.96027778,84.53555556,0.0
2024-03-08,chanpatia_burhigandak,Chanpatia,Burhi Gandak,Pashchim Champaran,26.96027778,84.53555556,0.0
2024-03-09,chanpatia_burhigandak,Chanpatia,Burhi Gandak,Pashchim Champaran,26.96027778,84.53555556,0.0
2024-03-10,chanpatia_burhigandak,Chanpatia,Burhi Gandak,Pashchim Champaran,26.96027778,84.53555556,0.0
2024-03-11,chanpatia_burhigandak,Chanpatia,Burhi Gandak,Pashchim Champaran,26.96027778,84.53555556,0.0
2024-03-12,chanpatia_burhigandak,Chanpatia,Burhi Gandak,Pashchim Champaran,26.96027778,84.53555556,0.0
2024-03-13,chanpatia_burhigandak,Chanpatia,Burhi Gandak,Pashchim Champaran,26.96027778,84.53555556,0.0
2024-03-14,chanpatia_burhigandak,Chanpatia,Burhi Gandak,Pashchim Champaran,26.96027778,84.53555556,0.0
2024-03-15,chanpatia_burhigandak,Chanpatia,Burhi Gandak,Pashchim Champaran,26.96027778,84.53555556,0.0
2024-03-16,chanpatia_burhigandak,Chanpatia,Burhi Gandak,Pashchim Champaran,26.96027778,84.53555556,0.0
2024-03-17,chanpatia_burhigandak,Chanpatia,Burhi Gandak,Pashchim Champaran,26.96027778,84.53555556,0.0
2024-03-18,chanpatia_burhigandak,Chanpatia,Burhi Gandak,Pashchim Champaran,26.96027778,84.53555556,0.0
2024-03-19,chanpatia_burhigandak,Chanpatia,Burhi Gandak,Pashchim Champaran,26.96027778,84.53555556,0.02661445550620556
2024-03-20,chanpatia_burhigandak,Chanpatia,Burhi Gandak,Pashchim Champaran,26.96027778,84.53555556,16.836109161376953
2024-03-21,chanpatia_burhigandak,Chanpatia,Burhi Gandak,Pashchim Champaran,26.96027778,84.53555556,9.990930557250977
2024-03-22,chanpatia_burhigandak,Chanpatia,Burhi Gandak,Pashchim Champaran,26.96027778,84.53555556,0.8624380826950073
2024-03-23,chanpatia_burhigandak,Chanpatia,Burhi Gandak,Pashchim Champaran,26.96027778,84.53555556,3.440459966659546
2024-03-24,chanpatia_burhigandak,Chanpatia,Burhi Gandak,Pashchim Champaran,26.96027778,84.53555556,0.9463914632797241
2024-03-25,chanpatia_burhigandak,Chanpatia,Burhi Gandak,Pashchim Champaran,26.96027778,84.53555556,1.0649361610412598
2024-03-26,chanpatia_burhigandak,Chanpatia,Burhi Gandak,Pashchim Champaran,26.96027778,84.53555556,0.0
2024-03-27,chanpatia_burhigandak,Chanpatia,Burhi Gandak,Pashchim Champaran,26.96027778,84.53555556,0.0
2024-03-28,chanpatia_burhigandak,Chanpatia,Burhi Gandak,Pashchim Champaran,26.96027778,84.53555556,0.0
2024-03-29,chanpatia_burhigandak,Chanpatia,Burhi Gandak,Pashchim Champaran,26.96027778,84.53555556,0.0
2024-03-30,chanpatia_burhigandak,Chanpatia,Burhi Gandak,Pashchim Champaran,26.96027778,84.53555556,0.0
2024-03-31,chanpatia_burhigandak,Chanpatia,Burhi Gandak,Pashchim Champaran,26.96027778,84.53555556,0.0
2024-04-01,chanpatia_burhigandak,Chanpatia,Burhi Gandak,Pashchim Champaran,26.96027778,84.53555556,0.0
2024-04-02,chanpatia_burhigandak,Chanpatia,Burhi Gandak,Pashchim Champaran,26.96027778,84.53555556,0.0
2024-04-03,chanpatia_burhigandak,Chanpatia,Burhi Gandak,Pashchim Champaran,26.96027778,84.53555556,0.0
2024-04-04,chanpatia_burhigandak,Chanpatia,Burhi Gandak,Pashchim Champaran,26.96027778,84.53555556,0.0
2024-04-05,chanpatia_burhigandak,Chanpatia,Burhi Gandak,Pashchim Champaran,26.96027778,84.53555556,0.0
2024-04-06,chanpatia_burhigandak,Chanpatia,Burhi Gandak,Pashchim Champaran,26.96027778,84.53555556,0.0
2024-04-07,chanpatia_burhigandak,Chanpatia,Burhi Gandak,Pashchim Champaran,26.96027778,84.53555556,0.0
2024-04-08,chanpatia_burhigandak,Chanpatia,Burhi Gandak,Pashchim Champaran,26.96027778,84.53555556,0.0
2024-04-09,chanpatia_burhigandak,Chanpatia,Burhi Gandak,Pashchim Champaran,26.96027778,84.53555556,0.0
2024-04-10,chanpatia_burhigandak,Chanpatia,Burhi Gandak,Pashchim Champaran,26.96027778,84.53555556,0.0
2024-04-11,chanpatia_burhigandak,Chanpatia,Burhi Gandak,Pashchim Champaran,26.96027778,84.53555556,0.0
2024-04-12,chanpatia_burhigandak,Chanpatia,Burhi Gandak,Pashchim Champaran,26.96027778,84.53555556,0.0
2024-04-13,chanpatia_burhigandak,Chanpatia,Burhi Gandak,Pashchim Champaran,26.96027778,84.53555556,0.0
2024-04-14,chanpatia_burhigandak,Chanpatia,Burhi Gandak,Pashchim Champaran,26.96027778,84.53555556,0.0
2024-04-15,chanpatia_burhigandak,Chanpatia,Burhi Gandak,Pashchim Champaran,26.96027778,84.53555556,0.0
2024-04-16,chanpatia_burhigandak,Chanpatia,Burhi Gandak,Pashchim Champaran,26.96027778,84.53555556,0.0
2024-04-17,chanpatia_burhigandak,Chanpatia,Burhi Gandak,Pashchim Champaran,26.96027778,84.53555556,0.0
2024-04-18,chanpatia_burhigandak,Chanpatia,Burhi Gandak,Pashchim Champaran,26.96027778,84.53555556,0.0
2024-04-19,chanpatia_burhigandak,Chanpatia,Burhi Gandak,Pashchim Champaran,26.96027778,84.53555556,0.0
2024-04-20,chanpatia_burhigandak,Chanpatia,Burhi Gandak,Pashchim Champaran,26.96027778,84.53555556,0.0
2024-04-21,chanpatia_burhigandak,Chanpatia,Burhi Gandak,Pashchim Champaran,26.96027778,84.53555556,0.0
2024-04-22,chanpatia_burhigandak,Chanpatia,Burhi Gandak,Pashchim Champaran,26.96027778,84.53555556,0.0
2024-04-23,chanpatia_burhigandak,Chanpatia,Burhi Gandak,Pashchim Champaran,26.96027778,84.53555556,0.0
2024-04-24,chanpatia_burhigandak,Chanpatia,Burhi Gandak,Pashchim Champaran,26.96027778,84.53555556,0.0
2024-04-25,chanpatia_burhigandak,Chanpatia,Burhi Gandak,Pashchim Champaran,26.96027778,84.53555556,0.0
2024-04-26,chanpatia_burhigandak,Chanpatia,Burhi Gandak,Pashchim Champaran,26.96027778,84.53555556,0.0
2024-04-27,chanpatia_burhigandak,Chanpatia,Burhi Gandak,Pashchim Champaran,26.96027778,84.53555556,0.0
2024-04-28,chanpatia_burhigandak,Chanpatia,Burhi Gandak,Pashchim Champaran,26.96027778,84.53555556,0.0
2024-04-29,chanpatia_burhigandak,Chanpatia,Burhi Gandak,Pashchim Champaran,26.96027778,84.53555556,0.0
2024-04-30,chanpatia_burhigandak,Chanpatia,Burhi Gandak,Pashchim Champaran,26.96027778,84.53555556,0.0
2024-05-01,chanpatia_burhigandak,Chanpatia,Burhi Gandak,Pashchim Champaran,26.96027778,84.53555556,0.0031783808954060078
2024-05-02,chanpatia_burhigandak,Chanpatia,Burhi Gandak,Pashchim Champaran,26.96027778,84.53555556,0.0031783808954060078
2024-05-03,chanpatia_burhigandak,Chanpatia,Burhi Gandak,Pashchim Champaran,26.96027778,84.53555556,0.0031783808954060078
2024-05-04,chanpatia_burhigandak,Chanpatia,Burhi Gandak,Pashchim Champaran,26.96027778,84.53555556,0.0031783808954060078
2024-05-05,chanpatia_burhigandak,Chanpatia,Burhi Gandak,Pashchim Champaran,26.96027778,84.53555556,0.0031783808954060078
2024-05-06,chanpatia_burhigandak,Chanpatia,Burhi Gandak,Pashchim Champaran,26.96027778,84.53555556,0.0
2024-05-07,chanpatia_burhigandak,Chanpatia,Burhi Gandak,Pashchim Champaran,26.96027778,84.53555556,0.0
2024-05-08,chanpatia_burhigandak,Chanpatia,Burhi Gandak,Pashchim Champaran,26.96027778,84.53555556,0.0
2024-05-09,chanpatia_burhigandak,Chanpatia,Burhi Gandak,Pashchim Champaran,26.96027778,84.53555556,0.0
2024-05-10,chanpatia_burhigandak,Chanpatia,Burhi Gandak,Pashchim Champaran,26.96027778,84.53555556,0.0
2024-05-11,chanpatia_burhigandak,Chanpatia,Burhi Gandak,Pashchim Champaran,26.96027778,84.53555556,2.8131167888641357
2024-05-12,chanpatia_burhigandak,Chanpatia,Burhi Gandak,Pashchim Champaran,26.96027778,84.53555556,3.6328089237213135
2024-05-13,chanpatia_burhigandak,Chanpatia,Burhi Gandak,Pashchim Champaran,26.96027778,84.53555556,0.7289588451385498
2024-05-14,chanpatia_burhigandak,Chanpatia,Burhi Gandak,Pashchim Champaran,26.96027778,84.53555556,0.06941629201173782
2024-05-15,chanpatia_burhigandak,Chanpatia,Burhi Gandak,Pashchim Champaran,26.96027778,84.53555556,0.6667935848236084
2024-05-16,chanpatia_burhigandak,Chanpatia,Burhi Gandak,Pashchim Champaran,26.96027778,84.53555556,0.0
2024-05-17,chanpatia_burhigandak,Chanpatia,Burhi Gandak,Pashchim Champaran,26.96027778,84.53555556,0.0
2024-05-18,chanpatia_burhigandak,Chanpatia,Burhi Gandak,Pashchim Champaran,26.96027778,84.53555556,0.3450396656990051
2024-05-19,chanpatia_burhigandak,Chanpatia,Burhi Gandak,Pashchim Champaran,26.96027778,84.53555556,0.09781607985496521
2024-05-20,chanpatia_burhigandak,Chanpatia,Burhi Gandak,Pashchim Champaran,26.96027778,84.53555556,0.5797805786132812
2024-05-21,chanpatia_burhigandak,Chanpatia,Burhi Gandak,Pashchim Champaran,26.96027778,84.53555556,1.3420934677124023
2024-05-22,chanpatia_burhigandak,Chanpatia,Burhi Gandak,Pashchim Champaran,26.96027778,84.53555556,0.4268909990787506
2024-05-23,chanpatia_burhigandak,Chanpatia,Burhi Gandak,Pashchim Champaran,26.96027778,84.53555556,0.6224631071090698
2024-05-24,chanpatia_burhigandak,Chanpatia,Burhi Gandak,Pashchim Champaran,26.96027778,84.53555556,0.01560470461845398
2024-05-25,chanpatia_burhigandak,Chanpatia,Burhi Gandak,Pashchim Champaran,26.96027778,84.53555556,0.02362304925918579
2024-05-26,chanpatia_burhigandak,Chanpatia,Burhi Gandak,Pashchim Champaran,26.96027778,84.53555556,0.5251266360282898
2024-05-27,chanpatia_burhigandak,Chanpatia,Burhi Gandak,Pashchim Champaran,26.96027778,84.53555556,8.331707954406738
2024-05-28,chanpatia_burhigandak,Chanpatia,Burhi Gandak,Pashchim Champaran,26.96027778,84.53555556,0.2773050367832184
2024-05-29,chanpatia_burhigandak,Chanpatia,Burhi Gandak,Pashchim Champaran,26.96027778,84.53555556,0.0010120316874235868
2024-05-30,chanpatia_burhigandak,Chanpatia,Burhi Gandak,Pashchim Champaran,26.96027778,84.53555556,1.9549356698989868
2024-05-31,chanpatia_burhigandak,Chanpatia,Burhi Gandak,Pashchim Champaran,26.96027778,84.53555556,2.0841574668884277
2024-06-01,chanpatia_burhigandak,Chanpatia,Burhi Gandak,Pashchim Champaran,26.96027778,84.53555556,0.529070258140564
2024-06-02,chanpatia_burhigandak,Chanpatia,Burhi Gandak,Pashchim Champaran,26.96027778,84.53555556,1.2598192691802979
2024-06-03,chanpatia_burhigandak,Chanpatia,Burhi Gandak,Pashchim Champaran,26.96027778,84.53555556,0.6074395775794983
2024-06-04,chanpatia_burhigandak,Chanpatia,Burhi Gandak,Pashchim Champaran,26.96027778,84.53555556,2.4807655811309814
2024-06-05,chanpatia_burhigandak,Chanpatia,Burhi Gandak,Pashchim Champaran,26.96027778,84.53555556,3.4881432056427
2024-06-06,chanpatia_burhigandak,Chanpatia,Burhi Gandak,Pashchim Champaran,26.96027778,84.53555556,5.97255802154541
2024-06-07,chanpatia_burhigandak,Chanpatia,Burhi Gandak,Pashchim Champaran,26.96027778,84.53555556,1.104959487915039
2024-06-08,chanpatia_burhigandak,Chanpatia,Burhi Gandak,Pashchim Champaran,26.96027778,84.53555556,0.09533889591693878
2024-06-09,chanpatia_burhigandak,Chanpatia,Burhi Gandak,Pashchim Champaran,26.96027778,84.53555556,0.0586247444152832
2024-06-10,chanpatia_burhigandak,Chanpatia,Burhi Gandak,Pashchim Champaran,26.96027778,84.53555556,0.0
2024-06-11,chanpatia_burhigandak,Chanpatia,Burhi Gandak,Pashchim Champaran,26.96027778,84.53555556,0.08129118382930756
2024-06-12,chanpatia_burhigandak,Chanpatia,Burhi Gandak,Pashchim Champaran,26.96027778,84.53555556,0.20451755821704865
2024-06-13,chanpatia_burhigandak,Chanpatia,Burhi Gandak,Pashchim Champaran,26.96027778,84.53555556,0.004989862907677889
2024-06-14,chanpatia_burhigandak,Chanpatia,Burhi Gandak,Pashchim Champaran,26.96027778,84.53555556,0.30421096086502075
2024-06-15,chanpatia_burhigandak,Chanpatia,Burhi Gandak,Pashchim Champaran,26.96027778,84.53555556,0.5514849424362183
2024-06-16,chanpatia_burhigandak,Chanpatia,Burhi Gandak,Pashchim Champaran,26.96027778,84.53555556,2.456538438796997
2024-06-17,chanpatia_burhigandak,Chanpatia,Burhi Gandak,Pashchim Champaran,26.96027778,84.53555556,1.0601890087127686
2024-06-18,chanpatia_burhigandak,Chanpatia,Burhi Gandak,Pashchim Champaran,26.96027778,84.53555556,1.7125543355941772
2024-06-19,chanpatia_burhigandak,Chanpatia,Burhi Gandak,Pashchim Champaran,26.96027778,84.53555556,8.51882266998291
2024-06-20,chanpatia_burhigandak,Chanpatia,Burhi Gandak,Pashchim Champaran,26.96027778,84.53555556,2.4473888874053955
2024-06-21,chanpatia_burhigandak,Chanpatia,Burhi Gandak,Pashchim Champaran,26.96027778,84.53555556,2.560915231704712
2024-06-22,chanpatia_burhigandak,Chanpatia,Burhi Gandak,Pashchim Champaran,26.96027778,84.53555556,0.5961008071899414
2024-06-23,chanpatia_burhigandak,Chanpatia,Burhi Gandak,Pashchim Champaran,26.96027778,84.53555556,6.499705791473389
2024-06-24,chanpatia_burhigandak,Chanpatia,Burhi Gandak,Pashchim Champaran,26.96027778,84.53555556,2.2358033657073975
2024-06-25,chanpatia_burhigandak,Chanpatia,Burhi Gandak,Pashchim Champaran,26.96027778,84.53555556,8.375091552734375
2024-06-26,chanpatia_burhigandak,Chanpatia,Burhi Gandak,Pashchim Champaran,26.96027778,84.53555556,17.826282501220703
2024-06-27,chanpatia_burhigandak,Chanpatia,Burhi Gandak,Pashchim Champaran,26.96027778,84.53555556,10.104682922363281
2024-06-28,chanpatia_burhigandak,Chanpatia,Burhi Gandak,Pashchim Champaran,26.96027778,84.53555556,4.277481555938721
2024-06-29,chanpatia_burhigandak,Chanpatia,Burhi Gandak,Pashchim Champaran,26.96027778,84.53555556,22.448110580444336
2024-06-30,chanpatia_burhigandak,Chanpatia,Burhi Gandak,Pashchim Champaran,26.96027778,84.53555556,14.674766540527344
2024-07-01,chanpatia_burhigandak,Chanpatia,Burhi Gandak,Pashchim Champaran,26.96027778,84.53555556,6.369235038757324
2024-07-02,chanpatia_burhigandak,Chanpatia,Burhi Gandak,Pashchim Champaran,26.96027778,84.53555556,2.9383764266967773
2024-07-03,chanpatia_burhigandak,Chanpatia,Burhi Gandak,Pashchim Champaran,26.96027778,84.53555556,18.145875930786133
2024-07-04,chanpatia_burhigandak,Chanpatia,Burhi Gandak,Pashchim Champaran,26.96027778,84.53555556,2.8006467819213867
2024-07-05,chanpatia_burhigandak,Chanpatia,Burhi Gandak,Pashchim Champaran,26.96027778,84.53555556,25.990211486816406
2024-07-06,chanpatia_burhigandak,Chanpatia,Burhi Gandak,Pashchim Champaran,26.96027778,84.53555556,19.8914794921875
2024-07-07,chanpatia_burhigandak,Chanpatia,Burhi Gandak,Pashchim Champaran,26.96027778,84.53555556,7.8878254890441895
2024-07-08,chanpatia_burhigandak,Chanpatia,Burhi Gandak,Pashchim Champaran,26.96027778,84.53555556,1.5550364255905151
2024-07-09,chanpatia_burhigandak,Chanpatia,Burhi Gandak,Pashchim Champaran,26.96027778,84.53555556,5.63348913192749
2024-07-10,chanpatia_burhigandak,Chanpatia,Burhi Gandak,Pashchim Champaran,26.96027778,84.53555556,8.923898696899414
2024-07-11,chanpatia_burhigandak,Chanpatia,Burhi Gandak,Pashchim Champaran,26.96027778,84.53555556,29.38945198059082
2024-07-12,chanpatia_burhigandak,Chanpatia,Burhi Gandak,Pashchim Champaran,26.96027778,84.53555556,26.659269332885742
2024-07-13,chanpatia_burhigandak,Chanpatia,Burhi Gandak,Pashchim Champaran,26.96027778,84.53555556,1.2107423543930054
2024-07-14,chanpatia_burhigandak,Chanpatia,Burhi Gandak,Pashchim Champaran,26.96027778,84.53555556,3.975076913833618
2024-07-15,chanpatia_burhigandak,Chanpatia,Burhi Gandak,Pashchim Champaran,26.96027778,84.53555556,1.7152611017227173
2024-07-16,chanpatia_burhigandak,Chanpatia,Burhi Gandak,Pashchim Champaran,26.96027778,84.53555556,2.459585189819336
2024-07-17,chanpatia_burhigandak,Chanpatia,Burhi Gandak,Pashchim Champaran,26.96027778,84.53555556,7.62915563583374
2024-07-18,chanpatia_burhigandak,Chanpatia,Burhi Gandak,Pashchim Champaran,26.96027778,84.53555556,6.73817777633667
2024-07-19,chanpatia_burhigandak,Chanpatia,Burhi Gandak,Pashchim Champaran,26.96027778,84.53555556,5.798735618591309
2024-07-20,chanpatia_burhigandak,Chanpatia,Burhi Gandak,Pashchim Champaran,26.96027778,84.53555556,0.5009171366691589
2024-07-21,chanpatia_burhigandak,Chanpatia,Burhi Gandak,Pashchim Champaran,26.96027778,84.53555556,0.5770675539970398
2024-07-22,chanpatia_burhigandak,Chanpatia,Burhi Gandak,Pashchim Champaran,26.96027778,84.53555556,0.9922311902046204
2024-07-23,chanpatia_burhigandak,Chanpatia,Burhi Gandak,Pashchim Champaran,26.96027778,84.53555556,1.2057982683181763
2024-07-24,chanpatia_burhigandak,Chanpatia,Burhi Gandak,Pashchim Champaran,26.96027778,84.53555556,0.5521084666252136
2024-07-25,chanpatia_burhigandak,Chanpatia,Burhi Gandak,Pashchim Champaran,26.96027778,84.53555556,0.7463886737823486
2024-07-26,chanpatia_burhigandak,Chanpatia,Burhi Gandak,Pashchim Champaran,26.96027778,84.53555556,0.9152051210403442
2024-07-27,chanpatia_burhigandak,Chanpatia,Burhi Gandak,Pashchim Champaran,26.96027778,84.53555556,0.7072600722312927
2024-07-28,chanpatia_burhigandak,Chanpatia,Burhi Gandak,Pashchim Champaran,26.96027778,84.53555556,2.005835771560669
2024-07-29,chanpatia_burhigandak,Chanpatia,Burhi Gandak,Pashchim Champaran,26.96027778,84.53555556,9.534279823303223
2024-07-30,chanpatia_burhigandak,Chanpatia,Burhi Gandak,Pashchim Champaran,26.96027778,84.53555556,48.95436096191406
2024-07-31,chanpatia_burhigandak,Chanpatia,Burhi Gandak,Pashchim Champaran,26.96027778,84.53555556,10.115690231323242
2024-08-01,chanpatia_burhigandak,Chanpatia,Burhi Gandak,Pashchim Champaran,26.96027778,84.53555556,2.3060202598571777
2024-08-02,chanpatia_burhigandak,Chanpatia,Burhi Gandak,Pashchim Champaran,26.96027778,84.53555556,0.9475334882736206
2024-08-03,chanpatia_burhigandak,Chanpatia,Burhi Gandak,Pashchim Champaran,26.96027778,84.53555556,1.9720656871795654
2024-08-04,chanpatia_burhigandak,Chanpatia,Burhi Gandak,Pashchim Champaran,26.96027778,84.53555556,3.1852774620056152
2024-08-05,chanpatia_burhigandak,Chanpatia,Burhi Gandak,Pashchim Champaran,26.96027778,84.53555556,10.172784805297852
2024-08-06,chanpatia_burhigandak,Chanpatia,Burhi Gandak,Pashchim Champaran,26.96027778,84.53555556,9.743759155273438
2024-08-07,chanpatia_burhigandak,Chanpatia,Burhi Gandak,Pashchim Champaran,26.96027778,84.53555556,14.42292594909668
2024-08-08,chanpatia_burhigandak,Chanpatia,Burhi Gandak,Pashchim Champaran,26.96027778,84.53555556,5.548791408538818
2024-08-09,chanpatia_burhigandak,Chanpatia,Burhi Gandak,Pashchim Champaran,26.96027778,84.53555556,6.766531467437744
2024-08-10,chanpatia_burhigandak,Chanpatia,Burhi Gandak,Pashchim Champaran,26.96027778,84.53555556,7.984898090362549
2024-08-11,chanpatia_burhigandak,Chanpatia,Burhi Gandak,Pashchim Champaran,26.96027778,84.53555556,8.519466400146484
2024-08-12,chanpatia_burhigandak,Chanpatia,Burhi Gandak,Pashchim Champaran,26.96027778,84.53555556,13.965378761291504
2024-08-13,chanpatia_burhigandak,Chanpatia,Burhi Gandak,Pashchim Champaran,26.96027778,84.53555556,14.646257400512695
2024-08-14,chanpatia_burhigandak,Chanpatia,Burhi Gandak,Pashchim Champaran,26.96027778,84.53555556,11.040860176086426
2024-08-15,chanpatia_burhigandak,Chanpatia,Burhi Gandak,Pashchim Champaran,26.96027778,84.53555556,4.163947582244873
2024-08-16,chanpatia_burhigandak,Chanpatia,Burhi Gandak,Pashchim Champaran,26.96027778,84.53555556,1.310409665107727
2024-08-17,chanpatia_burhigandak,Chanpatia,Burhi Gandak,Pashchim Champaran,26.96027778,84.53555556,12.689091682434082
2024-08-18,chanpatia_burhigandak,Chanpatia,Burhi Gandak,Pashchim Champaran,26.96027778,84.53555556,0.9724662899971008
2024-08-19,chanpatia_burhigandak,Chanpatia,Burhi Gandak,Pashchim Champaran,26.96027778,84.53555556,6.780147075653076
2024-08-20,chanpatia_burhigandak,Chanpatia,Burhi Gandak,Pashchim Champaran,26.96027778,84.53555556,16.31656265258789
2024-08-21,chanpatia_burhigandak,Chanpatia,Burhi Gandak,Pashchim Champaran,26.96027778,84.53555556,4.974409580230713
2024-08-22,chanpatia_burhigandak,Chanpatia,Burhi Gandak,Pashchim Champaran,26.96027778,84.53555556,14.838767051696777
2024-08-23,chanpatia_burhigandak,Chanpatia,Burhi Gandak,Pashchim Champaran,26.96027778,84.53555556,8.196643829345703
2024-08-24,chanpatia_burhigandak,Chanpatia,Burhi Gandak,Pashchim Champaran,26.96027778,84.53555556,0.4914115071296692
2024-08-25,chanpatia_burhigandak,Chanpatia,Burhi Gandak,Pashchim Champaran,26.96027778,84.53555556,0.5706015229225159
2024-08-26,chanpatia_burhigandak,Chanpatia,Burhi Gandak,Pashchim Champaran,26.96027778,84.53555556,3.7822675704956055
2024-08-27,chanpatia_burhigandak,Chanpatia,Burhi Gandak,Pashchim Champaran,26.96027778,84.53555556,1.476336121559143
2024-08-28,chanpatia_burhigandak,Chanpatia,Burhi Gandak,Pashchim Champaran,26.96027778,84.53555556,7.448443412780762
2024-08-29,chanpatia_burhigandak,Chanpatia,Burhi Gandak,Pashchim Champaran,26.96027778,84.53555556,3.5239741802215576
2024-08-30,chanpatia_burhigandak,Chanpatia,Burhi Gandak,Pashchim Champaran,26.96027778,84.53555556,0.43346697092056274
2024-08-31,chanpatia_burhigandak,Chanpatia,Burhi Gandak,Pashchim Champaran,26.96027778,84.53555556,8.963500022888184
2024-09-01,chanpatia_burhigandak,Chanpatia,Burhi Gandak,Pashchim Champaran,26.96027778,84.53555556,9.489115715026855
2024-09-02,chanpatia_burhigandak,Chanpatia,Burhi Gandak,Pashchim Champaran,26.96027778,84.53555556,4.044917106628418
2024-09-03,chanpatia_burhigandak,Chanpatia,Burhi Gandak,Pashchim Champaran,26.96027778,84.53555556,19.029455184936523
2024-09-04,chanpatia_burhigandak,Chanpatia,Burhi Gandak,Pashchim Champaran,26.96027778,84.53555556,9.920324325561523
2024-09-05,chanpatia_burhigandak,Chanpatia,Burhi Gandak,Pashchim Champaran,26.96027778,84.53555556,25.5410099029541
2024-09-06,chanpatia_burhigandak,Chanpatia,Burhi Gandak,Pashchim Champaran,26.96027778,84.53555556,0.1873534470796585
2024-09-07,chanpatia_burhigandak,Chanpatia,Burhi Gandak,Pashchim Champaran,26.96027778,84.53555556,0.020574068650603294
2024-09-08,chanpatia_burhigandak,Chanpatia,Burhi Gandak,Pashchim Champaran,26.96027778,84.53555556,0.011801567859947681
2024-09-09,chanpatia_burhigandak,Chanpatia,Burhi Gandak,Pashchim Champaran,26.96027778,84.53555556,0.10136948525905609
2024-09-10,chanpatia_burhigandak,Chanpatia,Burhi Gandak,Pashchim Champaran,26.96027778,84.53555556,0.17136436700820923
2024-09-11,chanpatia_burhigandak,Chanpatia,Burhi Gandak,Pashchim Champaran,26.96027778,84.53555556,10.866991996765137
2024-09-12,chanpatia_burhigandak,Chanpatia,Burhi Gandak,Pashchim Champaran,26.96027778,84.53555556,4.00546932220459
2024-09-13,chanpatia_burhigandak,Chanpatia,Burhi Gandak,Pashchim Champaran,26.96027778,84.53555556,0.3142797350883484
2024-09-14,chanpatia_burhigandak,Chanpatia,Burhi Gandak,Pashchim Champaran,26.96027778,84.53555556,1.7376762628555298
2024-09-15,chanpatia_burhigandak,Chanpatia,Burhi Gandak,Pashchim Champaran,26.96027778,84.53555556,2.259650468826294
2024-09-16,chanpatia_burhigandak,Chanpatia,Burhi Gandak,Pashchim Champaran,26.96027778,84.53555556,4.2395806312561035
2024-09-17,chanpatia_burhigandak,Chanpatia,Burhi Gandak,Pashchim Champaran,26.96027778,84.53555556,2.3976590633392334
2024-09-18,chanpatia_burhigandak,Chanpatia,Burhi Gandak,Pashchim Champaran,26.96027778,84.53555556,0.004028373397886753
2024-09-19,chanpatia_burhigandak,Chanpatia,Burhi Gandak,Pashchim Champaran,26.96027778,84.53555556,0.0
2024-09-20,chanpatia_burhigandak,Chanpatia,Burhi Gandak,Pashchim Champaran,26.96027778,84.53555556,0.603272557258606
2024-09-21,chanpatia_burhigandak,Chanpatia,Burhi Gandak,Pashchim Champaran,26.96027778,84.53555556,0.07894369214773178
2024-09-22,chanpatia_burhigandak,Chanpatia,Burhi Gandak,Pashchim Champaran,26.96027778,84.53555556,0.0
2024-09-23,chanpatia_burhigandak,Chanpatia,Burhi Gandak,Pashchim Champaran,26.96027778,84.53555556,0.0
2024-09-24,chanpatia_burhigandak,Chanpatia,Burhi Gandak,Pashchim Champaran,26.96027778,84.53555556,6.481194972991943
2024-09-25,chanpatia_burhigandak,Chanpatia,Burhi Gandak,Pashchim Champaran,26.96027778,84.53555556,4.379554748535156
2024-09-26,chanpatia_burhigandak,Chanpatia,Burhi Gandak,Pashchim Champaran,26.96027778,84.53555556,50.318233489990234
2024-09-27,chanpatia_burhigandak,Chanpatia,Burhi Gandak,Pashchim Champaran,26.96027778,84.53555556,77.81665802001953
2024-09-28,chanpatia_burhigandak,Chanpatia,Burhi Gandak,Pashchim Champaran,26.96027778,84.53555556,51.384117126464844
2024-09-29,chanpatia_burhigandak,Chanpatia,Burhi Gandak,Pashchim Champaran,26.96027778,84.53555556,0.4113321304321289
2024-09-30,chanpatia_burhigandak,Chanpatia,Burhi Gandak,Pashchim Champaran,26.96027778,84.53555556,0.1829310953617096
2024-10-01,chanpatia_burhigandak,Chanpatia,Burhi Gandak,Pashchim Champaran,26.96027778,84.53555556,0.1786297857761383
2024-10-02,chanpatia_burhigandak,Chanpatia,Burhi Gandak,Pashchim Champaran,26.96027778,84.53555556,0.3661429286003113
2024-10-03,chanpatia_burhigandak,Chanpatia,Burhi Gandak,Pashchim Champaran,26.96027778,84.53555556,1.087177038192749
2024-10-04,chanpatia_burhigandak,Chanpatia,Burhi Gandak,Pashchim Champaran,26.96027778,84.53555556,0.8792782425880432
2024-10-05,chanpatia_burhigandak,Chanpatia,Burhi Gandak,Pashchim Champaran,26.96027778,84.53555556,0.548388659954071
2024-10-06,chanpatia_burhigandak,Chanpatia,Burhi Gandak,Pashchim Champaran,26.96027778,84.53555556,0.9981808662414551
2024-10-07,chanpatia_burhigandak,Chanpatia,Burhi Gandak,Pashchim Champaran,26.96027778,84.53555556,1.0871981382369995
2024-10-08,chanpatia_burhigandak,Chanpatia,Burhi Gandak,Pashchim Champaran,26.96027778,84.53555556,1.0234261751174927
2024-10-09,chanpatia_burhigandak,Chanpatia,Burhi Gandak,Pashchim Champaran,26.96027778,84.53555556,0.9029214978218079
2024-10-10,chanpatia_burhigandak,Chanpatia,Burhi Gandak,Pashchim Champaran,26.96027778,84.53555556,0.3025938868522644
2024-10-11,chanpatia_burhigandak,Chanpatia,Burhi Gandak,Pashchim Champaran,26.96027778,84.53555556,0.887303352355957
2024-10-12,chanpatia_burhigandak,Chanpatia,Burhi Gandak,Pashchim Champaran,26.96027778,84.53555556,0.0
2024-10-13,chanpatia_burhigandak,Chanpatia,Burhi Gandak,Pashchim Champaran,26.96027778,84.53555556,0.15469986200332642
2024-10-14,chanpatia_burhigandak,Chanpatia,Burhi Gandak,Pashchim Champaran,26.96027778,84.53555556,0.8745582103729248
2024-10-15,chanpatia_burhigandak,Chanpatia,Burhi Gandak,Pashchim Champaran,26.96027778,84.53555556,0.13681867718696594
2024-10-16,chanpatia_burhigandak,Chanpatia,Burhi Gandak,Pashchim Champaran,26.96027778,84.53555556,0.005980608519166708
2024-10-17,chanpatia_burhigandak,Chanpatia,Burhi Gandak,Pashchim Champaran,26.96027778,84.53555556,0.7179597616195679
2024-10-18,chanpatia_burhigandak,Chanpatia,Burhi Gandak,Pashchim Champaran,26.96027778,84.53555556,1.207617998123169
2024-10-19,chanpatia_burhigandak,Chanpatia,Burhi Gandak,Pashchim Champaran,26.96027778,84.53555556,3.412487506866455
2024-10-20,chanpatia_burhigandak,Chanpatia,Burhi Gandak,Pashchim Champaran,26.96027778,84.53555556,1.6979905366897583
2024-10-21,chanpatia_burhigandak,Chanpatia,Burhi Gandak,Pashchim Champaran,26.96027778,84.53555556,1.2105169296264648
2024-10-22,chanpatia_burhigandak,Chanpatia,Burhi Gandak,Pashchim Champaran,26.96027778,84.53555556,0.0
2024-10-23,chanpatia_burhigandak,Chanpatia,Burhi Gandak,Pashchim Champaran,26.96027778,84.53555556,0.0
2024-10-24,chanpatia_burhigandak,Chanpatia,Burhi Gandak,Pashchim Champaran,26.96027778,84.53555556,0.7310939431190491
2024-10-25,chanpatia_burhigandak,Chanpatia,Burhi Gandak,Pashchim Champaran,26.96027778,84.53555556,0.10658252239227295
2024-10-26,chanpatia_burhigandak,Chanpatia,Burhi Gandak,Pashchim Champaran,26.96027778,84.53555556,0.10778772085905075
2024-10-27,chanpatia_burhigandak,Chanpatia,Burhi Gandak,Pashchim Champaran,26.96027778,84.53555556,0.007768348325043917
2024-10-28,chanpatia_burhigandak,Chanpatia,Burhi Gandak,Pashchim Champaran,26.96027778,84.53555556,0.04045775160193443
2024-10-29,chanpatia_burhigandak,Chanpatia,Burhi Gandak,Pashchim Champaran,26.96027778,84.53555556,0.027448592707514763
2024-10-30,chanpatia_burhigandak,Chanpatia,Burhi Gandak,Pashchim Champaran,26.96027778,84.53555556,0.22238099575042725
2024-10-31,chanpatia_burhigandak,Chanpatia,Burhi Gandak,Pashchim Champaran,26.96027778,84.53555556,3.6890313625335693
2024-11-01,chanpatia_burhigandak,Chanpatia,Burhi Gandak,Pashchim Champaran,26.96027778,84.53555556,0.2832317054271698
2024-11-02,chanpatia_burhigandak,Chanpatia,Burhi Gandak,Pashchim Champaran,26.96027778,84.53555556,0.011220481246709824
2024-11-03,chanpatia_burhigandak,Chanpatia,Burhi Gandak,Pashchim Champaran,26.96027778,84.53555556,0.038929522037506104
2024-11-04,chanpatia_burhigandak,Chanpatia,Burhi Gandak,Pashchim Champaran,26.96027778,84.53555556,1.2700285911560059
2024-11-05,chanpatia_burhigandak,Chanpatia,Burhi Gandak,Pashchim Champaran,26.96027778,84.53555556,0.0034904195927083492
2024-11-06,chanpatia_burhigandak,Chanpatia,Burhi Gandak,Pashchim Champaran,26.96027778,84.53555556,0.0
2024-11-07,chanpatia_burhigandak,Chanpatia,Burhi Gandak,Pashchim Champaran,26.96027778,84.53555556,0.0
2024-11-08,chanpatia_burhigandak,Chanpatia,Burhi Gandak,Pashchim Champaran,26.96027778,84.53555556,0.00995171070098877
2024-11-09,chanpatia_burhigandak,Chanpatia,Burhi Gandak,Pashchim Champaran,26.96027778,84.53555556,0.2145756036043167
2024-11-10,chanpatia_burhigandak,Chanpatia,Burhi Gandak,Pashchim Champaran,26.96027778,84.53555556,0.5395978093147278
2024-11-11,chanpatia_burhigandak,Chanpatia,Burhi Gandak,Pashchim Champaran,26.96027778,84.53555556,0.05063093081116676
2024-11-12,chanpatia_burhigandak,Chanpatia,Burhi Gandak,Pashchim Champaran,26.96027778,84.53555556,0.29099658131599426
2024-11-13,chanpatia_burhigandak,Chanpatia,Burhi Gandak,Pashchim Champaran,26.96027778,84.53555556,0.059529855847358704
2024-11-14,chanpatia_burhigandak,Chanpatia,Burhi Gandak,Pashchim Champaran,26.96027778,84.53555556,0.0
2024-11-15,chanpatia_burhigandak,Chanpatia,Burhi Gandak,Pashchim Champaran,26.96027778,84.53555556,0.002983887679874897
2024-11-16,chanpatia_burhigandak,Chanpatia,Burhi Gandak,Pashchim Champaran,26.96027778,84.53555556,0.0
2024-11-17,chanpatia_burhigandak,Chanpatia,Burhi Gandak,Pashchim Champaran,26.96027778,84.53555556,0.0
2024-11-18,chanpatia_burhigandak,Chanpatia,Burhi Gandak,Pashchim Champaran,26.96027778,84.53555556,0.0
2024-11-19,chanpatia_burhigandak,Chanpatia,Burhi Gandak,Pashchim Champaran,26.96027778,84.53555556,0.0
2024-11-20,chanpatia_burhigandak,Chanpatia,Burhi Gandak,Pashchim Champaran,26.96027778,84.53555556,0.0
2024-11-21,chanpatia_burhigandak,Chanpatia,Burhi Gandak,Pashchim Champaran,26.96027778,84.53555556,0.0
2024-11-22,chanpatia_burhigandak,Chanpatia,Burhi Gandak,Pashchim Champaran,26.96027778,84.53555556,0.0
2024-11-23,chanpatia_burhigandak,Chanpatia,Burhi Gandak,Pashchim Champaran,26.96027778,84.53555556,0.0
2024-11-24,chanpatia_burhigandak,Chanpatia,Burhi Gandak,Pashchim Champaran,26.96027778,84.53555556,0.0
2024-11-25,chanpatia_burhigandak,Chanpatia,Burhi Gandak,Pashchim Champaran,26.96027778,84.53555556,0.0
2024-11-26,chanpatia_burhigandak,Chanpatia,Burhi Gandak,Pashchim Champaran,26.96027778,84.53555556,0.0
2024-11-27,chanpatia_burhigandak,Chanpatia,Burhi Gandak,Pashchim Champaran,26.96027778,84.53555556,0.0
2024-11-28,chanpatia_burhigandak,Chanpatia,Burhi Gandak,Pashchim Champaran,26.96027778,84.53555556,0.0
2024-11-29,chanpatia_burhigandak,Chanpatia,Burhi Gandak,Pashchim Champaran,26.96027778,84.53555556,0.0
2024-11-30,chanpatia_burhigandak,Chanpatia,Burhi Gandak,Pashchim Champaran,26.96027778,84.53555556,0.0
2024-12-01,chanpatia_burhigandak,Chanpatia,Burhi Gandak,Pashchim Champaran,26.96027778,84.53555556,0.0
2024-12-02,chanpatia_burhigandak,Chanpatia,Burhi Gandak,Pashchim Champaran,26.96027778,84.53555556,0.0
2024-12-03,chanpatia_burhigandak,Chanpatia,Burhi Gandak,Pashchim Champaran,26.96027778,84.53555556,0.0
2024-12-04,chanpatia_burhigandak,Chanpatia,Burhi Gandak,Pashchim Champaran,26.96027778,84.53555556,0.0
2024-12-05,chanpatia_burhigandak,Chanpatia,Burhi Gandak,Pashchim Champaran,26.96027778,84.53555556,0.0
2024-12-06,chanpatia_burhigandak,Chanpatia,Burhi Gandak,Pashchim Champaran,26.96027778,84.53555556,0.0
2024-12-07,chanpatia_burhigandak,Chanpatia,Burhi Gandak,Pashchim Champaran,26.96027778,84.53555556,0.0
2024-12-08,chanpatia_burhigandak,Chanpatia,Burhi Gandak,Pashchim Champaran,26.96027778,84.53555556,0.0
2024-12-09,chanpatia_burhigandak,Chanpatia,Burhi Gandak,Pashchim Champaran,26.96027778,84.53555556,0.0
2024-12-10,chanpatia_burhigandak,Chanpatia,Burhi Gandak,Pashchim Champaran,26.96027778,84.53555556,0.0
2024-12-11,chanpatia_burhigandak,Chanpatia,Burhi Gandak,Pashchim Champaran,26.96027778,84.53555556,0.004748820792883635
2024-12-12,chanpatia_burhigandak,Chanpatia,Burhi Gandak,Pashchim Champaran,26.96027778,84.53555556,0.004748820792883635
2024-12-13,chanpatia_burhigandak,Chanpatia,Burhi Gandak,Pashchim Champaran,26.96027778,84.53555556,0.004748820792883635
2024-12-14,chanpatia_burhigandak,Chanpatia,Burhi Gandak,Pashchim Champaran,26.96027778,84.53555556,0.004748820792883635
2024-12-15,chanpatia_burhigandak,Chanpatia,Burhi Gandak,Pashchim Champaran,26.96027778,84.53555556,0.004748820792883635
2024-12-16,chanpatia_burhigandak,Chanpatia,Burhi Gandak,Pashchim Champaran,26.96027778,84.53555556,0.0036497965920716524
2024-12-17,chanpatia_burhigandak,Chanpatia,Burhi Gandak,Pashchim Champaran,26.96027778,84.53555556,0.0036497965920716524
2024-12-18,chanpatia_burhigandak,Chanpatia,Burhi Gandak,Pashchim Champaran,26.96027778,84.53555556,0.0036497965920716524
2024-12-19,chanpatia_burhigandak,Chanpatia,Burhi Gandak,Pashchim Champaran,26.96027778,84.53555556,0.0036497965920716524
2024-12-20,chanpatia_burhigandak,Chanpatia,Burhi Gandak,Pashchim Champaran,26.96027778,84.53555556,0.0036497965920716524
2024-12-21,chanpatia_burhigandak,Chanpatia,Burhi Gandak,Pashchim Champaran,26.96027778,84.53555556,0.0
2024-12-22,chanpatia_burhigandak,Chanpatia,Burhi Gandak,Pashchim Champaran,26.96027778,84.53555556,0.0
2024-12-23,chanpatia_burhigandak,Chanpatia,Burhi Gandak,Pashchim Champaran,26.96027778,84.53555556,0.0
2024-12-24,chanpatia_burhigandak,Chanpatia,Burhi Gandak,Pashchim Champaran,26.96027778,84.53555556,0.14123515784740448
2024-12-25,chanpatia_burhigandak,Chanpatia,Burhi Gandak,Pashchim Champaran,26.96027778,84.53555556,0.005303946323692799
2024-12-26,chanpatia_burhigandak,Chanpatia,Burhi Gandak,Pashchim Champaran,26.96027778,84.53555556,0.0
2024-12-27,chanpatia_burhigandak,Chanpatia,Burhi Gandak,Pashchim Champaran,26.96027778,84.53555556,0.00031168595887720585
2024-12-28,chanpatia_burhigandak,Chanpatia,Burhi Gandak,Pashchim Champaran,26.96027778,84.53555556,0.9917483329772949
2024-12-29,chanpatia_burhigandak,Chanpatia,Burhi Gandak,Pashchim Champaran,26.96027778,84.53555556,0.0
2024-12-30,chanpatia_burhigandak,Chanpatia,Burhi Gandak,Pashchim Champaran,26.96027778,84.53555556,0.01761319674551487
2024-12-31,chanpatia_burhigandak,Chanpatia,Burhi Gandak,Pashchim Champaran,26.96027778,84.53555556,0.01265680231153965
2024-01-01,chatia_gandak,Chatia,Gandak,Purba Champaran,26.53277778,84.55861111,0.0
2024-01-02,chatia_gandak,Chatia,Gandak,Purba Champaran,26.53277778,84.55861111,0.031134219840168953
2024-01-03,chatia_gandak,Chatia,Gandak,Purba Champaran,26.53277778,84.55861111,0.0
2024-01-04,chatia_gandak,Chatia,Gandak,Purba Champaran,26.53277778,84.55861111,0.0
2024-01-05,chatia_gandak,Chatia,Gandak,Purba Champaran,26.53277778,84.55861111,1.3699055910110474
2024-01-06,chatia_gandak,Chatia,Gandak,Purba Champaran,26.53277778,84.55861111,1.456120252609253
2024-01-07,chatia_gandak,Chatia,Gandak,Purba Champaran,26.53277778,84.55861111,0.0033244453370571136
2024-01-08,chatia_gandak,Chatia,Gandak,Purba Champaran,26.53277778,84.55861111,0.0015916794072836637
2024-01-09,chatia_gandak,Chatia,Gandak,Purba Champaran,26.53277778,84.55861111,0.0
2024-01-10,chatia_gandak,Chatia,Gandak,Purba Champaran,26.53277778,84.55861111,0.0
2024-01-11,chatia_gandak,Chatia,Gandak,Purba Champaran,26.53277778,84.55861111,0.0
2024-01-12,chatia_gandak,Chatia,Gandak,Purba Champaran,26.53277778,84.55861111,0.0
2024-01-13,chatia_gandak,Chatia,Gandak,Purba Champaran,26.53277778,84.55861111,0.01282454188913107
2024-01-14,chatia_gandak,Chatia,Gandak,Purba Champaran,26.53277778,84.55861111,0.2362825870513916
2024-01-15,chatia_gandak,Chatia,Gandak,Purba Champaran,26.53277778,84.55861111,0.11415500193834305
2024-01-16,chatia_gandak,Chatia,Gandak,Purba Champaran,26.53277778,84.55861111,0.019933834671974182
2024-01-17,chatia_gandak,Chatia,Gandak,Purba Champaran,26.53277778,84.55861111,0.010115494951605797
2024-01-18,chatia_gandak,Chatia,Gandak,Purba Champaran,26.53277778,84.55861111,0.10266508907079697
2024-01-19,chatia_gandak,Chatia,Gandak,Purba Champaran,26.53277778,84.55861111,0.0
2024-01-20,chatia_gandak,Chatia,Gandak,Purba Champaran,26.53277778,84.55861111,0.0
2024-01-21,chatia_gandak,Chatia,Gandak,Purba Champaran,26.53277778,84.55861111,0.0
2024-01-22,chatia_gandak,Chatia,Gandak,Purba Champaran,26.53277778,84.55861111,0.04778207838535309
2024-01-23,chatia_gandak,Chatia,Gandak,Purba Champaran,26.53277778,84.55861111,0.04778207838535309
2024-01-24,chatia_gandak,Chatia,Gandak,Purba Champaran,26.53277778,84.55861111,0.2628014087677002
2024-01-25,chatia_gandak,Chatia,Gandak,Purba Champaran,26.53277778,84.55861111,0.0
2024-01-26,chatia_gandak,Chatia,Gandak,Purba Champaran,26.53277778,84.55861111,0.0
2024-01-27,chatia_gandak,Chatia,Gandak,Purba Champaran,26.53277778,84.55861111,0.0
2024-01-28,chatia_gandak,Chatia,Gandak,Purba Champaran,26.53277778,84.55861111,0.0
2024-01-29,chatia_gandak,Chatia,Gandak,Purba Champaran,26.53277778,84.55861111,0.0
2024-01-30,chatia_gandak,Chatia,Gandak,Purba Champaran,26.53277778,84.55861111,0.0
2024-01-31,chatia_gandak,Chatia,Gandak,Purba Champaran,26.53277778,84.55861111,0.0
2024-02-01,chatia_gandak,Chatia,Gandak,Purba Champaran,26.53277778,84.55861111,0.0
2024-02-02,chatia_gandak,Chatia,Gandak,Purba Champaran,26.53277778,84.55861111,0.0
2024-02-03,chatia_gandak,Chatia,Gandak,Purba Champaran,26.53277778,84.55861111,0.0
2024-02-04,chatia_gandak,Chatia,Gandak,Purba Champaran,26.53277778,84.55861111,0.0
2024-02-05,chatia_gandak,Chatia,Gandak,Purba Champaran,26.53277778,84.55861111,0.0
2024-02-06,chatia_gandak,Chatia,Gandak,Purba Champaran,26.53277778,84.55861111,0.0
2024-02-07,chatia_gandak,Chatia,Gandak,Purba Champaran,26.53277778,84.55861111,0.0
2024-02-08,chatia_gandak,Chatia,Gandak,Purba Champaran,26.53277778,84.55861111,0.0
2024-02-09,chatia_gandak,Chatia,Gandak,Purba Champaran,26.53277778,84.55861111,0.0
2024-02-10,chatia_gandak,Chatia,Gandak,Purba Champaran,26.53277778,84.55861111,0.0
2024-02-11,chatia_gandak,Chatia,Gandak,Purba Champaran,26.53277778,84.55861111,0.0
2024-02-12,chatia_gandak,Chatia,Gandak,Purba Champaran,26.53277778,84.55861111,0.0
2024-02-13,chatia_gandak,Chatia,Gandak,Purba Champaran,26.53277778,84.55861111,0.0
2024-02-14,chatia_gandak,Chatia,Gandak,Purba Champaran,26.53277778,84.55861111,0.0
2024-02-15,chatia_gandak,Chatia,Gandak,Purba Champaran,26.53277778,84.55861111,0.0
2024-02-16,chatia_gandak,Chatia,Gandak,Purba Champaran,26.53277778,84.55861111,0.0
2024-02-17,chatia_gandak,Chatia,Gandak,Purba Champaran,26.53277778,84.55861111,0.0
2024-02-18,chatia_gandak,Chatia,Gandak,Purba Champaran,26.53277778,84.55861111,0.0
2024-02-19,chatia_gandak,Chatia,Gandak,Purba Champaran,26.53277778,84.55861111,0.0
2024-02-20,chatia_gandak,Chatia,Gandak,Purba Champaran,26.53277778,84.55861111,0.0
2024-02-21,chatia_gandak,Chatia,Gandak,Purba Champaran,26.53277778,84.55861111,0.0
2024-02-22,chatia_gandak,Chatia,Gandak,Purba Champaran,26.53277778,84.55861111,0.0
2024-02-23,chatia_gandak,Chatia,Gandak,Purba Champaran,26.53277778,84.55861111,0.0
2024-02-24,chatia_gandak,Chatia,Gandak,Purba Champaran,26.53277778,84.55861111,0.0
2024-02-25,chatia_gandak,Chatia,Gandak,Purba Champaran,26.53277778,84.55861111,0.0
2024-02-26,chatia_gandak,Chatia,Gandak,Purba Champaran,26.53277778,84.55861111,0.884256899356842
2024-02-27,chatia_gandak,Chatia,Gandak,Purba Champaran,26.53277778,84.55861111,0.884256899356842
2024-02-28,chatia_gandak,Chatia,Gandak,Purba Champaran,26.53277778,84.55861111,0.884256899356842
2024-02-29,chatia_gandak,Chatia,Gandak,Purba Champaran,26.53277778,84.55861111,0.884256899356842
2024-03-01,chatia_gandak,Chatia,Gandak,Purba Champaran,26.53277778,84.55861111,0.0
2024-03-02,chatia_gandak,Chatia,Gandak,Purba Champaran,26.53277778,84.55861111,0.0
2024-03-03,chatia_gandak,Chatia,Gandak,Purba Champaran,26.53277778,84.55861111,0.0
2024-03-04,chatia_gandak,Chatia,Gandak,Purba Champaran,26.53277778,84.55861111,0.0
2024-03-05,chatia_gandak,Chatia,Gandak,Purba Champaran,26.53277778,84.55861111,0.0
2024-03-06,chatia_gandak,Chatia,Gandak,Purba Champaran,26.53277778,84.55861111,0.0
2024-03-07,chatia_gandak,Chatia,Gandak,Purba Champaran,26.53277778,84.55861111,0.0
2024-03-08,chatia_gandak,Chatia,Gandak,Purba Champaran,26.53277778,84.55861111,0.0
2024-03-09,chatia_gandak,Chatia,Gandak,Purba Champaran,26.53277778,84.55861111,0.0
2024-03-10,chatia_gandak,Chatia,Gandak,Purba Champaran,26.53277778,84.55861111,0.0
2024-03-11,chatia_gandak,Chatia,Gandak,Purba Champaran,26.53277778,84.55861111,0.0
2024-03-12,chatia_gandak,Chatia,Gandak,Purba Champaran,26.53277778,84.55861111,0.0
2024-03-13,chatia_gandak,Chatia,Gandak,Purba Champaran,26.53277778,84.55861111,0.0
2024-03-14,chatia_gandak,Chatia,Gandak,Purba Champaran,26.53277778,84.55861111,0.0
2024-03-15,chatia_gandak,Chatia,Gandak,Purba Champaran,26.53277778,84.55861111,0.0
2024-03-16,chatia_gandak,Chatia,Gandak,Purba Champaran,26.53277778,84.55861111,0.0
2024-03-17,chatia_gandak,Chatia,Gandak,Purba Champaran,26.53277778,84.55861111,0.0
2024-03-18,chatia_gandak,Chatia,Gandak,Purba Champaran,26.53277778,84.55861111,0.0
2024-03-19,chatia_gandak,Chatia,Gandak,Purba Champaran,26.53277778,84.55861111,0.15704117715358734
2024-03-20,chatia_gandak,Chatia,Gandak,Purba Champaran,26.53277778,84.55861111,25.357769012451172
2024-03-21,chatia_gandak,Chatia,Gandak,Purba Champaran,26.53277778,84.55861111,4.83951997756958
2024-03-22,chatia_gandak,Chatia,Gandak,Purba Champaran,26.53277778,84.55861111,0.23814143240451813
2024-03-23,chatia_gandak,Chatia,Gandak,Purba Champaran,26.53277778,84.55861111,0.24789707362651825
2024-03-24,chatia_gandak,Chatia,Gandak,Purba Champaran,26.53277778,84.55861111,0.03717722371220589
2024-03-25,chatia_gandak,Chatia,Gandak,Purba Champaran,26.53277778,84.55861111,0.16481031477451324
2024-03-26,chatia_gandak,Chatia,Gandak,Purba Champaran,26.53277778,84.55861111,0.6111029386520386
2024-03-27,chatia_gandak,Chatia,Gandak,Purba Champaran,26.53277778,84.55861111,0.3305327892303467
2024-03-28,chatia_gandak,Chatia,Gandak,Purba Champaran,26.53277778,84.55861111,0.09141281247138977
2024-03-29,chatia_gandak,Chatia,Gandak,Purba Champaran,26.53277778,84.55861111,0.0
2024-03-30,chatia_gandak,Chatia,Gandak,Purba Champaran,26.53277778,84.55861111,0.0
2024-03-31,chatia_gandak,Chatia,Gandak,Purba Champaran,26.53277778,84.55861111,0.14944735169410706
2024-04-01,chatia_gandak,Chatia,Gandak,Purba Champaran,26.53277778,84.55861111,0.0
2024-04-02,chatia_gandak,Chatia,Gandak,Purba Champaran,26.53277778,84.55861111,0.0
2024-04-03,chatia_gandak,Chatia,Gandak,Purba Champaran,26.53277778,84.55861111,0.0
2024-04-04,chatia_gandak,Chatia,Gandak,Purba Champaran,26.53277778,84.55861111,0.0
2024-04-05,chatia_gandak,Chatia,Gandak,Purba Champaran,26.53277778,84.55861111,0.0
2024-04-06,chatia_gandak,Chatia,Gandak,Purba Champaran,26.53277778,84.55861111,0.0
2024-04-07,chatia_gandak,Chatia,Gandak,Purba Champaran,26.53277778,84.55861111,0.0
2024-04-08,chatia_gandak,Chatia,Gandak,Purba Champaran,26.53277778,84.55861111,0.0
2024-04-09,chatia_gandak,Chatia,Gandak,Purba Champaran,26.53277778,84.55861111,0.0
2024-04-10,chatia_gandak,Chatia,Gandak,Purba Champaran,26.53277778,84.55861111,0.0
2024-04-11,chatia_gandak,Chatia,Gandak,Purba Champaran,26.53277778,84.55861111,0.0
2024-04-12,chatia_gandak,Chatia,Gandak,Purba Champaran,26.53277778,84.55861111,0.0
2024-04-13,chatia_gandak,Chatia,Gandak,Purba Champaran,26.53277778,84.55861111,0.0
2024-04-14,chatia_gandak,Chatia,Gandak,Purba Champaran,26.53277778,84.55861111,0.0
2024-04-15,chatia_gandak,Chatia,Gandak,Purba Champaran,26.53277778,84.55861111,0.0
2024-04-16,chatia_gandak,Chatia,Gandak,Purba Champaran,26.53277778,84.55861111,0.0
2024-04-17,chatia_gandak,Chatia,Gandak,Purba Champaran,26.53277778,84.55861111,0.0
2024-04-18,chatia_gandak,Chatia,Gandak,Purba Champaran,26.53277778,84.55861111,0.0
2024-04-19,chatia_gandak,Chatia,Gandak,Purba Champaran,26.53277778,84.55861111,0.0
2024-04-20,chatia_gandak,Chatia,Gandak,Purba Champaran,26.53277778,84.55861111,0.0
2024-04-21,chatia_gandak,Chatia,Gandak,Purba Champaran,26.53277778,84.55861111,0.0
2024-04-22,chatia_gandak,Chatia,Gandak,Purba Champaran,26.53277778,84.55861111,0.0
2024-04-23,chatia_gandak,Chatia,Gandak,Purba Champaran,26.53277778,84.55861111,0.0
2024-04-24,chatia_gandak,Chatia,Gandak,Purba Champaran,26.53277778,84.55861111,0.0
2024-04-25,chatia_gandak,Chatia,Gandak,Purba Champaran,26.53277778,84.55861111,0.0
2024-04-26,chatia_gandak,Chatia,Gandak,Purba Champaran,26.53277778,84.55861111,0.0
2024-04-27,chatia_gandak,Chatia,Gandak,Purba Champaran,26.53277778,84.55861111,0.0
2024-04-28,chatia_gandak,Chatia,Gandak,Purba Champaran,26.53277778,84.55861111,0.0
2024-04-29,chatia_gandak,Chatia,Gandak,Purba Champaran,26.53277778,84.55861111,0.0
2024-04-30,chatia_gandak,Chatia,Gandak,Purba Champaran,26.53277778,84.55861111,0.0
2024-05-01,chatia_gandak,Chatia,Gandak,Purba Champaran,26.53277778,84.55861111,0.0
2024-05-02,chatia_gandak,Chatia,Gandak,Purba Champaran,26.53277778,84.55861111,0.0
2024-05-03,chatia_gandak,Chatia,Gandak,Purba Champaran,26.53277778,84.55861111,0.0
2024-05-04,chatia_gandak,Chatia,Gandak,Purba Champaran,26.53277778,84.55861111,0.0
2024-05-05,chatia_gandak,Chatia,Gandak,Purba Champaran,26.53277778,84.55861111,0.0
2024-05-06,chatia_gandak,Chatia,Gandak,Purba Champaran,26.53277778,84.55861111,0.0
2024-05-07,chatia_gandak,Chatia,Gandak,Purba Champaran,26.53277778,84.55861111,0.0
2024-05-08,chatia_gandak,Chatia,Gandak,Purba Champaran,26.53277778,84.55861111,0.0
2024-05-09,chatia_gandak,Chatia,Gandak,Purba Champaran,26.53277778,84.55861111,0.0
2024-05-10,chatia_gandak,Chatia,Gandak,Purba Champaran,26.53277778,84.55861111,0.0
2024-05-11,chatia_gandak,Chatia,Gandak,Purba Champaran,26.53277778,84.55861111,0.0
2024-05-12,chatia_gandak,Chatia,Gandak,Purba Champaran,26.53277778,84.55861111,0.0
2024-05-13,chatia_gandak,Chatia,Gandak,Purba Champaran,26.53277778,84.55861111,0.0
2024-05-14,chatia_gandak,Chatia,Gandak,Purba Champaran,26.53277778,84.55861111,0.0
2024-05-15,chatia_gandak,Chatia,Gandak,Purba Champaran,26.53277778,84.55861111,0.0
2024-05-16,chatia_gandak,Chatia,Gandak,Purba Champaran,26.53277778,84.55861111,0.0
2024-05-17,chatia_gandak,Chatia,Gandak,Purba Champaran,26.53277778,84.55861111,0.0
2024-05-18,chatia_gandak,Chatia,Gandak,Purba Champaran,26.53277778,84.55861111,0.0021560348104685545
2024-05-19,chatia_gandak,Chatia,Gandak,Purba Champaran,26.53277778,84.55861111,0.05005922541022301
2024-05-20,chatia_gandak,Chatia,Gandak,Purba Champaran,26.53277778,84.55861111,0.04357340559363365
2024-05-21,chatia_gandak,Chatia,Gandak,Purba Champaran,26.53277778,84.55861111,0.3669261634349823
2024-05-22,chatia_gandak,Chatia,Gandak,Purba Champaran,26.53277778,84.55861111,0.6019853353500366
2024-05-23,chatia_gandak,Chatia,Gandak,Purba Champaran,26.53277778,84.55861111,0.7347483038902283
2024-05-24,chatia_gandak,Chatia,Gandak,Purba Champaran,26.53277778,84.55861111,0.017104975879192352
2024-05-25,chatia_gandak,Chatia,Gandak,Purba Champaran,26.53277778,84.55861111,0.005544368177652359
2024-05-26,chatia_gandak,Chatia,Gandak,Purba Champaran,26.53277778,84.55861111,4.189098358154297
2024-05-27,chatia_gandak,Chatia,Gandak,Purba Champaran,26.53277778,84.55861111,5.45083475112915
2024-05-28,chatia_gandak,Chatia,Gandak,Purba Champaran,26.53277778,84.55861111,0.0007781423046253622
2024-05-29,chatia_gandak,Chatia,Gandak,Purba Champaran,26.53277778,84.55861111,0.0
2024-05-30,chatia_gandak,Chatia,Gandak,Purba Champaran,26.53277778,84.55861111,1.4550414085388184
2024-05-31,chatia_gandak,Chatia,Gandak,Purba Champaran,26.53277778,84.55861111,0.014173573814332485
2024-06-01,chatia_gandak,Chatia,Gandak,Purba Champaran,26.53277778,84.55861111,0.16075916588306427
2024-06-02,chatia_gandak,Chatia,Gandak,Purba Champaran,26.53277778,84.55861111,1.2405427694320679
2024-06-03,chatia_gandak,Chatia,Gandak,Purba Champaran,26.53277778,84.55861111,1.7344882488250732
2024-06-04,chatia_gandak,Chatia,Gandak,Purba Champaran,26.53277778,84.55861111,2.35573410987854
2024-06-05,chatia_gandak,Chatia,Gandak,Purba Champaran,26.53277778,84.55861111,1.4519280195236206
2024-06-06,chatia_gandak,Chatia,Gandak,Purba Champaran,26.53277778,84.55861111,2.91342830657959
2024-06-07,chatia_gandak,Chatia,Gandak,Purba Champaran,26.53277778,84.55861111,1.5957565307617188
2024-06-08,chatia_gandak,Chatia,Gandak,Purba Champaran,26.53277778,84.55861111,0.039061885327100754
2024-06-09,chatia_gandak,Chatia,Gandak,Purba Champaran,26.53277778,84.55861111,0.0060384138487279415
2024-06-10,chatia_gandak,Chatia,Gandak,Purba Champaran,26.53277778,84.55861111,0.0
2024-06-11,chatia_gandak,Chatia,Gandak,Purba Champaran,26.53277778,84.55861111,0.014821328222751617
2024-06-12,chatia_gandak,Chatia,Gandak,Purba Champaran,26.53277778,84.55861111,0.05577372387051582
2024-06-13,chatia_gandak,Chatia,Gandak,Purba Champaran,26.53277778,84.55861111,0.05826816335320473
2024-06-14,chatia_gandak,Chatia,Gandak,Purba Champaran,26.53277778,84.55861111,0.038554828613996506
2024-06-15,chatia_gandak,Chatia,Gandak,Purba Champaran,26.53277778,84.55861111,0.04945286363363266
2024-06-16,chatia_gandak,Chatia,Gandak,Purba Champaran,26.53277778,84.55861111,0.03177785128355026
2024-06-17,chatia_gandak,Chatia,Gandak,Purba Champaran,26.53277778,84.55861111,0.028750337660312653
2024-06-18,chatia_gandak,Chatia,Gandak,Purba Champaran,26.53277778,84.55861111,0.014100637286901474
2024-06-19,chatia_gandak,Chatia,Gandak,Purba Champaran,26.53277778,84.55861111,10.550902366638184
2024-06-20,chatia_gandak,Chatia,Gandak,Purba Champaran,26.53277778,84.55861111,0.4756990075111389
2024-06-21,chatia_gandak,Chatia,Gandak,Purba Champaran,26.53277778,84.55861111,0.18870356678962708
2024-06-22,chatia_gandak,Chatia,Gandak,Purba Champaran,26.53277778,84.55861111,0.025103673338890076
2024-06-23,chatia_gandak,Chatia,Gandak,Purba Champaran,26.53277778,84.55861111,0.5487761497497559
2024-06-24,chatia_gandak,Chatia,Gandak,Purba Champaran,26.53277778,84.55861111,0.2231505662202835
2024-06-25,chatia_gandak,Chatia,Gandak,Purba Champaran,26.53277778,84.55861111,0.8374353051185608
2024-06-26,chatia_gandak,Chatia,Gandak,Purba Champaran,26.53277778,84.55861111,11.41043758392334
2024-06-27,chatia_gandak,Chatia,Gandak,Purba Champaran,26.53277778,84.55861111,5.105924129486084
2024-06-28,chatia_gandak,Chatia,Gandak,Purba Champaran,26.53277778,84.55861111,2.7061612606048584
2024-06-29,chatia_gandak,Chatia,Gandak,Purba Champaran,26.53277778,84.55861111,20.89493179321289
2024-06-30,chatia_gandak,Chatia,Gandak,Purba Champaran,26.53277778,84.55861111,6.397964954376221
2024-07-01,chatia_gandak,Chatia,Gandak,Purba Champaran,26.53277778,84.55861111,6.754752159118652
2024-07-02,chatia_gandak,Chatia,Gandak,Purba Champaran,26.53277778,84.55861111,4.770727634429932
2024-07-03,chatia_gandak,Chatia,Gandak,Purba Champaran,26.53277778,84.55861111,12.543099403381348
2024-07-04,chatia_gandak,Chatia,Gandak,Purba Champaran,26.53277778,84.55861111,6.616174697875977
2024-07-05,chatia_gandak,Chatia,Gandak,Purba Champaran,26.53277778,84.55861111,29.848447799682617
2024-07-06,chatia_gandak,Chatia,Gandak,Purba Champaran,26.53277778,84.55861111,23.46648406982422
2024-07-07,chatia_gandak,Chatia,Gandak,Purba Champaran,26.53277778,84.55861111,14.682323455810547
2024-07-08,chatia_gandak,Chatia,Gandak,Purba Champaran,26.53277778,84.55861111,5.929579257965088
2024-07-09,chatia_gandak,Chatia,Gandak,Purba Champaran,26.53277778,84.55861111,14.367877960205078
2024-07-10,chatia_gandak,Chatia,Gandak,Purba Champaran,26.53277778,84.55861111,6.617374420166016
2024-07-11,chatia_gandak,Chatia,Gandak,Purba Champaran,26.53277778,84.55861111,29.106752395629883
2024-07-12,chatia_gandak,Chatia,Gandak,Purba Champaran,26.53277778,84.55861111,20.867664337158203
2024-07-13,chatia_gandak,Chatia,Gandak,Purba Champaran,26.53277778,84.55861111,0.5720733404159546
2024-07-14,chatia_gandak,Chatia,Gandak,Purba Champaran,26.53277778,84.55861111,2.380747079849243
2024-07-15,chatia_gandak,Chatia,Gandak,Purba Champaran,26.53277778,84.55861111,0.7222691178321838
2024-07-16,chatia_gandak,Chatia,Gandak,Purba Champaran,26.53277778,84.55861111,3.3021814823150635
2024-07-17,chatia_gandak,Chatia,Gandak,Purba Champaran,26.53277778,84.55861111,5.040481090545654
2024-07-18,chatia_gandak,Chatia,Gandak,Purba Champaran,26.53277778,84.55861111,3.6143343448638916
2024-07-19,chatia_gandak,Chatia,Gandak,Purba Champaran,26.53277778,84.55861111,2.8096721172332764
2024-07-20,chatia_gandak,Chatia,Gandak,Purba Champaran,26.53277778,84.55861111,0.6571947932243347
2024-07-21,chatia_gandak,Chatia,Gandak,Purba Champaran,26.53277778,84.55861111,0.9600698351860046
2024-07-22,chatia_gandak,Chatia,Gandak,Purba Champaran,26.53277778,84.55861111,0.5308027267456055
2024-07-23,chatia_gandak,Chatia,Gandak,Purba Champaran,26.53277778,84.55861111,1.363985538482666
2024-07-24,chatia_gandak,Chatia,Gandak,Purba Champaran,26.53277778,84.55861111,0.29221847653388977
2024-07-25,chatia_gandak,Chatia,Gandak,Purba Champaran,26.53277778,84.55861111,1.241684913635254
2024-07-26,chatia_gandak,Chatia,Gandak,Purba Champaran,26.53277778,84.55861111,4.006345748901367
2024-07-27,chatia_gandak,Chatia,Gandak,Purba Champaran,26.53277778,84.55861111,2.6195569038391113
2024-07-28,chatia_gandak,Chatia,Gandak,Purba Champaran,26.53277778,84.55861111,0.8153076171875
2024-07-29,chatia_gandak,Chatia,Gandak,Purba Champaran,26.53277778,84.55861111,25.794160842895508
2024-07-30,chatia_gandak,Chatia,Gandak,Purba Champaran,26.53277778,84.55861111,33.348480224609375
2024-07-31,chatia_gandak,Chatia,Gandak,Purba Champaran,26.53277778,84.55861111,5.644792556762695
2024-08-01,chatia_gandak,Chatia,Gandak,Purba Champaran,26.53277778,84.55861111,2.946359872817993
2024-08-02,chatia_gandak,Chatia,Gandak,Purba Champaran,26.53277778,84.55861111,1.2222440242767334
2024-08-03,chatia_gandak,Chatia,Gandak,Purba Champaran,26.53277778,84.55861111,2.178551197052002
2024-08-04,chatia_gandak,Chatia,Gandak,Purba Champaran,26.53277778,84.55861111,4.107867240905762
2024-08-05,chatia_gandak,Chatia,Gandak,Purba Champaran,26.53277778,84.55861111,12.538366317749023
2024-08-06,chatia_gandak,Chatia,Gandak,Purba Champaran,26.53277778,84.55861111,10.143350601196289
2024-08-07,chatia_gandak,Chatia,Gandak,Purba Champaran,26.53277778,84.55861111,13.7725191116333
2024-08-08,chatia_gandak,Chatia,Gandak,Purba Champaran,26.53277778,84.55861111,3.1357641220092773
2024-08-09,chatia_gandak,Chatia,Gandak,Purba Champaran,26.53277778,84.55861111,9.598875999450684
2024-08-10,chatia_gandak,Chatia,Gandak,Purba Champaran,26.53277778,84.55861111,7.809054851531982
2024-08-11,chatia_gandak,Chatia,Gandak,Purba Champaran,26.53277778,84.55861111,11.698517799377441
2024-08-12,chatia_gandak,Chatia,Gandak,Purba Champaran,26.53277778,84.55861111,16.807716369628906
2024-08-13,chatia_gandak,Chatia,Gandak,Purba Champaran,26.53277778,84.55861111,19.387563705444336
2024-08-14,chatia_gandak,Chatia,Gandak,Purba Champaran,26.53277778,84.55861111,15.30204963684082
2024-08-15,chatia_gandak,Chatia,Gandak,Purba Champaran,26.53277778,84.55861111,6.559812068939209
2024-08-16,chatia_gandak,Chatia,Gandak,Purba Champaran,26.53277778,84.55861111,3.612131357192993
2024-08-17,chatia_gandak,Chatia,Gandak,Purba Champaran,26.53277778,84.55861111,14.267570495605469
2024-08-18,chatia_gandak,Chatia,Gandak,Purba Champaran,26.53277778,84.55861111,0.8480965495109558
2024-08-19,chatia_gandak,Chatia,Gandak,Purba Champaran,26.53277778,84.55861111,9.361522674560547
2024-08-20,chatia_gandak,Chatia,Gandak,Purba Champaran,26.53277778,84.55861111,4.664989948272705
2024-08-21,chatia_gandak,Chatia,Gandak,Purba Champaran,26.53277778,84.55861111,1.5749791860580444
2024-08-22,chatia_gandak,Chatia,Gandak,Purba Champaran,26.53277778,84.55861111,4.922478199005127
2024-08-23,chatia_gandak,Chatia,Gandak,Purba Champaran,26.53277778,84.55861111,7.698047637939453
2024-08-24,chatia_gandak,Chatia,Gandak,Purba Champaran,26.53277778,84.55861111,0.44277462363243103
2024-08-25,chatia_gandak,Chatia,Gandak,Purba Champaran,26.53277778,84.55861111,0.8924821019172668
2024-08-26,chatia_gandak,Chatia,Gandak,Purba Champaran,26.53277778,84.55861111,3.2805442810058594
2024-08-27,chatia_gandak,Chatia,Gandak,Purba Champaran,26.53277778,84.55861111,2.945838451385498
2024-08-28,chatia_gandak,Chatia,Gandak,Purba Champaran,26.53277778,84.55861111,10.777673721313477
2024-08-29,chatia_gandak,Chatia,Gandak,Purba Champaran,26.53277778,84.55861111,2.327077865600586
2024-08-30,chatia_gandak,Chatia,Gandak,Purba Champaran,26.53277778,84.55861111,1.3880252838134766
2024-08-31,chatia_gandak,Chatia,Gandak,Purba Champaran,26.53277778,84.55861111,4.015465259552002
2024-09-01,chatia_gandak,Chatia,Gandak,Purba Champaran,26.53277778,84.55861111,12.122925758361816
2024-09-02,chatia_gandak,Chatia,Gandak,Purba Champaran,26.53277778,84.55861111,3.3433353900909424
2024-09-03,chatia_gandak,Chatia,Gandak,Purba Champaran,26.53277778,84.55861111,13.359502792358398
2024-09-04,chatia_gandak,Chatia,Gandak,Purba Champaran,26.53277778,84.55861111,9.858223915100098
2024-09-05,chatia_gandak,Chatia,Gandak,Purba Champaran,26.53277778,84.55861111,19.853540420532227
2024-09-06,chatia_gandak,Chatia,Gandak,Purba Champaran,26.53277778,84.55861111,0.0
2024-09-07,chatia_gandak,Chatia,Gandak,Purba Champaran,26.53277778,84.55861111,0.0
2024-09-08,chatia_gandak,Chatia,Gandak,Purba Champaran,26.53277778,84.55861111,0.0
2024-09-09,chatia_gandak,Chatia,Gandak,Purba Champaran,26.53277778,84.55861111,0.0
2024-09-10,chatia_gandak,Chatia,Gandak,Purba Champaran,26.53277778,84.55861111,0.0
2024-09-11,chatia_gandak,Chatia,Gandak,Purba Champaran,26.53277778,84.55861111,11.607926368713379
2024-09-12,chatia_gandak,Chatia,Gandak,Purba Champaran,26.53277778,84.55861111,3.8239102363586426
2024-09-13,chatia_gandak,Chatia,Gandak,Purba Champaran,26.53277778,84.55861111,0.41202959418296814
2024-09-14,chatia_gandak,Chatia,Gandak,Purba Champaran,26.53277778,84.55861111,0.5499948859214783
2024-09-15,chatia_gandak,Chatia,Gandak,Purba Champaran,26.53277778,84.55861111,1.174831509590149
2024-09-16,chatia_gandak,Chatia,Gandak,Purba Champaran,26.53277778,84.55861111,3.8933088779449463
2024-09-17,chatia_gandak,Chatia,Gandak,Purba Champaran,26.53277778,84.55861111,3.4894661903381348
2024-09-18,chatia_gandak,Chatia,Gandak,Purba Champaran,26.53277778,84.55861111,0.053308434784412384
2024-09-19,chatia_gandak,Chatia,Gandak,Purba Champaran,26.53277778,84.55861111,0.0
2024-09-20,chatia_gandak,Chatia,Gandak,Purba Champaran,26.53277778,84.55861111,0.005878670606762171
2024-09-21,chatia_gandak,Chatia,Gandak,Purba Champaran,26.53277778,84.55861111,0.006865829695016146
2024-09-22,chatia_gandak,Chatia,Gandak,Purba Champaran,26.53277778,84.55861111,0.0
2024-09-23,chatia_gandak,Chatia,Gandak,Purba Champaran,26.53277778,84.55861111,0.0
2024-09-24,chatia_gandak,Chatia,Gandak,Purba Champaran,26.53277778,84.55861111,4.264364719390869
2024-09-25,chatia_gandak,Chatia,Gandak,Purba Champaran,26.53277778,84.55861111,8.49825668334961
2024-09-26,chatia_gandak,Chatia,Gandak,Purba Champaran,26.53277778,84.55861111,28.383525848388672
2024-09-27,chatia_gandak,Chatia,Gandak,Purba Champaran,26.53277778,84.55861111,110.79061889648438
2024-09-28,chatia_gandak,Chatia,Gandak,Purba Champaran,26.53277778,84.55861111,49.30973815917969
2024-09-29,chatia_gandak,Chatia,Gandak,Purba Champaran,26.53277778,84.55861111,1.4126088619232178
2024-09-30,chatia_gandak,Chatia,Gandak,Purba Champaran,26.53277778,84.55861111,1.493408203125
2024-10-01,chatia_gandak,Chatia,Gandak,Purba Champaran,26.53277778,84.55861111,0.3727698028087616
2024-10-02,chatia_gandak,Chatia,Gandak,Purba Champaran,26.53277778,84.55861111,0.4593769311904907
2024-10-03,chatia_gandak,Chatia,Gandak,Purba Champaran,26.53277778,84.55861111,1.5422773361206055
2024-10-04,chatia_gandak,Chatia,Gandak,Purba Champaran,26.53277778,84.55861111,1.0527235269546509
2024-10-05,chatia_gandak,Chatia,Gandak,Purba Champaran,26.53277778,84.55861111,1.2290410995483398
2024-10-06,chatia_gandak,Chatia,Gandak,Purba Champaran,26.53277778,84.55861111,0.9895437955856323
2024-10-07,chatia_gandak,Chatia,Gandak,Purba Champaran,26.53277778,84.55861111,1.0611908435821533
2024-10-08,chatia_gandak,Chatia,Gandak,Purba Champaran,26.53277778,84.55861111,0.4835595190525055
2024-10-09,chatia_gandak,Chatia,Gandak,Purba Champaran,26.53277778,84.55861111,1.1487916707992554
2024-10-10,chatia_gandak,Chatia,Gandak,Purba Champaran,26.53277778,84.55861111,0.5183364152908325
2024-10-11,chatia_gandak,Chatia,Gandak,Purba Champaran,26.53277778,84.55861111,0.2751772403717041
2024-10-12,chatia_gandak,Chatia,Gandak,Purba Champaran,26.53277778,84.55861111,0.0
2024-10-13,chatia_gandak,Chatia,Gandak,Purba Champaran,26.53277778,84.55861111,1.018088459968567
2024-10-14,chatia_gandak,Chatia,Gandak,Purba Champaran,26.53277778,84.55861111,1.490822434425354
2024-10-15,chatia_gandak,Chatia,Gandak,Purba Champaran,26.53277778,84.55861111,0.5865861177444458
2024-10-16,chatia_gandak,Chatia,Gandak,Purba Champaran,26.53277778,84.55861111,0.14785586297512054
2024-10-17,chatia_gandak,Chatia,Gandak,Purba Champaran,26.53277778,84.55861111,0.4631280303001404
2024-10-18,chatia_gandak,Chatia,Gandak,Purba Champaran,26.53277778,84.55861111,0.6820532083511353
2024-10-19,chatia_gandak,Chatia,Gandak,Purba Champaran,26.53277778,84.55861111,2.012835741043091
2024-10-20,chatia_gandak,Chatia,Gandak,Purba Champaran,26.53277778,84.55861111,5.411093711853027
2024-10-21,chatia_gandak,Chatia,Gandak,Purba Champaran,26.53277778,84.55861111,2.5949079990386963
2024-10-22,chatia_gandak,Chatia,Gandak,Purba Champaran,26.53277778,84.55861111,0.0
2024-10-23,chatia_gandak,Chatia,Gandak,Purba Champaran,26.53277778,84.55861111,0.0013661534758284688
2024-10-24,chatia_gandak,Chatia,Gandak,Purba Champaran,26.53277778,84.55861111,0.4996066093444824
2024-10-25,chatia_gandak,Chatia,Gandak,Purba Champaran,26.53277778,84.55861111,0.01775999367237091
2024-10-26,chatia_gandak,Chatia,Gandak,Purba Champaran,26.53277778,84.55861111,0.7926098704338074
2024-10-27,chatia_gandak,Chatia,Gandak,Purba Champaran,26.53277778,84.55861111,0.1907970905303955
2024-10-28,chatia_gandak,Chatia,Gandak,Purba Champaran,26.53277778,84.55861111,0.7076587677001953
2024-10-29,chatia_gandak,Chatia,Gandak,Purba Champaran,26.53277778,84.55861111,0.878057599067688
2024-10-30,chatia_gandak,Chatia,Gandak,Purba Champaran,26.53277778,84.55861111,0.5657681226730347
2024-10-31,chatia_gandak,Chatia,Gandak,Purba Champaran,26.53277778,84.55861111,3.508565902709961
2024-11-01,chatia_gandak,Chatia,Gandak,Purba Champaran,26.53277778,84.55861111,0.3132156729698181
2024-11-02,chatia_gandak,Chatia,Gandak,Purba Champaran,26.53277778,84.55861111,0.3334566354751587
2024-11-03,chatia_gandak,Chatia,Gandak,Purba Champaran,26.53277778,84.55861111,0.003885432379320264
2024-11-04,chatia_gandak,Chatia,Gandak,Purba Champaran,26.53277778,84.55861111,1.1371691226959229
2024-11-05,chatia_gandak,Chatia,Gandak,Purba Champaran,26.53277778,84.55861111,0.3365080654621124
2024-11-06,chatia_gandak,Chatia,Gandak,Purba Champaran,26.53277778,84.55861111,0.008093800395727158
2024-11-07,chatia_gandak,Chatia,Gandak,Purba Champaran,26.53277778,84.55861111,0.0
2024-11-08,chatia_gandak,Chatia,Gandak,Purba Champaran,26.53277778,84.55861111,0.0
2024-11-09,chatia_gandak,Chatia,Gandak,Purba Champaran,26.53277778,84.55861111,0.869557797908783
2024-11-10,chatia_gandak,Chatia,Gandak,Purba Champaran,26.53277778,84.55861111,0.3028111457824707
2024-11-11,chatia_gandak,Chatia,Gandak,Purba Champaran,26.53277778,84.55861111,0.09790436923503876
2024-11-12,chatia_gandak,Chatia,Gandak,Purba Champaran,26.53277778,84.55861111,0.3365660309791565
2024-11-13,chatia_gandak,Chatia,Gandak,Purba Champaran,26.53277778,84.55861111,0.0006733365589752793
2024-11-14,chatia_gandak,Chatia,Gandak,Purba Champaran,26.53277778,84.55861111,0.0
2024-11-15,chatia_gandak,Chatia,Gandak,Purba Champaran,26.53277778,84.55861111,0.0
2024-11-16,chatia_gandak,Chatia,Gandak,Purba Champaran,26.53277778,84.55861111,0.0
2024-11-17,chatia_gandak,Chatia,Gandak,Purba Champaran,26.53277778,84.55861111,0.0
2024-11-18,chatia_gandak,Chatia,Gandak,Purba Champaran,26.53277778,84.55861111,0.0
2024-11-19,chatia_gandak,Chatia,Gandak,Purba Champaran,26.53277778,84.55861111,0.0
2024-11-20,chatia_gandak,Chatia,Gandak,Purba Champaran,26.53277778,84.55861111,0.0
2024-11-21,chatia_gandak,Chatia,Gandak,Purba Champaran,26.53277778,84.55861111,0.0
2024-11-22,chatia_gandak,Chatia,Gandak,Purba Champaran,26.53277778,84.55861111,0.0
2024-11-23,chatia_gandak,Chatia,Gandak,Purba Champaran,26.53277778,84.55861111,0.0
2024-11-24,chatia_gandak,Chatia,Gandak,Purba Champaran,26.53277778,84.55861111,0.0
2024-11-25,chatia_gandak,Chatia,Gandak,Purba Champaran,26.53277778,84.55861111,0.0
2024-11-26,chatia_gandak,Chatia,Gandak,Purba Champaran,26.53277778,84.55861111,0.012292941100895405
2024-11-27,chatia_gandak,Chatia,Gandak,Purba Champaran,26.53277778,84.55861111,0.012292941100895405
2024-11-28,chatia_gandak,Chatia,Gandak,Purba Champaran,26.53277778,84.55861111,0.012292941100895405
2024-11-29,chatia_gandak,Chatia,Gandak,Purba Champaran,26.53277778,84.55861111,0.012292941100895405
2024-11-30,chatia_gandak,Chatia,Gandak,Purba Champaran,26.53277778,84.55861111,0.012292941100895405
2024-12-01,chatia_gandak,Chatia,Gandak,Purba Champaran,26.53277778,84.55861111,0.0
2024-12-02,chatia_gandak,Chatia,Gandak,Purba Champaran,26.53277778,84.55861111,0.0
2024-12-03,chatia_gandak,Chatia,Gandak,Purba Champaran,26.53277778,84.55861111,0.0
2024-12-04,chatia_gandak,Chatia,Gandak,Purba Champaran,26.53277778,84.55861111,0.0
2024-12-05,chatia_gandak,Chatia,Gandak,Purba Champaran,26.53277778,84.55861111,0.0
2024-12-06,chatia_gandak,Chatia,Gandak,Purba Champaran,26.53277778,84.55861111,0.0
2024-12-07,chatia_gandak,Chatia,Gandak,Purba Champaran,26.53277778,84.55861111,0.0
2024-12-08,chatia_gandak,Chatia,Gandak,Purba Champaran,26.53277778,84.55861111,0.0
2024-12-09,chatia_gandak,Chatia,Gandak,Purba Champaran,26.53277778,84.55861111,0.0
2024-12-10,chatia_gandak,Chatia,Gandak,Purba Champaran,26.53277778,84.55861111,0.0
2024-12-11,chatia_gandak,Chatia,Gandak,Purba Champaran,26.53277778,84.55861111,0.031171003356575966
2024-12-12,chatia_gandak,Chatia,Gandak,Purba Champaran,26.53277778,84.55861111,0.031171003356575966
2024-12-13,chatia_gandak,Chatia,Gandak,Purba Champaran,26.53277778,84.55861111,0.031171003356575966
2024-12-14,chatia_gandak,Chatia,Gandak,Purba Champaran,26.53277778,84.55861111,0.031171003356575966
2024-12-15,chatia_gandak,Chatia,Gandak,Purba Champaran,26.53277778,84.55861111,0.031171003356575966
2024-12-16,chatia_gandak,Chatia,Gandak,Purba Champaran,26.53277778,84.55861111,0.0
2024-12-17,chatia_gandak,Chatia,Gandak,Purba Champaran,26.53277778,84.55861111,0.0
2024-12-18,chatia_gandak,Chatia,Gandak,Purba Champaran,26.53277778,84.55861111,0.0
2024-12-19,chatia_gandak,Chatia,Gandak,Purba Champaran,26.53277778,84.55861111,0.0
2024-12-20,chatia_gandak,Chatia,Gandak,Purba Champaran,26.53277778,84.55861111,0.0
2024-12-21,chatia_gandak,Chatia,Gandak,Purba Champaran,26.53277778,84.55861111,0.0
2024-12-22,chatia_gandak,Chatia,Gandak,Purba Champaran,26.53277778,84.55861111,0.0
2024-12-23,chatia_gandak,Chatia,Gandak,Purba Champaran,26.53277778,84.55861111,0.0
2024-12-24,chatia_gandak,Chatia,Gandak,Purba Champaran,26.53277778,84.55861111,0.0
2024-12-25,chatia_gandak,Chatia,Gandak,Purba Champaran,26.53277778,84.55861111,0.0
2024-12-26,chatia_gandak,Chatia,Gandak,Purba Champaran,26.53277778,84.55861111,0.0
2024-12-27,chatia_gandak,Chatia,Gandak,Purba Champaran,26.53277778,84.55861111,0.0005345255485735834
2024-12-28,chatia_gandak,Chatia,Gandak,Purba Champaran,26.53277778,84.55861111,1.0653924942016602
2024-12-29,chatia_gandak,Chatia,Gandak,Purba Champaran,26.53277778,84.55861111,0.0
2024-12-30,chatia_gandak,Chatia,Gandak,Purba Champaran,26.53277778,84.55861111,0.003925967961549759
2024-12-31,chatia_gandak,Chatia,Gandak,Purba Champaran,26.53277778,84.55861111,0.0005345255485735834
2024-01-01,dumariaghat_gandak,Dumariaghat,Gandak,Gopalganj,26.35888889,84.74805556,0.0
2024-01-02,dumariaghat_gandak,Dumariaghat,Gandak,Gopalganj,26.35888889,84.74805556,0.047202084213495255
2024-01-03,dumariaghat_gandak,Dumariaghat,Gandak,Gopalganj,26.35888889,84.74805556,0.0
2024-01-04,dumariaghat_gandak,Dumariaghat,Gandak,Gopalganj,26.35888889,84.74805556,0.026435228064656258
2024-01-05,dumariaghat_gandak,Dumariaghat,Gandak,Gopalganj,26.35888889,84.74805556,1.2539211511611938
2024-01-06,dumariaghat_gandak,Dumariaghat,Gandak,Gopalganj,26.35888889,84.74805556,1.796598196029663
2024-01-07,dumariaghat_gandak,Dumariaghat,Gandak,Gopalganj,26.35888889,84.74805556,0.007319792173802853
2024-01-08,dumariaghat_gandak,Dumariaghat,Gandak,Gopalganj,26.35888889,84.74805556,0.0020936487708240747
2024-01-09,dumariaghat_gandak,Dumariaghat,Gandak,Gopalganj,26.35888889,84.74805556,0.0
2024-01-10,dumariaghat_gandak,Dumariaghat,Gandak,Gopalganj,26.35888889,84.74805556,0.0
2024-01-11,dumariaghat_gandak,Dumariaghat,Gandak,Gopalganj,26.35888889,84.74805556,0.0
2024-01-12,dumariaghat_gandak,Dumariaghat,Gandak,Gopalganj,26.35888889,84.74805556,0.0
2024-01-13,dumariaghat_gandak,Dumariaghat,Gandak,Gopalganj,26.35888889,84.74805556,0.006783708464354277
2024-01-14,dumariaghat_gandak,Dumariaghat,Gandak,Gopalganj,26.35888889,84.74805556,0.5436598658561707
2024-01-15,dumariaghat_gandak,Dumariaghat,Gandak,Gopalganj,26.35888889,84.74805556,0.2326505333185196
2024-01-16,dumariaghat_gandak,Dumariaghat,Gandak,Gopalganj,26.35888889,84.74805556,0.10320396721363068
2024-01-17,dumariaghat_gandak,Dumariaghat,Gandak,Gopalganj,26.35888889,84.74805556,0.043653734028339386
2024-01-18,dumariaghat_gandak,Dumariaghat,Gandak,Gopalganj,26.35888889,84.74805556,0.469148725271225
2024-01-19,dumariaghat_gandak,Dumariaghat,Gandak,Gopalganj,26.35888889,84.74805556,0.0006892058299854398
2024-01-20,dumariaghat_gandak,Dumariaghat,Gandak,Gopalganj,26.35888889,84.74805556,0.0
2024-01-21,dumariaghat_gandak,Dumariaghat,Gandak,Gopalganj,26.35888889,84.74805556,0.0
2024-01-22,dumariaghat_gandak,Dumariaghat,Gandak,Gopalganj,26.35888889,84.74805556,0.20703810453414917
2024-01-23,dumariaghat_gandak,Dumariaghat,Gandak,Gopalganj,26.35888889,84.74805556,0.010896741412580013
2024-01-24,dumariaghat_gandak,Dumariaghat,Gandak,Gopalganj,26.35888889,84.74805556,0.5993208289146423
2024-01-25,dumariaghat_gandak,Dumariaghat,Gandak,Gopalganj,26.35888889,84.74805556,0.0
2024-01-26,dumariaghat_gandak,Dumariaghat,Gandak,Gopalganj,26.35888889,84.74805556,0.0
2024-01-27,dumariaghat_gandak,Dumariaghat,Gandak,Gopalganj,26.35888889,84.74805556,0.0
2024-01-28,dumariaghat_gandak,Dumariaghat,Gandak,Gopalganj,26.35888889,84.74805556,0.0
2024-01-29,dumariaghat_gandak,Dumariaghat,Gandak,Gopalganj,26.35888889,84.74805556,0.0
2024-01-30,dumariaghat_gandak,Dumariaghat,Gandak,Gopalganj,26.35888889,84.74805556,0.0
2024-01-31,dumariaghat_gandak,Dumariaghat,Gandak,Gopalganj,26.35888889,84.74805556,0.0
2024-02-01,dumariaghat_gandak,Dumariaghat,Gandak,Gopalganj,26.35888889,84.74805556,0.0
2024-02-02,dumariaghat_gandak,Dumariaghat,Gandak,Gopalganj,26.35888889,84.74805556,0.0
2024-02-03,dumariaghat_gandak,Dumariaghat,Gandak,Gopalganj,26.35888889,84.74805556,0.0
2024-02-04,dumariaghat_gandak,Dumariaghat,Gandak,Gopalganj,26.35888889,84.74805556,0.0
2024-02-05,dumariaghat_gandak,Dumariaghat,Gandak,Gopalganj,26.35888889,84.74805556,0.0
2024-02-06,dumariaghat_gandak,Dumariaghat,Gandak,Gopalganj,26.35888889,84.74805556,0.0
2024-02-07,dumariaghat_gandak,Dumariaghat,Gandak,Gopalganj,26.35888889,84.74805556,0.0
2024-02-08,dumariaghat_gandak,Dumariaghat,Gandak,Gopalganj,26.35888889,84.74805556,0.0
2024-02-09,dumariaghat_gandak,Dumariaghat,Gandak,Gopalganj,26.35888889,84.74805556,0.0
2024-02-10,dumariaghat_gandak,Dumariaghat,Gandak,Gopalganj,26.35888889,84.74805556,0.0
2024-02-11,dumariaghat_gandak,Dumariaghat,Gandak,Gopalganj,26.35888889,84.74805556,0.0
2024-02-12,dumariaghat_gandak,Dumariaghat,Gandak,Gopalganj,26.35888889,84.74805556,0.0
2024-02-13,dumariaghat_gandak,Dumariaghat,Gandak,Gopalganj,26.35888889,84.74805556,0.0
2024-02-14,dumariaghat_gandak,Dumariaghat,Gandak,Gopalganj,26.35888889,84.74805556,0.0
2024-02-15,dumariaghat_gandak,Dumariaghat,Gandak,Gopalganj,26.35888889,84.74805556,0.0
2024-02-16,dumariaghat_gandak,Dumariaghat,Gandak,Gopalganj,26.35888889,84.74805556,0.0
2024-02-17,dumariaghat_gandak,Dumariaghat,Gandak,Gopalganj,26.35888889,84.74805556,0.0
2024-02-18,dumariaghat_gandak,Dumariaghat,Gandak,Gopalganj,26.35888889,84.74805556,0.0
2024-02-19,dumariaghat_gandak,Dumariaghat,Gandak,Gopalganj,26.35888889,84.74805556,0.0
2024-02-20,dumariaghat_gandak,Dumariaghat,Gandak,Gopalganj,26.35888889,84.74805556,0.0
2024-02-21,dumariaghat_gandak,Dumariaghat,Gandak,Gopalganj,26.35888889,84.74805556,0.0
2024-02-22,dumariaghat_gandak,Dumariaghat,Gandak,Gopalganj,26.35888889,84.74805556,0.0
2024-02-23,dumariaghat_gandak,Dumariaghat,Gandak,Gopalganj,26.35888889,84.74805556,0.0
2024-02-24,dumariaghat_gandak,Dumariaghat,Gandak,Gopalganj,26.35888889,84.74805556,0.0
2024-02-25,dumariaghat_gandak,Dumariaghat,Gandak,Gopalganj,26.35888889,84.74805556,0.0
2024-02-26,dumariaghat_gandak,Dumariaghat,Gandak,Gopalganj,26.35888889,84.74805556,2.1696672439575195
2024-02-27,dumariaghat_gandak,Dumariaghat,Gandak,Gopalganj,26.35888889,84.74805556,0.5483428239822388
2024-02-28,dumariaghat_gandak,Dumariaghat,Gandak,Gopalganj,26.35888889,84.74805556,0.339751273393631
2024-02-29,dumariaghat_gandak,Dumariaghat,Gandak,Gopalganj,26.35888889,84.74805556,0.339751273393631
2024-03-01,dumariaghat_gandak,Dumariaghat,Gandak,Gopalganj,26.35888889,84.74805556,0.0
2024-03-02,dumariaghat_gandak,Dumariaghat,Gandak,Gopalganj,26.35888889,84.74805556,0.0
2024-03-03,dumariaghat_gandak,Dumariaghat,Gandak,Gopalganj,26.35888889,84.74805556,0.0
2024-03-04,dumariaghat_gandak,Dumariaghat,Gandak,Gopalganj,26.35888889,84.74805556,0.0
2024-03-05,dumariaghat_gandak,Dumariaghat,Gandak,Gopalganj,26.35888889,84.74805556,0.0
2024-03-06,dumariaghat_gandak,Dumariaghat,Gandak,Gopalganj,26.35888889,84.74805556,0.0
2024-03-07,dumariaghat_gandak,Dumariaghat,Gandak,Gopalganj,26.35888889,84.74805556,0.0
2024-03-08,dumariaghat_gandak,Dumariaghat,Gandak,Gopalganj,26.35888889,84.74805556,0.0
2024-03-09,dumariaghat_gandak,Dumariaghat,Gandak,Gopalganj,26.35888889,84.74805556,0.0
2024-03-10,dumariaghat_gandak,Dumariaghat,Gandak,Gopalganj,26.35888889,84.74805556,0.0
2024-03-11,dumariaghat_gandak,Dumariaghat,Gandak,Gopalganj,26.35888889,84.74805556,0.0
2024-03-12,dumariaghat_gandak,Dumariaghat,Gandak,Gopalganj,26.35888889,84.74805556,0.0
2024-03-13,dumariaghat_gandak,Dumariaghat,Gandak,Gopalganj,26.35888889,84.74805556,0.0
2024-03-14,dumariaghat_gandak,Dumariaghat,Gandak,Gopalganj,26.35888889,84.74805556,0.0
2024-03-15,dumariaghat_gandak,Dumariaghat,Gandak,Gopalganj,26.35888889,84.74805556,0.0
2024-03-16,dumariaghat_gandak,Dumariaghat,Gandak,Gopalganj,26.35888889,84.74805556,0.0
2024-03-17,dumariaghat_gandak,Dumariaghat,Gandak,Gopalganj,26.35888889,84.74805556,0.0
2024-03-18,dumariaghat_gandak,Dumariaghat,Gandak,Gopalganj,26.35888889,84.74805556,0.0
2024-03-19,dumariaghat_gandak,Dumariaghat,Gandak,Gopalganj,26.35888889,84.74805556,0.22397610545158386
2024-03-20,dumariaghat_gandak,Dumariaghat,Gandak,Gopalganj,26.35888889,84.74805556,26.794147491455078
2024-03-21,dumariaghat_gandak,Dumariaghat,Gandak,Gopalganj,26.35888889,84.74805556,0.0
2024-03-22,dumariaghat_gandak,Dumariaghat,Gandak,Gopalganj,26.35888889,84.74805556,0.0
2024-03-23,dumariaghat_gandak,Dumariaghat,Gandak,Gopalganj,26.35888889,84.74805556,0.0
2024-03-24,dumariaghat_gandak,Dumariaghat,Gandak,Gopalganj,26.35888889,84.74805556,0.0
2024-03-25,dumariaghat_gandak,Dumariaghat,Gandak,Gopalganj,26.35888889,84.74805556,0.0
2024-03-26,dumariaghat_gandak,Dumariaghat,Gandak,Gopalganj,26.35888889,84.74805556,0.9307025074958801
2024-03-27,dumariaghat_gandak,Dumariaghat,Gandak,Gopalganj,26.35888889,84.74805556,0.285020649433136
2024-03-28,dumariaghat_gandak,Dumariaghat,Gandak,Gopalganj,26.35888889,84.74805556,0.10851536691188812
2024-03-29,dumariaghat_gandak,Dumariaghat,Gandak,Gopalganj,26.35888889,84.74805556,0.0
2024-03-30,dumariaghat_gandak,Dumariaghat,Gandak,Gopalganj,26.35888889,84.74805556,0.1863471120595932
2024-03-31,dumariaghat_gandak,Dumariaghat,Gandak,Gopalganj,26.35888889,84.74805556,0.27778637409210205
2024-04-01,dumariaghat_gandak,Dumariaghat,Gandak,Gopalganj,26.35888889,84.74805556,0.0
2024-04-02,dumariaghat_gandak,Dumariaghat,Gandak,Gopalganj,26.35888889,84.74805556,0.0
2024-04-03,dumariaghat_gandak,Dumariaghat,Gandak,Gopalganj,26.35888889,84.74805556,0.0
2024-04-04,dumariaghat_gandak,Dumariaghat,Gandak,Gopalganj,26.35888889,84.74805556,0.0
2024-04-05,dumariaghat_gandak,Dumariaghat,Gandak,Gopalganj,26.35888889,84.74805556,0.0
2024-04-06,dumariaghat_gandak,Dumariaghat,Gandak,Gopalganj,26.35888889,84.74805556,0.0
2024-04-07,dumariaghat_gandak,Dumariaghat,Gandak,Gopalganj,26.35888889,84.74805556,0.0
2024-04-08,dumariaghat_gandak,Dumariaghat,Gandak,Gopalganj,26.35888889,84.74805556,0.0
2024-04-09,dumariaghat_gandak,Dumariaghat,Gandak,Gopalganj,26.35888889,84.74805556,0.0
2024-04-10,dumariaghat_gandak,Dumariaghat,Gandak,Gopalganj,26.35888889,84.74805556,0.0
2024-04-11,dumariaghat_gandak,Dumariaghat,Gandak,Gopalganj,26.35888889,84.74805556,0.0005391129525378346
2024-04-12,dumariaghat_gandak,Dumariaghat,Gandak,Gopalganj,26.35888889,84.74805556,0.2607540488243103
2024-04-13,dumariaghat_gandak,Dumariaghat,Gandak,Gopalganj,26.35888889,84.74805556,0.004500424023717642
2024-04-14,dumariaghat_gandak,Dumariaghat,Gandak,Gopalganj,26.35888889,84.74805556,0.0354837104678154
2024-04-15,dumariaghat_gandak,Dumariaghat,Gandak,Gopalganj,26.35888889,84.74805556,0.008151112124323845
2024-04-16,dumariaghat_gandak,Dumariaghat,Gandak,Gopalganj,26.35888889,84.74805556,0.0
2024-04-17,dumariaghat_gandak,Dumariaghat,Gandak,Gopalganj,26.35888889,84.74805556,0.0
2024-04-18,dumariaghat_gandak,Dumariaghat,Gandak,Gopalganj,26.35888889,84.74805556,0.0
2024-04-19,dumariaghat_gandak,Dumariaghat,Gandak,Gopalganj,26.35888889,84.74805556,0.0
2024-04-20,dumariaghat_gandak,Dumariaghat,Gandak,Gopalganj,26.35888889,84.74805556,0.0
2024-04-21,dumariaghat_gandak,Dumariaghat,Gandak,Gopalganj,26.35888889,84.74805556,0.0
2024-04-22,dumariaghat_gandak,Dumariaghat,Gandak,Gopalganj,26.35888889,84.74805556,0.0
2024-04-23,dumariaghat_gandak,Dumariaghat,Gandak,Gopalganj,26.35888889,84.74805556,0.0
2024-04-24,dumariaghat_gandak,Dumariaghat,Gandak,Gopalganj,26.35888889,84.74805556,0.0
2024-04-25,dumariaghat_gandak,Dumariaghat,Gandak,Gopalganj,26.35888889,84.74805556,0.0
2024-04-26,dumariaghat_gandak,Dumariaghat,Gandak,Gopalganj,26.35888889,84.74805556,0.0
2024-04-27,dumariaghat_gandak,Dumariaghat,Gandak,Gopalganj,26.35888889,84.74805556,0.0
2024-04-28,dumariaghat_gandak,Dumariaghat,Gandak,Gopalganj,26.35888889,84.74805556,0.0
2024-04-29,dumariaghat_gandak,Dumariaghat,Gandak,Gopalganj,26.35888889,84.74805556,0.0
2024-04-30,dumariaghat_gandak,Dumariaghat,Gandak,Gopalganj,26.35888889,84.74805556,0.0
2024-05-01,dumariaghat_gandak,Dumariaghat,Gandak,Gopalganj,26.35888889,84.74805556,0.0
2024-05-02,dumariaghat_gandak,Dumariaghat,Gandak,Gopalganj,26.35888889,84.74805556,0.0
2024-05-03,dumariaghat_gandak,Dumariaghat,Gandak,Gopalganj,26.35888889,84.74805556,0.0
2024-05-04,dumariaghat_gandak,Dumariaghat,Gandak,Gopalganj,26.35888889,84.74805556,0.0
2024-05-05,dumariaghat_gandak,Dumariaghat,Gandak,Gopalganj,26.35888889,84.74805556,0.0
2024-05-06,dumariaghat_gandak,Dumariaghat,Gandak,Gopalganj,26.35888889,84.74805556,0.0
2024-05-07,dumariaghat_gandak,Dumariaghat,Gandak,Gopalganj,26.35888889,84.74805556,0.0
2024-05-08,dumariaghat_gandak,Dumariaghat,Gandak,Gopalganj,26.35888889,84.74805556,0.0
2024-05-09,dumariaghat_gandak,Dumariaghat,Gandak,Gopalganj,26.35888889,84.74805556,0.0
2024-05-10,dumariaghat_gandak,Dumariaghat,Gandak,Gopalganj,26.35888889,84.74805556,0.0
2024-05-11,dumariaghat_gandak,Dumariaghat,Gandak,Gopalganj,26.35888889,84.74805556,0.0
2024-05-12,dumariaghat_gandak,Dumariaghat,Gandak,Gopalganj,26.35888889,84.74805556,0.0
2024-05-13,dumariaghat_gandak,Dumariaghat,Gandak,Gopalganj,26.35888889,84.74805556,0.0
2024-05-14,dumariaghat_gandak,Dumariaghat,Gandak,Gopalganj,26.35888889,84.74805556,0.0
2024-05-15,dumariaghat_gandak,Dumariaghat,Gandak,Gopalganj,26.35888889,84.74805556,0.0
2024-05-16,dumariaghat_gandak,Dumariaghat,Gandak,Gopalganj,26.35888889,84.74805556,0.0
2024-05-17,dumariaghat_gandak,Dumariaghat,Gandak,Gopalganj,26.35888889,84.74805556,0.0
2024-05-18,dumariaghat_gandak,Dumariaghat,Gandak,Gopalganj,26.35888889,84.74805556,0.01746649108827114
2024-05-19,dumariaghat_gandak,Dumariaghat,Gandak,Gopalganj,26.35888889,84.74805556,0.18135708570480347
2024-05-20,dumariaghat_gandak,Dumariaghat,Gandak,Gopalganj,26.35888889,84.74805556,0.18024073541164398
2024-05-21,dumariaghat_gandak,Dumariaghat,Gandak,Gopalganj,26.35888889,84.74805556,0.42131492495536804
2024-05-22,dumariaghat_gandak,Dumariaghat,Gandak,Gopalganj,26.35888889,84.74805556,0.8413806557655334
2024-05-23,dumariaghat_gandak,Dumariaghat,Gandak,Gopalganj,26.35888889,84.74805556,0.548970639705658
2024-05-24,dumariaghat_gandak,Dumariaghat,Gandak,Gopalganj,26.35888889,84.74805556,0.008498636074364185
2024-05-25,dumariaghat_gandak,Dumariaghat,Gandak,Gopalganj,26.35888889,84.74805556,0.010138951241970062
2024-05-26,dumariaghat_gandak,Dumariaghat,Gandak,Gopalganj,26.35888889,84.74805556,2.45047664642334
2024-05-27,dumariaghat_gandak,Dumariaghat,Gandak,Gopalganj,26.35888889,84.74805556,2.2136874198913574
2024-05-28,dumariaghat_gandak,Dumariaghat,Gandak,Gopalganj,26.35888889,84.74805556,0.0005438457010313869
2024-05-29,dumariaghat_gandak,Dumariaghat,Gandak,Gopalganj,26.35888889,84.74805556,0.0
2024-05-30,dumariaghat_gandak,Dumariaghat,Gandak,Gopalganj,26.35888889,84.74805556,0.18356682360172272
2024-05-31,dumariaghat_gandak,Dumariaghat,Gandak,Gopalganj,26.35888889,84.74805556,0.0046979645267128944
2024-06-01,dumariaghat_gandak,Dumariaghat,Gandak,Gopalganj,26.35888889,84.74805556,0.15948040783405304
2024-06-02,dumariaghat_gandak,Dumariaghat,Gandak,Gopalganj,26.35888889,84.74805556,0.3425106704235077
2024-06-03,dumariaghat_gandak,Dumariaghat,Gandak,Gopalganj,26.35888889,84.74805556,2.460740804672241
2024-06-04,dumariaghat_gandak,Dumariaghat,Gandak,Gopalganj,26.35888889,84.74805556,1.3821989297866821
2024-06-05,dumariaghat_gandak,Dumariaghat,Gandak,Gopalganj,26.35888889,84.74805556,1.6558412313461304
2024-06-06,dumariaghat_gandak,Dumariaghat,Gandak,Gopalganj,26.35888889,84.74805556,2.9062037467956543
2024-06-07,dumariaghat_gandak,Dumariaghat,Gandak,Gopalganj,26.35888889,84.74805556,1.3191375732421875
2024-06-08,dumariaghat_gandak,Dumariaghat,Gandak,Gopalganj,26.35888889,84.74805556,0.0424765981733799
2024-06-09,dumariaghat_gandak,Dumariaghat,Gandak,Gopalganj,26.35888889,84.74805556,0.00907299853861332
2024-06-10,dumariaghat_gandak,Dumariaghat,Gandak,Gopalganj,26.35888889,84.74805556,0.0
2024-06-11,dumariaghat_gandak,Dumariaghat,Gandak,Gopalganj,26.35888889,84.74805556,0.0413806177675724
2024-06-12,dumariaghat_gandak,Dumariaghat,Gandak,Gopalganj,26.35888889,84.74805556,0.0661553144454956
2024-06-13,dumariaghat_gandak,Dumariaghat,Gandak,Gopalganj,26.35888889,84.74805556,0.011308672837913036
2024-06-14,dumariaghat_gandak,Dumariaghat,Gandak,Gopalganj,26.35888889,84.74805556,0.05432320386171341
2024-06-15,dumariaghat_gandak,Dumariaghat,Gandak,Gopalganj,26.35888889,84.74805556,0.20526710152626038
2024-06-16,dumariaghat_gandak,Dumariaghat,Gandak,Gopalganj,26.35888889,84.74805556,0.06488076597452164
2024-06-17,dumariaghat_gandak,Dumariaghat,Gandak,Gopalganj,26.35888889,84.74805556,0.02585846185684204
2024-06-18,dumariaghat_gandak,Dumariaghat,Gandak,Gopalganj,26.35888889,84.74805556,0.06739772111177444
2024-06-19,dumariaghat_gandak,Dumariaghat,Gandak,Gopalganj,26.35888889,84.74805556,13.854500770568848
2024-06-20,dumariaghat_gandak,Dumariaghat,Gandak,Gopalganj,26.35888889,84.74805556,0.8739074468612671
2024-06-21,dumariaghat_gandak,Dumariaghat,Gandak,Gopalganj,26.35888889,84.74805556,0.10646477341651917
2024-06-22,dumariaghat_gandak,Dumariaghat,Gandak,Gopalganj,26.35888889,84.74805556,0.015173474326729774
2024-06-23,dumariaghat_gandak,Dumariaghat,Gandak,Gopalganj,26.35888889,84.74805556,0.18676382303237915
2024-06-24,dumariaghat_gandak,Dumariaghat,Gandak,Gopalganj,26.35888889,84.74805556,0.1193428635597229
2024-06-25,dumariaghat_gandak,Dumariaghat,Gandak,Gopalganj,26.35888889,84.74805556,0.39914512634277344
2024-06-26,dumariaghat_gandak,Dumariaghat,Gandak,Gopalganj,26.35888889,84.74805556,5.901938438415527
2024-06-27,dumariaghat_gandak,Dumariaghat,Gandak,Gopalganj,26.35888889,84.74805556,4.11765718460083
2024-06-28,dumariaghat_gandak,Dumariaghat,Gandak,Gopalganj,26.35888889,84.74805556,0.985908567905426
2024-06-29,dumariaghat_gandak,Dumariaghat,Gandak,Gopalganj,26.35888889,84.74805556,14.240360260009766
2024-06-30,dumariaghat_gandak,Dumariaghat,Gandak,Gopalganj,26.35888889,84.74805556,3.155184030532837
2024-07-01,dumariaghat_gandak,Dumariaghat,Gandak,Gopalganj,26.35888889,84.74805556,11.32425594329834
2024-07-02,dumariaghat_gandak,Dumariaghat,Gandak,Gopalganj,26.35888889,84.74805556,10.963150978088379
2024-07-03,dumariaghat_gandak,Dumariaghat,Gandak,Gopalganj,26.35888889,84.74805556,15.226617813110352
2024-07-04,dumariaghat_gandak,Dumariaghat,Gandak,Gopalganj,26.35888889,84.74805556,11.602961540222168
2024-07-05,dumariaghat_gandak,Dumariaghat,Gandak,Gopalganj,26.35888889,84.74805556,35.17551040649414
2024-07-06,dumariaghat_gandak,Dumariaghat,Gandak,Gopalganj,26.35888889,84.74805556,12.912307739257812
2024-07-07,dumariaghat_gandak,Dumariaghat,Gandak,Gopalganj,26.35888889,84.74805556,9.283516883850098
2024-07-08,dumariaghat_gandak,Dumariaghat,Gandak,Gopalganj,26.35888889,84.74805556,3.899872303009033
2024-07-09,dumariaghat_gandak,Dumariaghat,Gandak,Gopalganj,26.35888889,84.74805556,7.109736442565918
2024-07-10,dumariaghat_gandak,Dumariaghat,Gandak,Gopalganj,26.35888889,84.74805556,5.621734619140625
2024-07-11,dumariaghat_gandak,Dumariaghat,Gandak,Gopalganj,26.35888889,84.74805556,23.478927612304688
2024-07-12,dumariaghat_gandak,Dumariaghat,Gandak,Gopalganj,26.35888889,84.74805556,13.949938774108887
2024-07-13,dumariaghat_gandak,Dumariaghat,Gandak,Gopalganj,26.35888889,84.74805556,0.6638787984848022
2024-07-14,dumariaghat_gandak,Dumariaghat,Gandak,Gopalganj,26.35888889,84.74805556,1.8863102197647095
2024-07-15,dumariaghat_gandak,Dumariaghat,Gandak,Gopalganj,26.35888889,84.74805556,0.5035186409950256
2024-07-16,dumariaghat_gandak,Dumariaghat,Gandak,Gopalganj,26.35888889,84.74805556,0.4163864850997925
2024-07-17,dumariaghat_gandak,Dumariaghat,Gandak,Gopalganj,26.35888889,84.74805556,0.7408497929573059
2024-07-18,dumariaghat_gandak,Dumariaghat,Gandak,Gopalganj,26.35888889,84.74805556,0.4971366822719574
2024-07-19,dumariaghat_gandak,Dumariaghat,Gandak,Gopalganj,26.35888889,84.74805556,0.3058415353298187
2024-07-20,dumariaghat_gandak,Dumariaghat,Gandak,Gopalganj,26.35888889,84.74805556,0.0885169506072998
2024-07-21,dumariaghat_gandak,Dumariaghat,Gandak,Gopalganj,26.35888889,84.74805556,1.5335034132003784
2024-07-22,dumariaghat_gandak,Dumariaghat,Gandak,Gopalganj,26.35888889,84.74805556,0.5415244102478027
2024-07-23,dumariaghat_gandak,Dumariaghat,Gandak,Gopalganj,26.35888889,84.74805556,1.2237499952316284
2024-07-24,dumariaghat_gandak,Dumariaghat,Gandak,Gopalganj,26.35888889,84.74805556,0.4339000880718231
2024-07-25,dumariaghat_gandak,Dumariaghat,Gandak,Gopalganj,26.35888889,84.74805556,1.0913223028182983
2024-07-26,dumariaghat_gandak,Dumariaghat,Gandak,Gopalganj,26.35888889,84.74805556,3.9128706455230713
2024-07-27,dumariaghat_gandak,Dumariaghat,Gandak,Gopalganj,26.35888889,84.74805556,1.5432369709014893
2024-07-28,dumariaghat_gandak,Dumariaghat,Gandak,Gopalganj,26.35888889,84.74805556,0.5110211372375488
2024-07-29,dumariaghat_gandak,Dumariaghat,Gandak,Gopalganj,26.35888889,84.74805556,15.086413383483887
2024-07-30,dumariaghat_gandak,Dumariaghat,Gandak,Gopalganj,26.35888889,84.74805556,18.64433479309082
2024-07-31,dumariaghat_gandak,Dumariaghat,Gandak,Gopalganj,26.35888889,84.74805556,2.446770668029785
2024-08-01,dumariaghat_gandak,Dumariaghat,Gandak,Gopalganj,26.35888889,84.74805556,4.075507164001465
2024-08-02,dumariaghat_gandak,Dumariaghat,Gandak,Gopalganj,26.35888889,84.74805556,1.0541889667510986
2024-08-03,dumariaghat_gandak,Dumariaghat,Gandak,Gopalganj,26.35888889,84.74805556,2.3082165718078613
2024-08-04,dumariaghat_gandak,Dumariaghat,Gandak,Gopalganj,26.35888889,84.74805556,4.117786407470703
2024-08-05,dumariaghat_gandak,Dumariaghat,Gandak,Gopalganj,26.35888889,84.74805556,12.250024795532227
2024-08-06,dumariaghat_gandak,Dumariaghat,Gandak,Gopalganj,26.35888889,84.74805556,11.08467960357666
2024-08-07,dumariaghat_gandak,Dumariaghat,Gandak,Gopalganj,26.35888889,84.74805556,11.256999969482422
2024-08-08,dumariaghat_gandak,Dumariaghat,Gandak,Gopalganj,26.35888889,84.74805556,2.7849483489990234
2024-08-09,dumariaghat_gandak,Dumariaghat,Gandak,Gopalganj,26.35888889,84.74805556,8.3068208694458
2024-08-10,dumariaghat_gandak,Dumariaghat,Gandak,Gopalganj,26.35888889,84.74805556,10.644309043884277
2024-08-11,dumariaghat_gandak,Dumariaghat,Gandak,Gopalganj,26.35888889,84.74805556,13.695826530456543
2024-08-12,dumariaghat_gandak,Dumariaghat,Gandak,Gopalganj,26.35888889,84.74805556,15.923592567443848
2024-08-13,dumariaghat_gandak,Dumariaghat,Gandak,Gopalganj,26.35888889,84.74805556,20.4520320892334
2024-08-14,dumariaghat_gandak,Dumariaghat,Gandak,Gopalganj,26.35888889,84.74805556,20.230350494384766
2024-08-15,dumariaghat_gandak,Dumariaghat,Gandak,Gopalganj,26.35888889,84.74805556,7.043674468994141
2024-08-16,dumariaghat_gandak,Dumariaghat,Gandak,Gopalganj,26.35888889,84.74805556,1.8567876815795898
2024-08-17,dumariaghat_gandak,Dumariaghat,Gandak,Gopalganj,26.35888889,84.74805556,11.765923500061035
2024-08-18,dumariaghat_gandak,Dumariaghat,Gandak,Gopalganj,26.35888889,84.74805556,0.8309544920921326
2024-08-19,dumariaghat_gandak,Dumariaghat,Gandak,Gopalganj,26.35888889,84.74805556,7.415611267089844
2024-08-20,dumariaghat_gandak,Dumariaghat,Gandak,Gopalganj,26.35888889,84.74805556,3.4660842418670654
2024-08-21,dumariaghat_gandak,Dumariaghat,Gandak,Gopalganj,26.35888889,84.74805556,1.2809677124023438
2024-08-22,dumariaghat_gandak,Dumariaghat,Gandak,Gopalganj,26.35888889,84.74805556,4.16456937789917
2024-08-23,dumariaghat_gandak,Dumariaghat,Gandak,Gopalganj,26.35888889,84.74805556,9.25478458404541
2024-08-24,dumariaghat_gandak,Dumariaghat,Gandak,Gopalganj,26.35888889,84.74805556,0.48336440324783325
2024-08-25,dumariaghat_gandak,Dumariaghat,Gandak,Gopalganj,26.35888889,84.74805556,1.1776067018508911
2024-08-26,dumariaghat_gandak,Dumariaghat,Gandak,Gopalganj,26.35888889,84.74805556,3.528707265853882
2024-08-27,dumariaghat_gandak,Dumariaghat,Gandak,Gopalganj,26.35888889,84.74805556,3.3963284492492676
2024-08-28,dumariaghat_gandak,Dumariaghat,Gandak,Gopalganj,26.35888889,84.74805556,8.31090259552002
2024-08-29,dumariaghat_gandak,Dumariaghat,Gandak,Gopalganj,26.35888889,84.74805556,3.4447503089904785
2024-08-30,dumariaghat_gandak,Dumariaghat,Gandak,Gopalganj,26.35888889,84.74805556,2.693225860595703
2024-08-31,dumariaghat_gandak,Dumariaghat,Gandak,Gopalganj,26.35888889,84.74805556,5.279977321624756
2024-09-01,dumariaghat_gandak,Dumariaghat,Gandak,Gopalganj,26.35888889,84.74805556,10.267184257507324
2024-09-02,dumariaghat_gandak,Dumariaghat,Gandak,Gopalganj,26.35888889,84.74805556,3.1188619136810303
2024-09-03,dumariaghat_gandak,Dumariaghat,Gandak,Gopalganj,26.35888889,84.74805556,6.249141693115234
2024-09-04,dumariaghat_gandak,Dumariaghat,Gandak,Gopalganj,26.35888889,84.74805556,6.01538610458374
2024-09-05,dumariaghat_gandak,Dumariaghat,Gandak,Gopalganj,26.35888889,84.74805556,16.708045959472656
2024-09-06,dumariaghat_gandak,Dumariaghat,Gandak,Gopalganj,26.35888889,84.74805556,0.23872913420200348
2024-09-07,dumariaghat_gandak,Dumariaghat,Gandak,Gopalganj,26.35888889,84.74805556,0.019678616896271706
2024-09-08,dumariaghat_gandak,Dumariaghat,Gandak,Gopalganj,26.35888889,84.74805556,0.09886238723993301
2024-09-09,dumariaghat_gandak,Dumariaghat,Gandak,Gopalganj,26.35888889,84.74805556,0.21726660430431366
2024-09-10,dumariaghat_gandak,Dumariaghat,Gandak,Gopalganj,26.35888889,84.74805556,0.11878568679094315
2024-09-11,dumariaghat_gandak,Dumariaghat,Gandak,Gopalganj,26.35888889,84.74805556,19.626779556274414
2024-09-12,dumariaghat_gandak,Dumariaghat,Gandak,Gopalganj,26.35888889,84.74805556,7.226201057434082
2024-09-13,dumariaghat_gandak,Dumariaghat,Gandak,Gopalganj,26.35888889,84.74805556,1.1760636568069458
2024-09-14,dumariaghat_gandak,Dumariaghat,Gandak,Gopalganj,26.35888889,84.74805556,1.541554570198059
2024-09-15,dumariaghat_gandak,Dumariaghat,Gandak,Gopalganj,26.35888889,84.74805556,1.2587186098098755
2024-09-16,dumariaghat_gandak,Dumariaghat,Gandak,Gopalganj,26.35888889,84.74805556,3.612760305404663
2024-09-17,dumariaghat_gandak,Dumariaghat,Gandak,Gopalganj,26.35888889,84.74805556,1.9898442029953003
2024-09-18,dumariaghat_gandak,Dumariaghat,Gandak,Gopalganj,26.35888889,84.74805556,0.02615722082555294
2024-09-19,dumariaghat_gandak,Dumariaghat,Gandak,Gopalganj,26.35888889,84.74805556,0.0
2024-09-20,dumariaghat_gandak,Dumariaghat,Gandak,Gopalganj,26.35888889,84.74805556,0.009881641715765
2024-09-21,dumariaghat_gandak,Dumariaghat,Gandak,Gopalganj,26.35888889,84.74805556,0.007983986288309097
2024-09-22,dumariaghat_gandak,Dumariaghat,Gandak,Gopalganj,26.35888889,84.74805556,0.0
2024-09-23,dumariaghat_gandak,Dumariaghat,Gandak,Gopalganj,26.35888889,84.74805556,0.0
2024-09-24,dumariaghat_gandak,Dumariaghat,Gandak,Gopalganj,26.35888889,84.74805556,3.1898927688598633
2024-09-25,dumariaghat_gandak,Dumariaghat,Gandak,Gopalganj,26.35888889,84.74805556,7.749747276306152
2024-09-26,dumariaghat_gandak,Dumariaghat,Gandak,Gopalganj,26.35888889,84.74805556,20.810894012451172
2024-09-27,dumariaghat_gandak,Dumariaghat,Gandak,Gopalganj,26.35888889,84.74805556,91.99429321289062
2024-09-28,dumariaghat_gandak,Dumariaghat,Gandak,Gopalganj,26.35888889,84.74805556,46.37213897705078
2024-09-29,dumariaghat_gandak,Dumariaghat,Gandak,Gopalganj,26.35888889,84.74805556,1.0903383493423462
2024-09-30,dumariaghat_gandak,Dumariaghat,Gandak,Gopalganj,26.35888889,84.74805556,2.1143734455108643
2024-10-01,dumariaghat_gandak,Dumariaghat,Gandak,Gopalganj,26.35888889,84.74805556,0.3490411937236786
2024-10-02,dumariaghat_gandak,Dumariaghat,Gandak,Gopalganj,26.35888889,84.74805556,0.39829960465431213
2024-10-03,dumariaghat_gandak,Dumariaghat,Gandak,Gopalganj,26.35888889,84.74805556,1.2616031169891357
2024-10-04,dumariaghat_gandak,Dumariaghat,Gandak,Gopalganj,26.35888889,84.74805556,0.8371052742004395
2024-10-05,dumariaghat_gandak,Dumariaghat,Gandak,Gopalganj,26.35888889,84.74805556,0.9254311323165894
2024-10-06,dumariaghat_gandak,Dumariaghat,Gandak,Gopalganj,26.35888889,84.74805556,0.5589486956596375
2024-10-07,dumariaghat_gandak,Dumariaghat,Gandak,Gopalganj,26.35888889,84.74805556,0.7991343140602112
2024-10-08,dumariaghat_gandak,Dumariaghat,Gandak,Gopalganj,26.35888889,84.74805556,0.4673454761505127
2024-10-09,dumariaghat_gandak,Dumariaghat,Gandak,Gopalganj,26.35888889,84.74805556,0.928274393081665
2024-10-10,dumariaghat_gandak,Dumariaghat,Gandak,Gopalganj,26.35888889,84.74805556,0.34426653385162354
2024-10-11,dumariaghat_gandak,Dumariaghat,Gandak,Gopalganj,26.35888889,84.74805556,0.2568824291229248
2024-10-12,dumariaghat_gandak,Dumariaghat,Gandak,Gopalganj,26.35888889,84.74805556,0.0
2024-10-13,dumariaghat_gandak,Dumariaghat,Gandak,Gopalganj,26.35888889,84.74805556,1.0338788032531738
2024-10-14,dumariaghat_gandak,Dumariaghat,Gandak,Gopalganj,26.35888889,84.74805556,0.8821039795875549
2024-10-15,dumariaghat_gandak,Dumariaghat,Gandak,Gopalganj,26.35888889,84.74805556,0.4556278586387634
2024-10-16,dumariaghat_gandak,Dumariaghat,Gandak,Gopalganj,26.35888889,84.74805556,0.21832267940044403
2024-10-17,dumariaghat_gandak,Dumariaghat,Gandak,Gopalganj,26.35888889,84.74805556,0.44387146830558777
2024-10-18,dumariaghat_gandak,Dumariaghat,Gandak,Gopalganj,26.35888889,84.74805556,0.346647709608078
2024-10-19,dumariaghat_gandak,Dumariaghat,Gandak,Gopalganj,26.35888889,84.74805556,1.8687424659729004
2024-10-20,dumariaghat_gandak,Dumariaghat,Gandak,Gopalganj,26.35888889,84.74805556,4.129601955413818
2024-10-21,dumariaghat_gandak,Dumariaghat,Gandak,Gopalganj,26.35888889,84.74805556,2.1735129356384277
2024-10-22,dumariaghat_gandak,Dumariaghat,Gandak,Gopalganj,26.35888889,84.74805556,0.0
2024-10-23,dumariaghat_gandak,Dumariaghat,Gandak,Gopalganj,26.35888889,84.74805556,0.025270845741033554
2024-10-24,dumariaghat_gandak,Dumariaghat,Gandak,Gopalganj,26.35888889,84.74805556,0.4035283327102661
2024-10-25,dumariaghat_gandak,Dumariaghat,Gandak,Gopalganj,26.35888889,84.74805556,0.2408260554075241
2024-10-26,dumariaghat_gandak,Dumariaghat,Gandak,Gopalganj,26.35888889,84.74805556,0.8566237092018127
2024-10-27,dumariaghat_gandak,Dumariaghat,Gandak,Gopalganj,26.35888889,84.74805556,0.1148092970252037
2024-10-28,dumariaghat_gandak,Dumariaghat,Gandak,Gopalganj,26.35888889,84.74805556,0.5259648561477661
2024-10-29,dumariaghat_gandak,Dumariaghat,Gandak,Gopalganj,26.35888889,84.74805556,1.3837326765060425
2024-10-30,dumariaghat_gandak,Dumariaghat,Gandak,Gopalganj,26.35888889,84.74805556,0.604550302028656
2024-10-31,dumariaghat_gandak,Dumariaghat,Gandak,Gopalganj,26.35888889,84.74805556,2.3303182125091553
2024-11-01,dumariaghat_gandak,Dumariaghat,Gandak,Gopalganj,26.35888889,84.74805556,0.15289247035980225
2024-11-02,dumariaghat_gandak,Dumariaghat,Gandak,Gopalganj,26.35888889,84.74805556,0.34464728832244873
2024-11-03,dumariaghat_gandak,Dumariaghat,Gandak,Gopalganj,26.35888889,84.74805556,0.02953895926475525
2024-11-04,dumariaghat_gandak,Dumariaghat,Gandak,Gopalganj,26.35888889,84.74805556,0.9216437935829163
2024-11-05,dumariaghat_gandak,Dumariaghat,Gandak,Gopalganj,26.35888889,84.74805556,0.5204692482948303
2024-11-06,dumariaghat_gandak,Dumariaghat,Gandak,Gopalganj,26.35888889,84.74805556,0.06523388624191284
2024-11-07,dumariaghat_gandak,Dumariaghat,Gandak,Gopalganj,26.35888889,84.74805556,0.0
2024-11-08,dumariaghat_gandak,Dumariaghat,Gandak,Gopalganj,26.35888889,84.74805556,0.0
2024-11-09,dumariaghat_gandak,Dumariaghat,Gandak,Gopalganj,26.35888889,84.74805556,0.7702770829200745
2024-11-10,dumariaghat_gandak,Dumariaghat,Gandak,Gopalganj,26.35888889,84.74805556,0.4412168264389038
2024-11-11,dumariaghat_gandak,Dumariaghat,Gandak,Gopalganj,26.35888889,84.74805556,0.16699011623859406
2024-11-12,dumariaghat_gandak,Dumariaghat,Gandak,Gopalganj,26.35888889,84.74805556,0.3547763526439667
2024-11-13,dumariaghat_gandak,Dumariaghat,Gandak,Gopalganj,26.35888889,84.74805556,0.0009664582321420312
2024-11-14,dumariaghat_gandak,Dumariaghat,Gandak,Gopalganj,26.35888889,84.74805556,0.0
2024-11-15,dumariaghat_gandak,Dumariaghat,Gandak,Gopalganj,26.35888889,84.74805556,0.0
2024-11-16,dumariaghat_gandak,Dumariaghat,Gandak,Gopalganj,26.35888889,84.74805556,0.0
2024-11-17,dumariaghat_gandak,Dumariaghat,Gandak,Gopalganj,26.35888889,84.74805556,0.0
2024-11-18,dumariaghat_gandak,Dumariaghat,Gandak,Gopalganj,26.35888889,84.74805556,0.0
2024-11-19,dumariaghat_gandak,Dumariaghat,Gandak,Gopalganj,26.35888889,84.74805556,0.0
2024-11-20,dumariaghat_gandak,Dumariaghat,Gandak,Gopalganj,26.35888889,84.74805556,0.0
2024-11-21,dumariaghat_gandak,Dumariaghat,Gandak,Gopalganj,26.35888889,84.74805556,0.0
2024-11-22,dumariaghat_gandak,Dumariaghat,Gandak,Gopalganj,26.35888889,84.74805556,0.0
2024-11-23,dumariaghat_gandak,Dumariaghat,Gandak,Gopalganj,26.35888889,84.74805556,0.0
2024-11-24,dumariaghat_gandak,Dumariaghat,Gandak,Gopalganj,26.35888889,84.74805556,0.0
2024-11-25,dumariaghat_gandak,Dumariaghat,Gandak,Gopalganj,26.35888889,84.74805556,0.0
2024-11-26,dumariaghat_gandak,Dumariaghat,Gandak,Gopalganj,26.35888889,84.74805556,0.00873957946896553
2024-11-27,dumariaghat_gandak,Dumariaghat,Gandak,Gopalganj,26.35888889,84.74805556,0.00873957946896553
2024-11-28,dumariaghat_gandak,Dumariaghat,Gandak,Gopalganj,26.35888889,84.74805556,0.00873957946896553
2024-11-29,dumariaghat_gandak,Dumariaghat,Gandak,Gopalganj,26.35888889,84.74805556,0.00873957946896553
2024-11-30,dumariaghat_gandak,Dumariaghat,Gandak,Gopalganj,26.35888889,84.74805556,0.00873957946896553
2024-12-01,dumariaghat_gandak,Dumariaghat,Gandak,Gopalganj,26.35888889,84.74805556,0.0
2024-12-02,dumariaghat_gandak,Dumariaghat,Gandak,Gopalganj,26.35888889,84.74805556,0.0
2024-12-03,dumariaghat_gandak,Dumariaghat,Gandak,Gopalganj,26.35888889,84.74805556,0.0
2024-12-04,dumariaghat_gandak,Dumariaghat,Gandak,Gopalganj,26.35888889,84.74805556,0.0
2024-12-05,dumariaghat_gandak,Dumariaghat,Gandak,Gopalganj,26.35888889,84.74805556,0.0
2024-12-06,dumariaghat_gandak,Dumariaghat,Gandak,Gopalganj,26.35888889,84.74805556,0.0
2024-12-07,dumariaghat_gandak,Dumariaghat,Gandak,Gopalganj,26.35888889,84.74805556,0.0
2024-12-08,dumariaghat_gandak,Dumariaghat,Gandak,Gopalganj,26.35888889,84.74805556,0.0
2024-12-09,dumariaghat_gandak,Dumariaghat,Gandak,Gopalganj,26.35888889,84.74805556,0.0
2024-12-10,dumariaghat_gandak,Dumariaghat,Gandak,Gopalganj,26.35888889,84.74805556,0.0
2024-12-11,dumariaghat_gandak,Dumariaghat,Gandak,Gopalganj,26.35888889,84.74805556,0.0
2024-12-12,dumariaghat_gandak,Dumariaghat,Gandak,Gopalganj,26.35888889,84.74805556,0.0
2024-12-13,dumariaghat_gandak,Dumariaghat,Gandak,Gopalganj,26.35888889,84.74805556,0.0
2024-12-14,dumariaghat_gandak,Dumariaghat,Gandak,Gopalganj,26.35888889,84.74805556,0.0
2024-12-15,dumariaghat_gandak,Dumariaghat,Gandak,Gopalganj,26.35888889,84.74805556,0.0
2024-12-16,dumariaghat_gandak,Dumariaghat,Gandak,Gopalganj,26.35888889,84.74805556,0.0
2024-12-17,dumariaghat_gandak,Dumariaghat,Gandak,Gopalganj,26.35888889,84.74805556,0.0
2024-12-18,dumariaghat_gandak,Dumariaghat,Gandak,Gopalganj,26.35888889,84.74805556,0.0
2024-12-19,dumariaghat_gandak,Dumariaghat,Gandak,Gopalganj,26.35888889,84.74805556,0.0
2024-12-20,dumariaghat_gandak,Dumariaghat,Gandak,Gopalganj,26.35888889,84.74805556,0.0
2024-12-21,dumariaghat_gandak,Dumariaghat,Gandak,Gopalganj,26.35888889,84.74805556,0.0
2024-12-22,dumariaghat_gandak,Dumariaghat,Gandak,Gopalganj,26.35888889,84.74805556,0.0
2024-12-23,dumariaghat_gandak,Dumariaghat,Gandak,Gopalganj,26.35888889,84.74805556,0.0
2024-12-24,dumariaghat_gandak,Dumariaghat,Gandak,Gopalganj,26.35888889,84.74805556,0.0
2024-12-25,dumariaghat_gandak,Dumariaghat,Gandak,Gopalganj,26.35888889,84.74805556,0.0
2024-12-26,dumariaghat_gandak,Dumariaghat,Gandak,Gopalganj,26.35888889,84.74805556,0.0
2024-12-27,dumariaghat_gandak,Dumariaghat,Gandak,Gopalganj,26.35888889,84.74805556,4.87265751871746e-05
2024-12-28,dumariaghat_gandak,Dumariaghat,Gandak,Gopalganj,26.35888889,84.74805556,0.9635944962501526
2024-12-29,dumariaghat_gandak,Dumariaghat,Gandak,Gopalganj,26.35888889,84.74805556,0.0
2024-12-30,dumariaghat_gandak,Dumariaghat,Gandak,Gopalganj,26.35888889,84.74805556,0.012057706713676453
2024-12-31,dumariaghat_gandak,Dumariaghat,Gandak,Gopalganj,26.35888889,84.74805556,4.87265751871746e-05
