date,time,station_id,river_code,river,station_code,station,water_level_m,danger_level_m,highest_flood_level_m,station_location_km
2026-06-01,06:00,A-A,A,Gandak,A,Khada,94.27,96,97.5,0
2026-06-01,06:00,A-B,A,Gandak,B,Chatia,65.01,69.15,70.04,25
2026-06-01,06:00,A-C,A,Gandak,C,Dumaria Ghat,60.85,62.22,64.36,25
2026-06-01,06:00,A-D,A,Gandak,D,Rewa Ghat,51.36,54.41,55.46,25
2026-06-01,06:00,A-E,A,Gandak,E,Hajipur,44.72,50.32,50.93,25
2026-06-01,06:00,B-A,B,Kosi,A,Basua,46.07,47.75,49.24,0
2026-06-01,06:00,B-B,B,Kosi,B,Baltara,31.5,33.85,36.4,25
2026-06-01,06:00,B-C,B,Kosi,C,Kursela,24.53,30,32.1,25
2026-06-01,06:00,C-A,C,Bagmati,A,Dheng,68.65,71,73.47,0
2026-06-01,06:00,C-B,C,Bagmati,B,Sonakhan,67.05,68.8,72.05,25
2026-06-01,06:00,C-C,C,Bagmati,C,Dubadhar,59.06,61.28,63.75,50
2026-06-01,06:00,C-D,C,Bagmati,D,Kansar,56.05,59.06,60.86,25
2026-06-01,06:00,C-E,C,Bagmati,E,Kataunjha,-1,55,58.36,25
2026-06-01,06:00,C-F,C,Bagmati,F,Benibad,46.6,48.68,50.12,28
2026-06-01,06:00,C-G,C,Bagmati,G,Hayaghat,39.41,45.72,48.96,25
2026-06-01,06:00,D-A,D,Burhi Gandak,A,Sikandarpur,45.19,52.53,54.29,0
2026-06-01,06:00,D-B,D,Burhi Gandak,B,Samastipur,39.35,45.73,49.38,33
2026-06-01,06:00,D-C,D,Burhi Gandak,C,Rosara,36.3,42.63,46.56,25
2026-06-01,06:00,D-D,D,Burhi Gandak,D,Khagaria,29.95,36.58,39.22,25
2026-06-01,06:00,E-A,E,Kamla Balan,A,Jainagar,67,68.5,71.35,0
2026-06-01,06:00,E-B,E,Kamla Balan,B,Jhanjharpur,48.3,50.5,53.11,100
2026-06-01,06:00,F-A,F,Bhuthi Balan,A,Ekma,68.59,69.5,72.1,0
2026-06-01,06:00,G-A,G,Lalbakeya,A,Gowabari,69.2,71.15,73.86,0
2026-06-01,06:00,H-A,H,Ganga,A,Allahabad,70.9,84.73,88.03,0
2026-06-01,06:00,H-B,H,Ganga,B,Varanasi,58.52,71.26,73.9,67
2026-06-01,06:00,H-C,H,Ganga,C,Buxar,49.12,60.32,62.09,50
2026-06-01,06:00,H-D,H,Ganga,D,Digha,43.15,50.45,52.52,50
2026-06-01,06:00,H-E,H,Ganga,E,Gandhi Ghat,42.73,48.6,50.52,25
2026-06-01,06:00,H-F,H,Ganga,F,Hathidah,34.57,41.76,43.52,50
2026-06-01,06:00,H-G,H,Ganga,G,Munger,30.75,39.33,40.99,25
2026-06-01,06:00,H-H,H,Ganga,H,Bhagalpur,25.72,33.68,34.86,25
2026-06-01,06:00,H-I,H,Ganga,I,Kahalgaon,24.57,31.09,32.87,25
2026-06-01,06:00,H-J,H,Ganga,J,Farakka,14.3,22.25,25.14,25
2026-06-01,06:00,I-A,I,Punpun,A,Sripalpur,44.87,50.6,53.91,0
2026-06-01,06:00,J-A,J,Adhwara,A,Sonbarsa,78.68,81.85,83.75,0
2026-06-01,06:00,J-B,J,Adhwara,B,Sundarpur,58.3,61.7,64.1,108
2026-06-01,06:00,J-C,J,Adhwara,C,Pupri,50.65,55.79,56.95,50
2026-06-01,06:00,K-A,K,Khiroi,A,Kamtaul,46.59,50,53.05,0
2026-06-01,06:00,K-B,K,Khiroi,B,Ekmighat,40.62,46.94,49.52,50
2026-06-01,06:00,L-A,L,Mahananda,A,Taibpur,63.62,66,67.26,0
2026-06-01,06:00,L-B,L,Mahananda,B,Dhangaraghat,33.37,35.65,38.2,50
2026-06-01,06:00,M-A,M,Ghaghra,A,Darauli,56.13,60.82,61.82,0
2026-06-01,06:00,M-B,M,Ghaghra,B,Gangpur Siswan,51.61,57.04,58.26,50
2026-06-01,14:00,A-A,A,Gandak,A,Khada,94.26,96,97.5,0
2026-06-01,14:00,A-B,A,Gandak,B,Chatia,65.01,69.15,70.04,25
2026-06-01,14:00,A-C,A,Gandak,C,Dumaria Ghat,60.85,62.22,64.36,25
2026-06-01,14:00,A-D,A,Gandak,D,Rewa Ghat,51.32,54.41,55.46,25
2026-06-01,14:00,A-E,A,Gandak,E,Hajipur,44.72,50.32,50.93,25
2026-06-01,14:00,B-A,B,Kosi,A,Basua,46.04,47.75,49.24,0
2026-06-01,14:00,B-B,B,Kosi,B,Baltara,31.45,33.85,36.4,25
2026-06-01,14:00,B-C,B,Kosi,C,Kursela,24.49,30,32.1,25
2026-06-01,14:00,C-A,C,Bagmati,A,Dheng,68.64,71,73.47,0
2026-06-01,14:00,C-B,C,Bagmati,B,Sonakhan,67.04,68.8,72.05,25
2026-06-01,14:00,C-C,C,Bagmati,C,Dubadhar,59.08,61.28,63.75,50
2026-06-01,14:00,C-D,C,Bagmati,D,Kansar,56.05,59.06,60.86,25
2026-06-01,14:00,C-E,C,Bagmati,E,Kataunjha,52.8,55,58.36,25
2026-06-01,14:00,C-F,C,Bagmati,F,Benibad,46.64,48.68,50.12,28
2026-06-01,14:00,C-G,C,Bagmati,G,Hayaghat,39.44,45.72,48.96,25
2026-06-01,14:00,D-A,D,Burhi Gandak,A,Sikandarpur,45.19,52.53,54.29,0
2026-06-01,14:00,D-B,D,Burhi Gandak,B,Samastipur,39.35,45.73,49.38,33
2026-06-01,14:00,D-C,D,Burhi Gandak,C,Rosara,36.3,42.63,46.56,25
2026-06-01,14:00,D-D,D,Burhi Gandak,D,Khagaria,29.95,36.58,39.22,25
2026-06-01,14:00,E-A,E,Kamla Balan,A,Jainagar,67,68.5,71.35,0
2026-06-01,14:00,E-B,E,Kamla Balan,B,Jhanjharpur,48.3,50.5,53.11,100
2026-06-01,14:00,F-A,F,Bhuthi Balan,A,Ekma,68.59,69.5,72.1,0
2026-06-01,14:00,G-A,G,Lalbakeya,A,Gowabari,69.2,71.15,73.86,0
2026-06-01,14:00,H-A,H,Ganga,A,Allahabad,70.9,84.73,88.03,0
2026-06-01,14:00,H-B,H,Ganga,B,Varanasi,58.52,71.26,73.9,67
2026-06-01,14:00,H-C,H,Ganga,C,Buxar,49.12,60.32,62.09,50
2026-06-01,14:00,H-D,H,Ganga,D,Digha,43.19,50.45,52.52,50
2026-06-01,14:00,H-E,H,Ganga,E,Gandhi Ghat,42.77,48.6,50.52,25
2026-06-01,14:00,H-F,H,Ganga,F,Hathidah,34.57,41.76,43.52,50
2026-06-01,14:00,H-G,H,Ganga,G,Munger,30.74,39.33,40.99,25
2026-06-01,14:00,H-H,H,Ganga,H,Bhagalpur,25.72,33.68,34.86,25
2026-06-01,14:00,H-I,H,Ganga,I,Kahalgaon,24.59,31.09,32.87,25
2026-06-01,14:00,H-J,H,Ganga,J,Farakka,14.14,22.25,25.14,25
2026-06-01,14:00,I-A,I,Punpun,A,Sripalpur,44.87,50.6,53.91,0
2026-06-01,14:00,J-A,J,Adhwara,A,Sonbarsa,78.68,81.85,83.75,0
2026-06-01,14:00,J-B,J,Adhwara,B,Sundarpur,58.3,61.7,64.1,108
2026-06-01,14:00,J-C,J,Adhwara,C,Pupri,50.65,55.79,56.95,50
2026-06-01,14:00,K-A,K,Khiroi,A,Kamtaul,46.59,50,53.05,0
2026-06-01,14:00,K-B,K,Khiroi,B,Ekmighat,40.62,46.94,49.52,50
2026-06-01,14:00,L-A,L,Mahananda,A,Taibpur,63.62,66,67.26,0
2026-06-01,14:00,L-B,L,Mahananda,B,Dhangaraghat,33.36,35.65,38.2,50
2026-06-01,14:00,M-A,M,Ghaghra,A,Darauli,56.2,60.82,61.82,0
2026-06-01,14:00,M-B,M,Ghaghra,B,Gangpur Siswan,51.7,57.04,58.26,50
2026-06-02,06:00,A-A,A,Gandak,A,Khada,94.04,96,97.5,0
2026-06-02,06:00,A-B,A,Gandak,B,Chatia,65.01,69.15,70.04,25
2026-06-02,06:00,A-C,A,Gandak,C,Dumaria Ghat,60.83,62.22,64.36,25
2026-06-02,06:00,A-D,A,Gandak,D,Rewa Ghat,51.33,54.41,55.46,25
2026-06-02,06:00,A-E,A,Gandak,E,Hajipur,44.75,50.32,50.93,25
2026-06-02,06:00,B-A,B,Kosi,A,Basua,45.97,47.75,49.24,0
2026-06-02,06:00,B-B,B,Kosi,B,Baltara,31.44,33.85,36.4,25
2026-06-02,06:00,B-C,B,Kosi,C,Kursela,24.47,30,32.1,25
2026-06-02,06:00,C-A,C,Bagmati,A,Dheng,68.6,71,73.47,0
2026-06-02,06:00,C-B,C,Bagmati,B,Sonakhan,67,68.8,72.05,25
2026-06-02,06:00,C-C,C,Bagmati,C,Dubadhar,58.93,61.28,63.75,50
2026-06-02,06:00,C-D,C,Bagmati,D,Kansar,56,59.06,60.86,25
2026-06-02,06:00,C-E,C,Bagmati,E,Kataunjha,52.81,55,58.36,25
2026-06-02,06:00,C-F,C,Bagmati,F,Benibad,46.64,48.68,50.12,28
2026-06-02,06:00,C-G,C,Bagmati,G,Hayaghat,39.44,45.72,48.96,25
2026-06-02,06:00,D-A,D,Burhi Gandak,A,Sikandarpur,45.2,52.53,54.29,0
2026-06-02,06:00,D-B,D,Burhi Gandak,B,Samastipur,39.35,45.73,49.38,33
2026-06-02,06:00,D-C,D,Burhi Gandak,C,Rosara,36.29,42.63,46.56,25
2026-06-02,06:00,D-D,D,Burhi Gandak,D,Khagaria,29.96,36.58,39.22,25
2026-06-02,06:00,E-A,E,Kamla Balan,A,Jainagar,67,68.5,71.35,0
2026-06-02,06:00,E-B,E,Kamla Balan,B,Jhanjharpur,48.25,50.5,53.11,100
2026-06-02,06:00,F-A,F,Bhuthi Balan,A,Ekma,68.59,69.5,72.1,0
2026-06-02,06:00,G-A,G,Lalbakeya,A,Gowabari,69,71.15,73.86,0
2026-06-02,06:00,H-A,H,Ganga,A,Allahabad,70.87,84.73,88.03,0
2026-06-02,06:00,H-B,H,Ganga,B,Varanasi,58.55,71.26,73.9,67
2026-06-02,06:00,H-C,H,Ganga,C,Buxar,49.11,60.32,62.09,50
2026-06-02,06:00,H-D,H,Ganga,D,Digha,43.24,50.45,52.52,50
2026-06-02,06:00,H-E,H,Ganga,E,Gandhi Ghat,42.81,48.6,50.52,25
2026-06-02,06:00,H-F,H,Ganga,F,Hathidah,34.59,41.76,43.52,50
2026-06-02,06:00,H-G,H,Ganga,G,Munger,30.71,39.33,40.99,25
2026-06-02,06:00,H-H,H,Ganga,H,Bhagalpur,25.71,33.68,34.86,25
2026-06-02,06:00,H-I,H,Ganga,I,Kahalgaon,24.66,31.09,32.87,25
2026-06-02,06:00,H-J,H,Ganga,J,Farakka,13.95,22.25,25.14,25
2026-06-02,06:00,I-A,I,Punpun,A,Sripalpur,44.87,50.6,53.91,0
2026-06-02,06:00,J-A,J,Adhwara,A,Sonbarsa,78.68,81.85,83.75,0
2026-06-02,06:00,J-B,J,Adhwara,B,Sundarpur,58.3,61.7,64.1,108
2026-06-02,06:00,J-C,J,Adhwara,C,Pupri,50.65,55.79,56.95,50
2026-06-02,06:00,K-A,K,Khiroi,A,Kamtaul,46.6,50,53.05,0
2026-06-02,06:00,K-B,K,Khiroi,B,Ekmighat,40.7,46.94,49.52,50
2026-06-02,06:00,L-A,L,Mahananda,A,Taibpur,63.62,66,67.26,0
2026-06-02,06:00,L-B,L,Mahananda,B,Dhangaraghat,33.34,35.65,38.2,50
2026-06-02,06:00,M-A,M,Ghaghra,A,Darauli,56.2,60.82,61.82,0
2026-06-02,06:00,M-B,M,Ghaghra,B,Gangpur Siswan,51.89,57.04,58.26,50
2026-06-02,14:00,A-A,A,Gandak,A,Khada,94,96,97.5,0
2026-06-02,14:00,A-B,A,Gandak,B,Chatia,65,69.15,70.04,25
2026-06-02,14:00,A-C,A,Gandak,C,Dumaria Ghat,60.75,62.22,64.36,25
2026-06-02,14:00,A-D,A,Gandak,D,Rewa Ghat,51.4,54.41,55.46,25
2026-06-02,14:00,A-E,A,Gandak,E,Hajipur,44.75,50.32,50.93,25
2026-06-02,14:00,B-A,B,Kosi,A,Basua,45.94,47.75,49.24,0
2026-06-02,14:00,B-B,B,Kosi,B,Baltara,31.37,33.85,36.4,25
2026-06-02,14:00,B-C,B,Kosi,C,Kursela,24.49,30,32.1,25
2026-06-02,14:00,C-A,C,Bagmati,A,Dheng,68.57,71,73.47,0
2026-06-02,14:00,C-B,C,Bagmati,B,Sonakhan,66.97,68.8,72.05,25
2026-06-02,14:00,C-C,C,Bagmati,C,Dubadhar,58.86,61.28,63.75,50
2026-06-02,14:00,C-D,C,Bagmati,D,Kansar,55.98,59.06,60.86,25
2026-06-02,14:00,C-E,C,Bagmati,E,Kataunjha,52.8,55,58.36,25
2026-06-02,14:00,C-F,C,Bagmati,F,Benibad,46.88,48.68,50.12,28
2026-06-02,14:00,C-G,C,Bagmati,G,Hayaghat,39.5,45.72,48.96,25
2026-06-02,14:00,D-A,D,Burhi Gandak,A,Sikandarpur,45.2,52.53,54.29,0
2026-06-02,14:00,D-B,D,Burhi Gandak,B,Samastipur,39.35,45.73,49.38,33
2026-06-02,14:00,D-C,D,Burhi Gandak,C,Rosara,36.29,42.63,46.56,25
2026-06-02,14:00,D-D,D,Burhi Gandak,D,Khagaria,29.96,36.58,39.22,25
2026-06-02,14:00,E-A,E,Kamla Balan,A,Jainagar,67,68.5,71.35,0
2026-06-02,14:00,E-B,E,Kamla Balan,B,Jhanjharpur,48.25,50.5,53.11,100
2026-06-02,14:00,F-A,F,Bhuthi Balan,A,Ekma,68.59,69.5,72.1,0
2026-06-02,14:00,G-A,G,Lalbakeya,A,Gowabari,69,71.15,73.86,0
2026-06-02,14:00,H-A,H,Ganga,A,Allahabad,70.84,84.73,88.03,0
2026-06-02,14:00,H-B,H,Ganga,B,Varanasi,58.59,71.26,73.9,67
2026-06-02,14:00,H-C,H,Ganga,C,Buxar,49.1,60.32,62.09,50
2026-06-02,14:00,H-D,H,Ganga,D,Digha,43.25,50.45,52.52,50
2026-06-02,14:00,H-E,H,Ganga,E,Gandhi Ghat,42.82,48.6,50.52,25
2026-06-02,14:00,H-F,H,Ganga,F,Hathidah,34.59,41.76,43.52,50
2026-06-02,14:00,H-G,H,Ganga,G,Munger,30.69,39.33,40.99,25
2026-06-02,14:00,H-H,H,Ganga,H,Bhagalpur,25.7,33.68,34.86,25
2026-06-02,14:00,H-I,H,Ganga,I,Kahalgaon,24.68,31.09,32.87,25
2026-06-02,14:00,H-J,H,Ganga,J,Farakka,13.9,22.25,25.14,25
2026-06-02,14:00,I-A,I,Punpun,A,Sripalpur,44.86,50.6,53.91,0
2026-06-02,14:00,J-A,J,Adhwara,A,Sonbarsa,78.67,81.85,83.75,0
2026-06-02,14:00,J-B,J,Adhwara,B,Sundarpur,58.3,61.7,64.1,108
2026-06-02,14:00,J-C,J,Adhwara,C,Pupri,50.65,55.79,56.95,50
2026-06-02,14:00,K-A,K,Khiroi,A,Kamtaul,46.6,50,53.05,0
2026-06-02,14:00,K-B,K,Khiroi,B,Ekmighat,40.68,46.94,49.52,50
2026-06-02,14:00,L-A,L,Mahananda,A,Taibpur,63.63,66,67.26,0
2026-06-02,14:00,L-B,L,Mahananda,B,Dhangaraghat,33.34,35.65,38.2,50
2026-06-02,14:00,M-A,M,Ghaghra,A,Darauli,56.19,60.82,61.82,0
2026-06-02,14:00,M-B,M,Ghaghra,B,Gangpur Siswan,51.89,57.04,58.26,50
2026-06-03,06:00,A-A,A,Gandak,A,Khada,93.99,96,97.5,0
2026-06-03,06:00,A-B,A,Gandak,B,Chatia,65,69.15,70.04,25
2026-06-03,06:00,A-C,A,Gandak,C,Dumaria Ghat,60.69,62.22,64.36,25
2026-06-03,06:00,A-D,A,Gandak,D,Rewa Ghat,51.39,54.41,55.46,25
2026-06-03,06:00,A-E,A,Gandak,E,Hajipur,44.71,50.32,50.93,25
2026-06-03,06:00,B-A,B,Kosi,A,Basua,45.89,47.75,49.24,0
2026-06-03,06:00,B-B,B,Kosi,B,Baltara,31.33,33.85,36.4,25
2026-06-03,06:00,B-C,B,Kosi,C,Kursela,24.49,30,32.1,25
2026-06-03,06:00,C-A,C,Bagmati,A,Dheng,68.48,71,73.47,0
2026-06-03,06:00,C-B,C,Bagmati,B,Sonakhan,66.88,68.8,72.05,25
2026-06-03,06:00,C-C,C,Bagmati,C,Dubadhar,58.78,61.28,63.75,50
2026-06-03,06:00,C-D,C,Bagmati,D,Kansar,55.97,59.06,60.86,25
2026-06-03,06:00,C-E,C,Bagmati,E,Kataunjha,52.78,55,58.36,25
2026-06-03,06:00,C-F,C,Bagmati,F,Benibad,46.64,48.68,50.12,28
2026-06-03,06:00,C-G,C,Bagmati,G,Hayaghat,39.58,45.72,48.96,25
2026-06-03,06:00,D-A,D,Burhi Gandak,A,Sikandarpur,45.2,52.53,54.29,0
2026-06-03,06:00,D-B,D,Burhi Gandak,B,Samastipur,39.35,45.73,49.38,33
2026-06-03,06:00,D-C,D,Burhi Gandak,C,Rosara,36.29,42.63,46.56,25
2026-06-03,06:00,D-D,D,Burhi Gandak,D,Khagaria,29.96,36.58,39.22,25
2026-06-03,06:00,E-A,E,Kamla Balan,A,Jainagar,67,68.5,71.35,0
2026-06-03,06:00,E-B,E,Kamla Balan,B,Jhanjharpur,48.18,50.5,53.11,100
2026-06-03,06:00,F-A,F,Bhuthi Balan,A,Ekma,68.59,69.5,72.1,0
2026-06-03,06:00,G-A,G,Lalbakeya,A,Gowabari,68.9,71.15,73.86,0
2026-06-03,06:00,H-A,H,Ganga,A,Allahabad,70.81,84.73,88.03,0
2026-06-03,06:00,H-B,H,Ganga,B,Varanasi,58.65,71.26,73.9,67
2026-06-03,06:00,H-C,H,Ganga,C,Buxar,49.09,60.32,62.09,50
2026-06-03,06:00,H-D,H,Ganga,D,Digha,43.25,50.45,52.52,50
2026-06-03,06:00,H-E,H,Ganga,E,Gandhi Ghat,42.83,48.6,50.52,25
2026-06-03,06:00,H-F,H,Ganga,F,Hathidah,34.61,41.76,43.52,50
2026-06-03,06:00,H-G,H,Ganga,G,Munger,30.68,39.33,40.99,25
2026-06-03,06:00,H-H,H,Ganga,H,Bhagalpur,25.7,33.68,34.86,25
2026-06-03,06:00,H-I,H,Ganga,I,Kahalgaon,24.69,31.09,32.87,25
2026-06-03,06:00,H-J,H,Ganga,J,Farakka,13.88,22.25,25.14,25
2026-06-03,06:00,I-A,I,Punpun,A,Sripalpur,44.84,50.6,53.91,0
2026-06-03,06:00,J-A,J,Adhwara,A,Sonbarsa,78.67,81.85,83.75,0
2026-06-03,06:00,J-B,J,Adhwara,B,Sundarpur,58.3,61.7,64.1,108
2026-06-03,06:00,J-C,J,Adhwara,C,Pupri,50.65,55.79,56.95,50
2026-06-03,06:00,K-A,K,Khiroi,A,Kamtaul,46.57,50,53.05,0
2026-06-03,06:00,K-B,K,Khiroi,B,Ekmighat,40.75,46.94,49.52,50
2026-06-03,06:00,L-A,L,Mahananda,A,Taibpur,63.7,66,67.26,0
2026-06-03,06:00,L-B,L,Mahananda,B,Dhangaraghat,33.33,35.65,38.2,50
2026-06-03,06:00,M-A,M,Ghaghra,A,Darauli,56.2,60.82,61.82,0
2026-06-03,06:00,M-B,M,Ghaghra,B,Gangpur Siswan,51.88,57.04,58.26,50
2026-06-03,14:00,A-A,A,Gandak,A,Khada,93.92,96,97.5,0
2026-06-03,14:00,A-B,A,Gandak,B,Chatia,65,69.15,70.04,25
2026-06-03,14:00,A-C,A,Gandak,C,Dumaria Ghat,60.68,62.22,64.36,25
2026-06-03,14:00,A-D,A,Gandak,D,Rewa Ghat,51.39,54.41,55.46,25
2026-06-03,14:00,A-E,A,Gandak,E,Hajipur,44.67,50.32,50.93,25
2026-06-03,14:00,B-A,B,Kosi,A,Basua,45.87,47.75,49.24,0
2026-06-03,14:00,B-B,B,Kosi,B,Baltara,31.3,33.85,36.4,25
2026-06-03,14:00,B-C,B,Kosi,C,Kursela,24.49,30,32.1,25
2026-06-03,14:00,C-A,C,Bagmati,A,Dheng,68.52,71,73.47,0
2026-06-03,14:00,C-B,C,Bagmati,B,Sonakhan,66.92,68.8,72.05,25
2026-06-03,14:00,C-C,C,Bagmati,C,Dubadhar,58.73,61.28,63.75,50
2026-06-03,14:00,C-D,C,Bagmati,D,Kansar,55.93,59.06,60.86,25
2026-06-03,14:00,C-E,C,Bagmati,E,Kataunjha,52.75,55,58.36,25
2026-06-03,14:00,C-F,C,Bagmati,F,Benibad,46.56,48.68,50.12,28
2026-06-03,14:00,C-G,C,Bagmati,G,Hayaghat,39.55,45.72,48.96,25
2026-06-03,14:00,D-A,D,Burhi Gandak,A,Sikandarpur,45.18,52.53,54.29,0
2026-06-03,14:00,D-B,D,Burhi Gandak,B,Samastipur,39.35,45.73,49.38,33
2026-06-03,14:00,D-C,D,Burhi Gandak,C,Rosara,36.3,42.63,46.56,25
2026-06-03,14:00,D-D,D,Burhi Gandak,D,Khagaria,29.97,36.58,39.22,25
2026-06-03,14:00,E-A,E,Kamla Balan,A,Jainagar,67,68.5,71.35,0
2026-06-03,14:00,E-B,E,Kamla Balan,B,Jhanjharpur,48.18,50.5,53.11,100
2026-06-03,14:00,F-A,F,Bhuthi Balan,A,Ekma,68.59,69.5,72.1,0
2026-06-03,14:00,G-A,G,Lalbakeya,A,Gowabari,68.9,71.15,73.86,0
2026-06-03,14:00,H-A,H,Ganga,A,Allahabad,70.8,84.73,88.03,0
2026-06-03,14:00,H-B,H,Ganga,B,Varanasi,58.65,71.26,73.9,67
2026-06-03,14:00,H-C,H,Ganga,C,Buxar,49.11,60.32,62.09,50
2026-06-03,14:00,H-D,H,Ganga,D,Digha,43.21,50.45,52.52,50
2026-06-03,14:00,H-E,H,Ganga,E,Gandhi Ghat,42.79,48.6,50.52,25
2026-06-03,14:00,H-F,H,Ganga,F,Hathidah,34.63,41.76,43.52,50
2026-06-03,14:00,H-G,H,Ganga,G,Munger,30.67,39.33,40.99,25
2026-06-03,14:00,H-H,H,Ganga,H,Bhagalpur,25.7,33.68,34.86,25
2026-06-03,14:00,H-I,H,Ganga,I,Kahalgaon,24.68,31.09,32.87,25
2026-06-03,14:00,H-J,H,Ganga,J,Farakka,13.82,22.25,25.14,25
2026-06-03,14:00,I-A,I,Punpun,A,Sripalpur,44.84,50.6,53.91,0
2026-06-03,14:00,J-A,J,Adhwara,A,Sonbarsa,78.67,81.85,83.75,0
2026-06-03,14:00,J-B,J,Adhwara,B,Sundarpur,58.3,61.7,64.1,108
2026-06-03,14:00,J-C,J,Adhwara,C,Pupri,50.65,55.79,56.95,50
2026-06-03,14:00,K-A,K,Khiroi,A,Kamtaul,46.54,50,53.05,0
2026-06-03,14:00,K-B,K,Khiroi,B,Ekmighat,40.74,46.94,49.52,50
2026-06-03,14:00,L-A,L,Mahananda,A,Taibpur,63.6,66,67.26,0
2026-06-03,14:00,L-B,L,Mahananda,B,Dhangaraghat,33.32,35.65,38.2,50
2026-06-03,14:00,M-A,M,Ghaghra,A,Darauli,56.2,60.82,61.82,0
2026-06-03,14:00,M-B,M,Ghaghra,B,Gangpur Siswan,51.87,57.04,58.26,50
2026-06-04,06:00,A-A,A,Gandak,A,Khada,93.86,96,97.5,0
2026-06-04,06:00,A-B,A,Gandak,B,Chatia,65,69.15,70.04,25
2026-06-04,06:00,A-C,A,Gandak,C,Dumaria Ghat,60.62,62.22,64.36,25
2026-06-04,06:00,A-D,A,Gandak,D,Rewa Ghat,51.29,54.41,55.46,25
2026-06-04,06:00,A-E,A,Gandak,E,Hajipur,44.62,50.32,50.93,25
2026-06-04,06:00,B-A,B,Kosi,A,Basua,45.83,47.75,49.24,0
2026-06-04,06:00,B-B,B,Kosi,B,Baltara,31.28,33.85,36.4,25
2026-06-04,06:00,B-C,B,Kosi,C,Kursela,24.4,30,32.1,25
2026-06-04,06:00,C-A,C,Bagmati,A,Dheng,68.47,71,73.47,0
2026-06-04,06:00,C-B,C,Bagmati,B,Sonakhan,66.85,68.8,72.05,25
2026-06-04,06:00,C-C,C,Bagmati,C,Dubadhar,58.67,61.28,63.75,50
2026-06-04,06:00,C-D,C,Bagmati,D,Kansar,55.92,59.06,60.86,25
2026-06-04,06:00,C-E,C,Bagmati,E,Kataunjha,52.75,55,58.36,25
2026-06-04,06:00,C-F,C,Bagmati,F,Benibad,46.4,48.68,50.12,28
2026-06-04,06:00,C-G,C,Bagmati,G,Hayaghat,39.43,45.72,48.96,25
2026-06-04,06:00,D-A,D,Burhi Gandak,A,Sikandarpur,45.16,52.53,54.29,0
2026-06-04,06:00,D-B,D,Burhi Gandak,B,Samastipur,39.35,45.73,49.38,33
2026-06-04,06:00,D-C,D,Burhi Gandak,C,Rosara,36.3,42.63,46.56,25
2026-06-04,06:00,D-D,D,Burhi Gandak,D,Khagaria,29.97,36.58,39.22,25
2026-06-04,06:00,E-A,E,Kamla Balan,A,Jainagar,67,68.5,71.35,0
2026-06-04,06:00,E-B,E,Kamla Balan,B,Jhanjharpur,48.15,50.5,53.11,100
2026-06-04,06:00,F-A,F,Bhuthi Balan,A,Ekma,68.59,69.5,72.1,0
2026-06-04,06:00,G-A,G,Lalbakeya,A,Gowabari,68.85,71.15,73.86,0
2026-06-04,06:00,H-A,H,Ganga,A,Allahabad,70.78,84.73,88.03,0
2026-06-04,06:00,H-B,H,Ganga,B,Varanasi,58.63,71.26,73.9,67
2026-06-04,06:00,H-C,H,Ganga,C,Buxar,49.15,60.32,62.09,50
2026-06-04,06:00,H-D,H,Ganga,D,Digha,43.13,50.45,52.52,50
2026-06-04,06:00,H-E,H,Ganga,E,Gandhi Ghat,42.68,48.6,50.52,25
2026-06-04,06:00,H-F,H,Ganga,F,Hathidah,34.65,41.76,43.52,50
2026-06-04,06:00,H-G,H,Ganga,G,Munger,30.71,39.33,40.99,25
2026-06-04,06:00,H-H,H,Ganga,H,Bhagalpur,25.71,33.68,34.86,25
2026-06-04,06:00,H-I,H,Ganga,I,Kahalgaon,24.67,31.09,32.87,25
2026-06-04,06:00,H-J,H,Ganga,J,Farakka,13.81,22.25,25.14,25
2026-06-04,06:00,I-A,I,Punpun,A,Sripalpur,44.82,50.6,53.91,0
2026-06-04,06:00,J-A,J,Adhwara,A,Sonbarsa,78.67,81.85,83.75,0
2026-06-04,06:00,J-B,J,Adhwara,B,Sundarpur,58.3,61.7,64.1,108
2026-06-04,06:00,J-C,J,Adhwara,C,Pupri,50.65,55.79,56.95,50
2026-06-04,06:00,K-A,K,Khiroi,A,Kamtaul,46.54,50,53.05,0
2026-06-04,06:00,K-B,K,Khiroi,B,Ekmighat,40.65,46.94,49.52,50
2026-06-04,06:00,L-A,L,Mahananda,A,Taibpur,63.64,66,67.26,0
2026-06-04,06:00,L-B,L,Mahananda,B,Dhangaraghat,33.3,35.65,38.2,50
2026-06-04,06:00,M-A,M,Ghaghra,A,Darauli,56.2,60.82,61.82,0
2026-06-04,06:00,M-B,M,Ghaghra,B,Gangpur Siswan,51.87,57.04,58.26,50
2026-06-04,14:00,A-A,A,Gandak,A,Khada,93.84,96,97.5,0
2026-06-04,14:00,A-B,A,Gandak,B,Chatia,64.99,69.15,70.04,25
2026-06-04,14:00,A-C,A,Gandak,C,Dumaria Ghat,60.54,62.22,64.36,25
2026-06-04,14:00,A-D,A,Gandak,D,Rewa Ghat,51.21,54.41,55.46,25
2026-06-04,14:00,A-E,A,Gandak,E,Hajipur,44.59,50.32,50.93,25
2026-06-04,14:00,B-A,B,Kosi,A,Basua,45.81,47.75,49.24,0
2026-06-04,14:00,B-B,B,Kosi,B,Baltara,31.28,33.85,36.4,25
2026-06-04,14:00,B-C,B,Kosi,C,Kursela,24.4,30,32.1,25
2026-06-04,14:00,C-A,C,Bagmati,A,Dheng,68.42,71,73.47,0
2026-06-04,14:00,C-B,C,Bagmati,B,Sonakhan,66.82,68.8,72.05,25
2026-06-04,14:00,C-C,C,Bagmati,C,Dubadhar,58.62,61.28,63.75,50
2026-06-04,14:00,C-D,C,Bagmati,D,Kansar,55.88,59.06,60.86,25
2026-06-04,14:00,C-E,C,Bagmati,E,Kataunjha,52.72,55,58.36,25
2026-06-04,14:00,C-F,C,Bagmati,F,Benibad,46.32,48.68,50.12,28
2026-06-04,14:00,C-G,C,Bagmati,G,Hayaghat,39.35,45.72,48.96,25
2026-06-04,14:00,D-A,D,Burhi Gandak,A,Sikandarpur,45.18,52.53,54.29,0
2026-06-04,14:00,D-B,D,Burhi Gandak,B,Samastipur,39.35,45.73,49.38,33
2026-06-04,14:00,D-C,D,Burhi Gandak,C,Rosara,36.31,42.63,46.56,25
2026-06-04,14:00,D-D,D,Burhi Gandak,D,Khagaria,29.98,36.58,39.22,25
2026-06-04,14:00,E-A,E,Kamla Balan,A,Jainagar,67,68.5,71.35,0
2026-06-04,14:00,E-B,E,Kamla Balan,B,Jhanjharpur,48.15,50.5,53.11,100
2026-06-04,14:00,F-A,F,Bhuthi Balan,A,Ekma,68.59,69.5,72.1,0
2026-06-04,14:00,G-A,G,Lalbakeya,A,Gowabari,68.85,71.15,73.86,0
2026-06-04,14:00,H-A,H,Ganga,A,Allahabad,70.77,84.73,88.03,0
2026-06-04,14:00,H-B,H,Ganga,B,Varanasi,58.61,71.26,73.9,67
2026-06-04,14:00,H-C,H,Ganga,C,Buxar,49.16,60.32,62.09,50
2026-06-04,14:00,H-D,H,Ganga,D,Digha,43.09,50.45,52.52,50
2026-06-04,14:00,H-E,H,Ganga,E,Gandhi Ghat,42.64,48.6,50.52,25
2026-06-04,14:00,H-F,H,Ganga,F,Hathidah,34.64,41.76,43.52,50
2026-06-04,14:00,H-G,H,Ganga,G,Munger,30.73,39.33,40.99,25
2026-06-04,14:00,H-H,H,Ganga,H,Bhagalpur,25.72,33.68,34.86,25
2026-06-04,14:00,H-I,H,Ganga,I,Kahalgaon,24.66,31.09,32.87,25
2026-06-04,14:00,H-J,H,Ganga,J,Farakka,13.82,22.25,25.14,25
2026-06-04,14:00,I-A,I,Punpun,A,Sripalpur,44.82,50.6,53.91,0
2026-06-04,14:00,J-A,J,Adhwara,A,Sonbarsa,78.67,81.85,83.75,0
2026-06-04,14:00,J-B,J,Adhwara,B,Sundarpur,58.3,61.7,64.1,108
2026-06-04,14:00,J-C,J,Adhwara,C,Pupri,50.65,55.79,56.95,50
2026-06-04,14:00,K-A,K,Khiroi,A,Kamtaul,46.54,50,53.05,0
2026-06-04,14:00,K-B,K,Khiroi,B,Ekmighat,40.65,46.94,49.52,50
2026-06-04,14:00,L-A,L,Mahananda,A,Taibpur,63.68,66,67.26,0
2026-06-04,14:00,L-B,L,Mahananda,B,Dhangaraghat,33.3,35.65,38.2,50
2026-06-04,14:00,M-A,M,Ghaghra,A,Darauli,56.2,60.82,61.82,0
2026-06-04,14:00,M-B,M,Ghaghra,B,Gangpur Siswan,51.89,57.04,58.26,50
2026-06-05,06:00,A-A,A,Gandak,A,Khada,93.8,96,97.5,0
2026-06-05,06:00,A-B,A,Gandak,B,Chatia,64.99,69.15,70.04,25
2026-06-05,06:00,A-C,A,Gandak,C,Dumaria Ghat,60.46,62.22,64.36,25
2026-06-05,06:00,A-D,A,Gandak,D,Rewa Ghat,51.1,54.41,55.46,25
2026-06-05,06:00,A-E,A,Gandak,E,Hajipur,44.52,50.32,50.93,25
2026-06-05,06:00,B-A,B,Kosi,A,Basua,45.84,47.75,49.24,0
2026-06-05,06:00,B-B,B,Kosi,B,Baltara,31.28,33.85,36.4,25
2026-06-05,06:00,B-C,B,Kosi,C,Kursela,24.4,30,32.1,25
2026-06-05,06:00,C-A,C,Bagmati,A,Dheng,68.39,71,73.47,0
2026-06-05,06:00,C-B,C,Bagmati,B,Sonakhan,66.79,68.8,72.05,25
2026-06-05,06:00,C-C,C,Bagmati,C,Dubadhar,58.61,61.28,63.75,50
2026-06-05,06:00,C-D,C,Bagmati,D,Kansar,55.87,59.06,60.86,25
2026-06-05,06:00,C-E,C,Bagmati,E,Kataunjha,52.7,55,58.36,25
2026-06-05,06:00,C-F,C,Bagmati,F,Benibad,46.22,48.68,50.12,28
2026-06-05,06:00,C-G,C,Bagmati,G,Hayaghat,39.23,45.72,48.96,25
2026-06-05,06:00,D-A,D,Burhi Gandak,A,Sikandarpur,45.18,52.53,54.29,0
2026-06-05,06:00,D-B,D,Burhi Gandak,B,Samastipur,39.35,45.73,49.38,33
2026-06-05,06:00,D-C,D,Burhi Gandak,C,Rosara,36.31,42.63,46.56,25
2026-06-05,06:00,D-D,D,Burhi Gandak,D,Khagaria,29.99,36.58,39.22,25
2026-06-05,06:00,E-A,E,Kamla Balan,A,Jainagar,67,68.5,71.35,0
2026-06-05,06:00,E-B,E,Kamla Balan,B,Jhanjharpur,48.11,50.5,53.11,100
2026-06-05,06:00,F-A,F,Bhuthi Balan,A,Ekma,68.59,69.5,72.1,0
2026-06-05,06:00,G-A,G,Lalbakeya,A,Gowabari,68.8,71.15,73.86,0
2026-06-05,06:00,H-A,H,Ganga,A,Allahabad,70.77,84.73,88.03,0
2026-06-05,06:00,H-B,H,Ganga,B,Varanasi,58.62,71.26,73.9,67
2026-06-05,06:00,H-C,H,Ganga,C,Buxar,49.2,60.32,62.09,50
2026-06-05,06:00,H-D,H,Ganga,D,Digha,43.03,50.45,52.52,50
2026-06-05,06:00,H-E,H,Ganga,E,Gandhi Ghat,42.6,48.6,50.52,25
2026-06-05,06:00,H-F,H,Ganga,F,Hathidah,34.58,41.76,43.52,50
2026-06-05,06:00,H-G,H,Ganga,G,Munger,30.77,39.33,40.99,25
2026-06-05,06:00,H-H,H,Ganga,H,Bhagalpur,25.74,33.68,34.86,25
2026-06-05,06:00,H-I,H,Ganga,I,Kahalgaon,24.64,31.09,32.87,25
2026-06-05,06:00,H-J,H,Ganga,J,Farakka,13.87,22.25,25.14,25
2026-06-05,06:00,I-A,I,Punpun,A,Sripalpur,44.8,50.6,53.91,0
2026-06-05,06:00,J-A,J,Adhwara,A,Sonbarsa,78.66,81.85,83.75,0
2026-06-05,06:00,J-B,J,Adhwara,B,Sundarpur,58.3,61.7,64.1,108
2026-06-05,06:00,J-C,J,Adhwara,C,Pupri,50.65,55.79,56.95,50
2026-06-05,06:00,K-A,K,Khiroi,A,Kamtaul,46.54,50,53.05,0
2026-06-05,06:00,K-B,K,Khiroi,B,Ekmighat,40.59,46.94,49.52,50
2026-06-05,06:00,L-A,L,Mahananda,A,Taibpur,63.74,66,67.26,0
2026-06-05,06:00,L-B,L,Mahananda,B,Dhangaraghat,33.3,35.65,38.2,50
2026-06-05,06:00,M-A,M,Ghaghra,A,Darauli,56.2,60.82,61.82,0
2026-06-05,06:00,M-B,M,Ghaghra,B,Gangpur Siswan,51.89,57.04,58.26,50
2026-06-05,14:00,A-A,A,Gandak,A,Khada,93.84,96,97.5,0
2026-06-05,14:00,A-B,A,Gandak,B,Chatia,64.99,69.15,70.04,25
2026-06-05,14:00,A-C,A,Gandak,C,Dumaria Ghat,60.45,62.22,64.36,25
2026-06-05,14:00,A-D,A,Gandak,D,Rewa Ghat,51.04,54.41,55.46,25
2026-06-05,14:00,A-E,A,Gandak,E,Hajipur,44.48,50.32,50.93,25
2026-06-05,14:00,B-A,B,Kosi,A,Basua,45.86,47.75,49.24,0
2026-06-05,14:00,B-B,B,Kosi,B,Baltara,31.27,33.85,36.4,25
2026-06-05,14:00,B-C,B,Kosi,C,Kursela,24.43,30,32.1,25
2026-06-05,14:00,C-A,C,Bagmati,A,Dheng,68.39,71,73.47,0
2026-06-05,14:00,C-B,C,Bagmati,B,Sonakhan,66.79,68.8,72.05,25
2026-06-05,14:00,C-C,C,Bagmati,C,Dubadhar,58.58,61.28,63.75,50
2026-06-05,14:00,C-D,C,Bagmati,D,Kansar,55.85,59.06,60.86,25
2026-06-05,14:00,C-E,C,Bagmati,E,Kataunjha,52.6,55,58.36,25
2026-06-05,14:00,C-F,C,Bagmati,F,Benibad,46.18,48.68,50.12,28
2026-06-05,14:00,C-G,C,Bagmati,G,Hayaghat,39.19,45.72,48.96,25
2026-06-05,14:00,D-A,D,Burhi Gandak,A,Sikandarpur,45.19,52.53,54.29,0
2026-06-05,14:00,D-B,D,Burhi Gandak,B,Samastipur,39.35,45.73,49.38,33
2026-06-05,14:00,D-C,D,Burhi Gandak,C,Rosara,36.31,42.63,46.56,25
2026-06-05,14:00,D-D,D,Burhi Gandak,D,Khagaria,30,36.58,39.22,25
2026-06-05,14:00,E-A,E,Kamla Balan,A,Jainagar,67,68.5,71.35,0
2026-06-05,14:00,E-B,E,Kamla Balan,B,Jhanjharpur,48.11,50.5,53.11,100
2026-06-05,14:00,F-A,F,Bhuthi Balan,A,Ekma,68.59,69.5,72.1,0
2026-06-05,14:00,G-A,G,Lalbakeya,A,Gowabari,68.8,71.15,73.86,0
2026-06-05,14:00,H-A,H,Ganga,A,Allahabad,70.76,84.73,88.03,0
2026-06-05,14:00,H-B,H,Ganga,B,Varanasi,58.64,71.26,73.9,67
2026-06-05,14:00,H-C,H,Ganga,C,Buxar,49.21,60.32,62.09,50
2026-06-05,14:00,H-D,H,Ganga,D,Digha,43.02,50.45,52.52,50
2026-06-05,14:00,H-E,H,Ganga,E,Gandhi Ghat,42.57,48.6,50.52,25
2026-06-05,14:00,H-F,H,Ganga,F,Hathidah,34.55,41.76,43.52,50
2026-06-05,14:00,H-G,H,Ganga,G,Munger,30.78,39.33,40.99,25
2026-06-05,14:00,H-H,H,Ganga,H,Bhagalpur,25.75,33.68,34.86,25
2026-06-05,14:00,H-I,H,Ganga,I,Kahalgaon,24.63,31.09,32.87,25
2026-06-05,14:00,H-J,H,Ganga,J,Farakka,13.84,22.25,25.14,25
2026-06-05,14:00,I-A,I,Punpun,A,Sripalpur,44.8,50.6,53.91,0
2026-06-05,14:00,J-A,J,Adhwara,A,Sonbarsa,78.66,81.85,83.75,0
2026-06-05,14:00,J-B,J,Adhwara,B,Sundarpur,58.3,61.7,64.1,108
2026-06-05,14:00,J-C,J,Adhwara,C,Pupri,50.65,55.79,56.95,50
2026-06-05,14:00,K-A,K,Khiroi,A,Kamtaul,46.57,50,53.05,0
2026-06-05,14:00,K-B,K,Khiroi,B,Ekmighat,40.57,46.94,49.52,50
2026-06-05,14:00,L-A,L,Mahananda,A,Taibpur,63.66,66,67.26,0
2026-06-05,14:00,L-B,L,Mahananda,B,Dhangaraghat,33.28,35.65,38.2,50
2026-06-05,14:00,M-A,M,Ghaghra,A,Darauli,56.2,60.82,61.82,0
2026-06-05,14:00,M-B,M,Ghaghra,B,Gangpur Siswan,51.89,57.04,58.26,50
2026-06-06,06:00,A-A,A,Gandak,A,Khada,93.84,96,97.5,0
2026-06-06,06:00,A-B,A,Gandak,B,Chatia,64.98,69.15,70.04,25
2026-06-06,06:00,A-C,A,Gandak,C,Dumaria Ghat,60.4,62.22,64.36,25
2026-06-06,06:00,A-D,A,Gandak,D,Rewa Ghat,51,54.41,55.46,25
2026-06-06,06:00,A-E,A,Gandak,E,Hajipur,44.4,50.32,50.93,25
2026-06-06,06:00,B-A,B,Kosi,A,Basua,45.9,47.75,49.24,0
2026-06-06,06:00,B-B,B,Kosi,B,Baltara,31.27,33.85,36.4,25
2026-06-06,06:00,B-C,B,Kosi,C,Kursela,24.45,30,32.1,25
2026-06-06,06:00,C-A,C,Bagmati,A,Dheng,68.39,71,73.47,0
2026-06-06,06:00,C-B,C,Bagmati,B,Sonakhan,66.79,68.8,72.05,25
2026-06-06,06:00,C-C,C,Bagmati,C,Dubadhar,58.59,61.28,63.75,50
2026-06-06,06:00,C-D,C,Bagmati,D,Kansar,55.83,59.06,60.86,25
2026-06-06,06:00,C-E,C,Bagmati,E,Kataunjha,52.35,55,58.36,25
2026-06-06,06:00,C-F,C,Bagmati,F,Benibad,46.1,48.68,50.12,28
2026-06-06,06:00,C-G,C,Bagmati,G,Hayaghat,39.11,45.72,48.96,25
2026-06-06,06:00,D-A,D,Burhi Gandak,A,Sikandarpur,45.2,52.53,54.29,0
2026-06-06,06:00,D-B,D,Burhi Gandak,B,Samastipur,39.35,45.73,49.38,33
2026-06-06,06:00,D-C,D,Burhi Gandak,C,Rosara,36.3,42.63,46.56,25
2026-06-06,06:00,D-D,D,Burhi Gandak,D,Khagaria,30,36.58,39.22,25
2026-06-06,06:00,E-A,E,Kamla Balan,A,Jainagar,67,68.5,71.35,0
2026-06-06,06:00,E-B,E,Kamla Balan,B,Jhanjharpur,48.11,50.5,53.11,100
2026-06-06,06:00,F-A,F,Bhuthi Balan,A,Ekma,68.59,69.5,72.1,0
2026-06-06,06:00,G-A,G,Lalbakeya,A,Gowabari,68.8,71.15,73.86,0
2026-06-06,06:00,H-A,H,Ganga,A,Allahabad,70.75,84.73,88.03,0
2026-06-06,06:00,H-B,H,Ganga,B,Varanasi,58.67,71.26,73.9,67
2026-06-06,06:00,H-C,H,Ganga,C,Buxar,49.21,60.32,62.09,50
2026-06-06,06:00,H-D,H,Ganga,D,Digha,43.01,50.45,52.52,50
2026-06-06,06:00,H-E,H,Ganga,E,Gandhi Ghat,42.55,48.6,50.52,25
2026-06-06,06:00,H-F,H,Ganga,F,Hathidah,34.49,41.76,43.52,50
2026-06-06,06:00,H-G,H,Ganga,G,Munger,30.79,39.33,40.99,25
2026-06-06,06:00,H-H,H,Ganga,H,Bhagalpur,25.76,33.68,34.86,25
2026-06-06,06:00,H-I,H,Ganga,I,Kahalgaon,24.66,31.09,32.87,25
2026-06-06,06:00,H-J,H,Ganga,J,Farakka,13.91,22.25,25.14,25
2026-06-06,06:00,I-A,I,Punpun,A,Sripalpur,44.79,50.6,53.91,0
2026-06-06,06:00,J-A,J,Adhwara,A,Sonbarsa,78.66,81.85,83.75,0
2026-06-06,06:00,J-B,J,Adhwara,B,Sundarpur,58.3,61.7,64.1,108
2026-06-06,06:00,J-C,J,Adhwara,C,Pupri,50.65,55.79,56.95,50
2026-06-06,06:00,K-A,K,Khiroi,A,Kamtaul,46.57,50,53.05,0
2026-06-06,06:00,K-B,K,Khiroi,B,Ekmighat,40.57,46.94,49.52,50
2026-06-06,06:00,L-A,L,Mahananda,A,Taibpur,63.66,66,67.26,0
2026-06-06,06:00,L-B,L,Mahananda,B,Dhangaraghat,33.26,35.65,38.2,50
2026-06-06,06:00,M-A,M,Ghaghra,A,Darauli,56.25,60.82,61.82,0
2026-06-06,06:00,M-B,M,Ghaghra,B,Gangpur Siswan,51.9,57.04,58.26,50
2026-06-06,14:00,A-A,A,Gandak,A,Khada,93.84,96,97.5,0
2026-06-06,14:00,A-B,A,Gandak,B,Chatia,64.98,69.15,70.04,25
2026-06-06,14:00,A-C,A,Gandak,C,Dumaria Ghat,60.36,62.22,64.36,25
2026-06-06,14:00,A-D,A,Gandak,D,Rewa Ghat,50.92,54.41,55.46,25
2026-06-06,14:00,A-E,A,Gandak,E,Hajipur,44.4,50.32,50.93,25
2026-06-06,14:00,B-A,B,Kosi,A,Basua,45.94,47.75,49.24,0
2026-06-06,14:00,B-B,B,Kosi,B,Baltara,31.28,33.85,36.4,25
2026-06-06,14:00,B-C,B,Kosi,C,Kursela,24.46,30,32.1,25
2026-06-06,14:00,C-A,C,Bagmati,A,Dheng,68.42,71,73.47,0
2026-06-06,14:00,C-B,C,Bagmati,B,Sonakhan,66.82,68.8,72.05,25
2026-06-06,14:00,C-C,C,Bagmati,C,Dubadhar,58.66,61.28,63.75,50
2026-06-06,14:00,C-D,C,Bagmati,D,Kansar,55.83,59.06,60.86,25
2026-06-06,14:00,C-E,C,Bagmati,E,Kataunjha,52.25,55,58.36,25
2026-06-06,14:00,C-F,C,Bagmati,F,Benibad,46.08,48.68,50.12,28
2026-06-06,14:00,C-G,C,Bagmati,G,Hayaghat,39.09,45.72,48.96,25
2026-06-06,14:00,D-A,D,Burhi Gandak,A,Sikandarpur,45.21,52.53,54.29,0
2026-06-06,14:00,D-B,D,Burhi Gandak,B,Samastipur,39.35,45.73,49.38,33
2026-06-06,14:00,D-C,D,Burhi Gandak,C,Rosara,36.3,42.63,46.56,25
2026-06-06,14:00,D-D,D,Burhi Gandak,D,Khagaria,30.01,36.58,39.22,25
2026-06-06,14:00,E-A,E,Kamla Balan,A,Jainagar,67,68.5,71.35,0
2026-06-06,14:00,E-B,E,Kamla Balan,B,Jhanjharpur,48.11,50.5,53.11,100
2026-06-06,14:00,F-A,F,Bhuthi Balan,A,Ekma,68.59,69.5,72.1,0
2026-06-06,14:00,G-A,G,Lalbakeya,A,Gowabari,68.8,71.15,73.86,0
2026-06-06,14:00,H-A,H,Ganga,A,Allahabad,70.73,84.73,88.03,0
2026-06-06,14:00,H-B,H,Ganga,B,Varanasi,58.67,71.26,73.9,67
2026-06-06,14:00,H-C,H,Ganga,C,Buxar,49.2,60.32,62.09,50
2026-06-06,14:00,H-D,H,Ganga,D,Digha,43.01,50.45,52.52,50
2026-06-06,14:00,H-E,H,Ganga,E,Gandhi Ghat,42.53,48.6,50.52,25
2026-06-06,14:00,H-F,H,Ganga,F,Hathidah,34.47,41.76,43.52,50
2026-06-06,14:00,H-G,H,Ganga,G,Munger,30.79,39.33,40.99,25
2026-06-06,14:00,H-H,H,Ganga,H,Bhagalpur,25.76,33.68,34.86,25
2026-06-06,14:00,H-I,H,Ganga,I,Kahalgaon,24.68,31.09,32.87,25
2026-06-06,14:00,H-J,H,Ganga,J,Farakka,13.94,22.25,25.14,25
2026-06-06,14:00,I-A,I,Punpun,A,Sripalpur,44.79,50.6,53.91,0
2026-06-06,14:00,J-A,J,Adhwara,A,Sonbarsa,78.66,81.85,83.75,0
2026-06-06,14:00,J-B,J,Adhwara,B,Sundarpur,58.3,61.7,64.1,108
2026-06-06,14:00,J-C,J,Adhwara,C,Pupri,50.7,55.79,56.95,50
2026-06-06,14:00,K-A,K,Khiroi,A,Kamtaul,46.59,50,53.05,0
2026-06-06,14:00,K-B,K,Khiroi,B,Ekmighat,40.62,46.94,49.52,50
2026-06-06,14:00,L-A,L,Mahananda,A,Taibpur,63.66,66,67.26,0
2026-06-06,14:00,L-B,L,Mahananda,B,Dhangaraghat,33.3,35.65,38.2,50
2026-06-06,14:00,M-A,M,Ghaghra,A,Darauli,56.29,60.82,61.82,0
2026-06-06,14:00,M-B,M,Ghaghra,B,Gangpur Siswan,51.9,57.04,58.26,50
2026-06-07,06:00,A-A,A,Gandak,A,Khada,93.96,96,97.5,0
2026-06-07,06:00,A-B,A,Gandak,B,Chatia,64.98,69.15,70.04,25
2026-06-07,06:00,A-C,A,Gandak,C,Dumaria Ghat,60.31,62.22,64.36,25
2026-06-07,06:00,A-D,A,Gandak,D,Rewa Ghat,50.84,54.41,55.46,25
2026-06-07,06:00,A-E,A,Gandak,E,Hajipur,44.34,50.32,50.93,25
2026-06-07,06:00,B-A,B,Kosi,A,Basua,46.01,47.75,49.24,0
2026-06-07,06:00,B-B,B,Kosi,B,Baltara,31.32,33.85,36.4,25
2026-06-07,06:00,B-C,B,Kosi,C,Kursela,24.48,30,32.1,25
2026-06-07,06:00,C-A,C,Bagmati,A,Dheng,68.95,71,73.47,0
2026-06-07,06:00,C-B,C,Bagmati,B,Sonakhan,67.35,68.8,72.05,25
2026-06-07,06:00,C-C,C,Bagmati,C,Dubadhar,58.68,61.28,63.75,50
2026-06-07,06:00,C-D,C,Bagmati,D,Kansar,55.8,59.06,60.86,25
2026-06-07,06:00,C-E,C,Bagmati,E,Kataunjha,52.25,55,58.36,25
2026-06-07,06:00,C-F,C,Bagmati,F,Benibad,46.08,48.68,50.12,28
2026-06-07,06:00,C-G,C,Bagmati,G,Hayaghat,39.09,45.72,48.96,25
2026-06-07,06:00,D-A,D,Burhi Gandak,A,Sikandarpur,45.21,52.53,54.29,0
2026-06-07,06:00,D-B,D,Burhi Gandak,B,Samastipur,39.35,45.73,49.38,33
2026-06-07,06:00,D-C,D,Burhi Gandak,C,Rosara,36.3,42.63,46.56,25
2026-06-07,06:00,D-D,D,Burhi Gandak,D,Khagaria,30.01,36.58,39.22,25
2026-06-07,06:00,E-A,E,Kamla Balan,A,Jainagar,67,68.5,71.35,0
2026-06-07,06:00,E-B,E,Kamla Balan,B,Jhanjharpur,48.1,50.5,53.11,100
2026-06-07,06:00,F-A,F,Bhuthi Balan,A,Ekma,68.59,69.5,72.1,0
2026-06-07,06:00,G-A,G,Lalbakeya,A,Gowabari,68.8,71.15,73.86,0
2026-06-07,06:00,H-A,H,Ganga,A,Allahabad,70.76,84.73,88.03,0
2026-06-07,06:00,H-B,H,Ganga,B,Varanasi,58.67,71.26,73.9,67
2026-06-07,06:00,H-C,H,Ganga,C,Buxar,49.19,60.32,62.09,50
2026-06-07,06:00,H-D,H,Ganga,D,Digha,42.99,50.45,52.52,50
2026-06-07,06:00,H-E,H,Ganga,E,Gandhi Ghat,42.51,48.6,50.52,25
2026-06-07,06:00,H-F,H,Ganga,F,Hathidah,34.42,41.76,43.52,50
2026-06-07,06:00,H-G,H,Ganga,G,Munger,30.75,39.33,40.99,25
2026-06-07,06:00,H-H,H,Ganga,H,Bhagalpur,25.76,33.68,34.86,25
2026-06-07,06:00,H-I,H,Ganga,I,Kahalgaon,24.71,31.09,32.87,25
2026-06-07,06:00,H-J,H,Ganga,J,Farakka,13.98,22.25,25.14,25
2026-06-07,06:00,I-A,I,Punpun,A,Sripalpur,44.79,50.6,53.91,0
2026-06-07,06:00,J-A,J,Adhwara,A,Sonbarsa,78.66,81.85,83.75,0
2026-06-07,06:00,J-B,J,Adhwara,B,Sundarpur,58.3,61.7,64.1,108
2026-06-07,06:00,J-C,J,Adhwara,C,Pupri,50.7,55.79,56.95,50
2026-06-07,06:00,K-A,K,Khiroi,A,Kamtaul,46.59,50,53.05,0
2026-06-07,06:00,K-B,K,Khiroi,B,Ekmighat,40.56,46.94,49.52,50
2026-06-07,06:00,L-A,L,Mahananda,A,Taibpur,64.42,66,67.26,0
2026-06-07,06:00,L-B,L,Mahananda,B,Dhangaraghat,33.32,35.65,38.2,50
2026-06-07,06:00,M-A,M,Ghaghra,A,Darauli,56.3,60.82,61.82,0
2026-06-07,06:00,M-B,M,Ghaghra,B,Gangpur Siswan,51.98,57.04,58.26,50
2026-06-07,14:00,A-A,A,Gandak,A,Khada,93.96,96,97.5,0
2026-06-07,14:00,A-B,A,Gandak,B,Chatia,64.98,69.15,70.04,25
2026-06-07,14:00,A-C,A,Gandak,C,Dumaria Ghat,60.27,62.22,64.36,25
2026-06-07,14:00,A-D,A,Gandak,D,Rewa Ghat,50.8,54.41,55.46,25
2026-06-07,14:00,A-E,A,Gandak,E,Hajipur,44.31,50.32,50.93,25
2026-06-07,14:00,B-A,B,Kosi,A,Basua,46.04,47.75,49.24,0
2026-06-07,14:00,B-B,B,Kosi,B,Baltara,31.44,33.85,36.4,25
2026-06-07,14:00,B-C,B,Kosi,C,Kursela,24.48,30,32.1,25
2026-06-07,14:00,C-A,C,Bagmati,A,Dheng,68.75,71,73.47,0
2026-06-07,14:00,C-B,C,Bagmati,B,Sonakhan,67.15,68.8,72.05,25
2026-06-07,14:00,C-C,C,Bagmati,C,Dubadhar,59.08,61.28,63.75,50
2026-06-07,14:00,C-D,C,Bagmati,D,Kansar,55.85,59.06,60.86,25
2026-06-07,14:00,C-E,C,Bagmati,E,Kataunjha,52.25,55,58.36,25
2026-06-07,14:00,C-F,C,Bagmati,F,Benibad,46.08,48.68,50.12,28
2026-06-07,14:00,C-G,C,Bagmati,G,Hayaghat,39.09,45.72,48.96,25
2026-06-07,14:00,D-A,D,Burhi Gandak,A,Sikandarpur,45.18,52.53,54.29,0
2026-06-07,14:00,D-B,D,Burhi Gandak,B,Samastipur,39.35,45.73,49.38,33
2026-06-07,14:00,D-C,D,Burhi Gandak,C,Rosara,36.31,42.63,46.56,25
2026-06-07,14:00,D-D,D,Burhi Gandak,D,Khagaria,30.01,36.58,39.22,25
2026-06-07,14:00,E-A,E,Kamla Balan,A,Jainagar,67,68.5,71.35,0
2026-06-07,14:00,E-B,E,Kamla Balan,B,Jhanjharpur,48.1,50.5,53.11,100
2026-06-07,14:00,F-A,F,Bhuthi Balan,A,Ekma,68.59,69.5,72.1,0
2026-06-07,14:00,G-A,G,Lalbakeya,A,Gowabari,69.2,71.15,73.86,0
2026-06-07,14:00,H-A,H,Ganga,A,Allahabad,70.78,84.73,88.03,0
2026-06-07,14:00,H-B,H,Ganga,B,Varanasi,58.63,71.26,73.9,67
2026-06-07,14:00,H-C,H,Ganga,C,Buxar,49.19,60.32,62.09,50
2026-06-07,14:00,H-D,H,Ganga,D,Digha,42.99,50.45,52.52,50
2026-06-07,14:00,H-E,H,Ganga,E,Gandhi Ghat,42.5,48.6,50.52,25
2026-06-07,14:00,H-F,H,Ganga,F,Hathidah,34.41,41.76,43.52,50
2026-06-07,14:00,H-G,H,Ganga,G,Munger,30.73,39.33,40.99,25
2026-06-07,14:00,H-H,H,Ganga,H,Bhagalpur,25.74,33.68,34.86,25
2026-06-07,14:00,H-I,H,Ganga,I,Kahalgaon,24.71,31.09,32.87,25
2026-06-07,14:00,H-J,H,Ganga,J,Farakka,14.04,22.25,25.14,25
2026-06-07,14:00,I-A,I,Punpun,A,Sripalpur,44.8,50.6,53.91,0
2026-06-07,14:00,J-A,J,Adhwara,A,Sonbarsa,78.66,81.85,83.75,0
2026-06-07,14:00,J-B,J,Adhwara,B,Sundarpur,58.3,61.7,64.1,108
2026-06-07,14:00,J-C,J,Adhwara,C,Pupri,50.7,55.79,56.95,50
2026-06-07,14:00,K-A,K,Khiroi,A,Kamtaul,46.59,50,53.05,0
2026-06-07,14:00,K-B,K,Khiroi,B,Ekmighat,40.56,46.94,49.52,50
2026-06-07,14:00,L-A,L,Mahananda,A,Taibpur,64,66,67.26,0
2026-06-07,14:00,L-B,L,Mahananda,B,Dhangaraghat,33.37,35.65,38.2,50
2026-06-07,14:00,M-A,M,Ghaghra,A,Darauli,56.28,60.82,61.82,0
2026-06-07,14:00,M-B,M,Ghaghra,B,Gangpur Siswan,52.02,57.04,58.26,50
2026-06-08,06:00,A-A,A,Gandak,A,Khada,94,96,97.5,0
2026-06-08,06:00,A-B,A,Gandak,B,Chatia,64.98,69.15,70.04,25
2026-06-08,06:00,A-C,A,Gandak,C,Dumaria Ghat,60.27,62.22,64.36,25
2026-06-08,06:00,A-D,A,Gandak,D,Rewa Ghat,50.8,54.41,55.46,25
2026-06-08,06:00,A-E,A,Gandak,E,Hajipur,44.3,50.32,50.93,25
2026-06-08,06:00,B-A,B,Kosi,A,Basua,46.15,47.75,49.24,0
2026-06-08,06:00,B-B,B,Kosi,B,Baltara,31.5,33.85,36.4,25
2026-06-08,06:00,B-C,B,Kosi,C,Kursela,24.49,30,32.1,25
2026-06-08,06:00,C-A,C,Bagmati,A,Dheng,68.7,71,73.47,0
2026-06-08,06:00,C-B,C,Bagmati,B,Sonakhan,67.1,68.8,72.05,25
2026-06-08,06:00,C-C,C,Bagmati,C,Dubadhar,59.07,61.28,63.75,50
2026-06-08,06:00,C-D,C,Bagmati,D,Kansar,56.2,59.06,60.86,25
2026-06-08,06:00,C-E,C,Bagmati,E,Kataunjha,52.5,55,58.36,25
2026-06-08,06:00,C-F,C,Bagmati,F,Benibad,46.08,48.68,50.12,28
2026-06-08,06:00,C-G,C,Bagmati,G,Hayaghat,39.09,45.72,48.96,25
2026-06-08,06:00,D-A,D,Burhi Gandak,A,Sikandarpur,45.17,52.53,54.29,0
2026-06-08,06:00,D-B,D,Burhi Gandak,B,Samastipur,39.35,45.73,49.38,33
2026-06-08,06:00,D-C,D,Burhi Gandak,C,Rosara,36.31,42.63,46.56,25
2026-06-08,06:00,D-D,D,Burhi Gandak,D,Khagaria,30.01,36.58,39.22,25
2026-06-08,06:00,E-A,E,Kamla Balan,A,Jainagar,67,68.5,71.35,0
2026-06-08,06:00,E-B,E,Kamla Balan,B,Jhanjharpur,48.48,50.5,53.11,100
2026-06-08,06:00,F-A,F,Bhuthi Balan,A,Ekma,68.59,69.5,72.1,0
2026-06-08,06:00,G-A,G,Lalbakeya,A,Gowabari,69,71.15,73.86,0
2026-06-08,06:00,H-A,H,Ganga,A,Allahabad,70.08,84.73,88.03,0
2026-06-08,06:00,H-B,H,Ganga,B,Varanasi,58.55,71.26,73.9,67
2026-06-08,06:00,H-C,H,Ganga,C,Buxar,49.19,60.32,62.09,50
2026-06-08,06:00,H-D,H,Ganga,D,Digha,42.98,50.45,52.52,50
2026-06-08,06:00,H-E,H,Ganga,E,Gandhi Ghat,42.49,48.6,50.52,25
2026-06-08,06:00,H-F,H,Ganga,F,Hathidah,34.38,41.76,43.52,50
2026-06-08,06:00,H-G,H,Ganga,G,Munger,30.69,39.33,40.99,25
2026-06-08,06:00,H-H,H,Ganga,H,Bhagalpur,25.71,33.68,34.86,25
2026-06-08,06:00,H-I,H,Ganga,I,Kahalgaon,24.71,31.09,32.87,25
2026-06-08,06:00,H-J,H,Ganga,J,Farakka,14.05,22.25,25.14,25
2026-06-08,06:00,I-A,I,Punpun,A,Sripalpur,44.8,50.6,53.91,0
2026-06-08,06:00,J-A,J,Adhwara,A,Sonbarsa,78.66,81.85,83.75,0
2026-06-08,06:00,J-B,J,Adhwara,B,Sundarpur,58.3,61.7,64.1,108
2026-06-08,06:00,J-C,J,Adhwara,C,Pupri,50.7,55.79,56.95,50
2026-06-08,06:00,K-A,K,Khiroi,A,Kamtaul,46.6,50,53.05,0
2026-06-08,06:00,K-B,K,Khiroi,B,Ekmighat,40.56,46.94,49.52,50
2026-06-08,06:00,L-A,L,Mahananda,A,Taibpur,63.87,66,67.26,0
2026-06-08,06:00,L-B,L,Mahananda,B,Dhangaraghat,33.39,35.65,38.2,50
2026-06-08,06:00,M-A,M,Ghaghra,A,Darauli,56.25,60.82,61.82,0
2026-06-08,06:00,M-B,M,Ghaghra,B,Gangpur Siswan,52.05,57.04,58.26,50
2026-06-08,14:00,A-A,A,Gandak,A,Khada,94.12,96,97.5,0
2026-06-08,14:00,A-B,A,Gandak,B,Chatia,64.97,69.15,70.04,25
2026-06-08,14:00,A-C,A,Gandak,C,Dumaria Ghat,60.27,62.22,64.36,25
2026-06-08,14:00,A-D,A,Gandak,D,Rewa Ghat,50.8,54.41,55.46,25
2026-06-08,14:00,A-E,A,Gandak,E,Hajipur,44.3,50.32,50.93,25
2026-06-08,14:00,B-A,B,Kosi,A,Basua,46.16,47.75,49.24,0
2026-06-08,14:00,B-B,B,Kosi,B,Baltara,31.51,33.85,36.4,25
2026-06-08,14:00,B-C,B,Kosi,C,Kursela,24.49,30,32.1,25
2026-06-08,14:00,C-A,C,Bagmati,A,Dheng,68.65,71,73.47,0
2026-06-08,14:00,C-B,C,Bagmati,B,Sonakhan,67.05,68.8,72.05,25
2026-06-08,14:00,C-C,C,Bagmati,C,Dubadhar,59.05,61.28,63.75,50
2026-06-08,14:00,C-D,C,Bagmati,D,Kansar,56.1,59.06,60.86,25
2026-06-08,14:00,C-E,C,Bagmati,E,Kataunjha,52.55,55,58.36,25
2026-06-08,14:00,C-F,C,Bagmati,F,Benibad,46.45,48.68,50.12,28
2026-06-08,14:00,C-G,C,Bagmati,G,Hayaghat,39.15,45.72,48.96,25
2026-06-08,14:00,D-A,D,Burhi Gandak,A,Sikandarpur,45.17,52.53,54.29,0
2026-06-08,14:00,D-B,D,Burhi Gandak,B,Samastipur,39.35,45.73,49.38,33
2026-06-08,14:00,D-C,D,Burhi Gandak,C,Rosara,36.32,42.63,46.56,25
2026-06-08,14:00,D-D,D,Burhi Gandak,D,Khagaria,29.99,36.58,39.22,25
2026-06-08,14:00,E-A,E,Kamla Balan,A,Jainagar,67,68.5,71.35,0
2026-06-08,14:00,E-B,E,Kamla Balan,B,Jhanjharpur,48.48,50.5,53.11,100
2026-06-08,14:00,F-A,F,Bhuthi Balan,A,Ekma,68.59,69.5,72.1,0
2026-06-08,14:00,G-A,G,Lalbakeya,A,Gowabari,69,71.15,73.86,0
2026-06-08,14:00,H-A,H,Ganga,A,Allahabad,70.8,84.73,88.03,0
2026-06-08,14:00,H-B,H,Ganga,B,Varanasi,58.54,71.26,73.9,67
2026-06-08,14:00,H-C,H,Ganga,C,Buxar,49.19,60.32,62.09,50
2026-06-08,14:00,H-D,H,Ganga,D,Digha,42.98,50.45,52.52,50
2026-06-08,14:00,H-E,H,Ganga,E,Gandhi Ghat,42.5,48.6,50.52,25
2026-06-08,14:00,H-F,H,Ganga,F,Hathidah,34.36,41.76,43.52,50
2026-06-08,14:00,H-G,H,Ganga,G,Munger,30.67,39.33,40.99,25
2026-06-08,14:00,H-H,H,Ganga,H,Bhagalpur,25.69,33.68,34.86,25
2026-06-08,14:00,H-I,H,Ganga,I,Kahalgaon,24.7,31.09,32.87,25
2026-06-08,14:00,H-J,H,Ganga,J,Farakka,14.04,22.25,25.14,25
2026-06-08,14:00,I-A,I,Punpun,A,Sripalpur,44.79,50.6,53.91,0
2026-06-08,14:00,J-A,J,Adhwara,A,Sonbarsa,78.66,81.85,83.75,0
2026-06-08,14:00,J-B,J,Adhwara,B,Sundarpur,58.3,61.7,64.1,108
2026-06-08,14:00,J-C,J,Adhwara,C,Pupri,50.7,55.79,56.95,50
2026-06-08,14:00,K-A,K,Khiroi,A,Kamtaul,46.6,50,53.05,0
2026-06-08,14:00,K-B,K,Khiroi,B,Ekmighat,40.56,46.94,49.52,50
2026-06-08,14:00,L-A,L,Mahananda,A,Taibpur,63.84,66,67.26,0
2026-06-08,14:00,L-B,L,Mahananda,B,Dhangaraghat,33.51,35.65,38.2,50
2026-06-08,14:00,M-A,M,Ghaghra,A,Darauli,56.25,60.82,61.82,0
2026-06-08,14:00,M-B,M,Ghaghra,B,Gangpur Siswan,52.02,57.04,58.26,50
2026-06-09,06:00,A-A,A,Gandak,A,Khada,94.01,96,97.5,0
2026-06-09,06:00,A-B,A,Gandak,B,Chatia,64.97,69.15,70.04,25
2026-06-09,06:00,A-C,A,Gandak,C,Dumaria Ghat,60.27,62.22,64.36,25
2026-06-09,06:00,A-D,A,Gandak,D,Rewa Ghat,50.8,54.41,55.46,25
2026-06-09,06:00,A-E,A,Gandak,E,Hajipur,44.34,50.32,50.93,25
2026-06-09,06:00,B-A,B,Kosi,A,Basua,46.24,47.75,49.24,0
2026-06-09,06:00,B-B,B,Kosi,B,Baltara,31.72,33.85,36.4,25
2026-06-09,06:00,B-C,B,Kosi,C,Kursela,24.53,30,32.1,25
2026-06-09,06:00,C-A,C,Bagmati,A,Dheng,68.46,71,73.47,0
2026-06-09,06:00,C-B,C,Bagmati,B,Sonakhan,66.86,68.8,72.05,25
2026-06-09,06:00,C-C,C,Bagmati,C,Dubadhar,58.87,61.28,63.75,50
2026-06-09,06:00,C-D,C,Bagmati,D,Kansar,56,59.06,60.86,25
2026-06-09,06:00,C-E,C,Bagmati,E,Kataunjha,52.46,55,58.36,25
2026-06-09,06:00,C-F,C,Bagmati,F,Benibad,46.78,48.68,50.12,28
2026-06-09,06:00,C-G,C,Bagmati,G,Hayaghat,39.58,45.72,48.96,25
2026-06-09,06:00,D-A,D,Burhi Gandak,A,Sikandarpur,45.16,52.53,54.29,0
2026-06-09,06:00,D-B,D,Burhi Gandak,B,Samastipur,39.35,45.73,49.38,33
2026-06-09,06:00,D-C,D,Burhi Gandak,C,Rosara,36.32,42.63,46.56,25
2026-06-09,06:00,D-D,D,Burhi Gandak,D,Khagaria,29.98,36.58,39.22,25
2026-06-09,06:00,E-A,E,Kamla Balan,A,Jainagar,67,68.5,71.35,0
2026-06-09,06:00,E-B,E,Kamla Balan,B,Jhanjharpur,48.42,50.5,53.11,100
2026-06-09,06:00,F-A,F,Bhuthi Balan,A,Ekma,68.59,69.5,72.1,0
2026-06-09,06:00,G-A,G,Lalbakeya,A,Gowabari,68.9,71.15,73.86,0
2026-06-09,06:00,H-A,H,Ganga,A,Allahabad,70.79,84.73,88.03,0
2026-06-09,06:00,H-B,H,Ganga,B,Varanasi,58.5,71.26,73.9,67
2026-06-09,06:00,H-C,H,Ganga,C,Buxar,49.19,60.32,62.09,50
2026-06-09,06:00,H-D,H,Ganga,D,Digha,42.98,50.45,52.52,50
2026-06-09,06:00,H-E,H,Ganga,E,Gandhi Ghat,42.52,48.6,50.52,25
2026-06-09,06:00,H-F,H,Ganga,F,Hathidah,34.35,41.76,43.52,50
2026-06-09,06:00,H-G,H,Ganga,G,Munger,30.67,39.33,40.99,25
2026-06-09,06:00,H-H,H,Ganga,H,Bhagalpur,25.65,33.68,34.86,25
2026-06-09,06:00,H-I,H,Ganga,I,Kahalgaon,24.68,31.09,32.87,25
2026-06-09,06:00,H-J,H,Ganga,J,Farakka,14.04,22.25,25.14,25
2026-06-09,06:00,I-A,I,Punpun,A,Sripalpur,44.79,50.6,53.91,0
2026-06-09,06:00,J-A,J,Adhwara,A,Sonbarsa,78.66,81.85,83.75,0
2026-06-09,06:00,J-B,J,Adhwara,B,Sundarpur,58.3,61.7,64.1,108
2026-06-09,06:00,J-C,J,Adhwara,C,Pupri,50.7,55.79,56.95,50
2026-06-09,06:00,K-A,K,Khiroi,A,Kamtaul,46.61,50,53.05,0
2026-06-09,06:00,K-B,K,Khiroi,B,Ekmighat,40.58,46.94,49.52,50
2026-06-09,06:00,L-A,L,Mahananda,A,Taibpur,64.32,66,67.26,0
2026-06-09,06:00,L-B,L,Mahananda,B,Dhangaraghat,33.57,35.65,38.2,50
2026-06-09,06:00,M-A,M,Ghaghra,A,Darauli,56.24,60.82,61.82,0
2026-06-09,06:00,M-B,M,Ghaghra,B,Gangpur Siswan,51.98,57.04,58.26,50
2026-06-09,14:00,A-A,A,Gandak,A,Khada,94.05,96,97.5,0
2026-06-09,14:00,A-B,A,Gandak,B,Chatia,64.97,69.15,70.04,25
2026-06-09,14:00,A-C,A,Gandak,C,Dumaria Ghat,60.42,62.22,64.36,25
2026-06-09,14:00,A-D,A,Gandak,D,Rewa Ghat,50.86,54.41,55.46,25
2026-06-09,14:00,A-E,A,Gandak,E,Hajipur,44.37,50.32,50.93,25
2026-06-09,14:00,B-A,B,Kosi,A,Basua,46.27,47.75,49.24,0
2026-06-09,14:00,B-B,B,Kosi,B,Baltara,31.78,33.85,36.4,25
2026-06-09,14:00,B-C,B,Kosi,C,Kursela,24.55,30,32.1,25
2026-06-09,14:00,C-A,C,Bagmati,A,Dheng,68.4,71,73.47,0
2026-06-09,14:00,C-B,C,Bagmati,B,Sonakhan,66.8,68.8,72.05,25
2026-06-09,14:00,C-C,C,Bagmati,C,Dubadhar,58.77,61.28,63.75,50
2026-06-09,14:00,C-D,C,Bagmati,D,Kansar,55.85,59.06,60.86,25
2026-06-09,14:00,C-E,C,Bagmati,E,Kataunjha,52.34,55,58.36,25
2026-06-09,14:00,C-F,C,Bagmati,F,Benibad,46.78,48.68,50.12,28
2026-06-09,14:00,C-G,C,Bagmati,G,Hayaghat,39.61,45.72,48.96,25
2026-06-09,14:00,D-A,D,Burhi Gandak,A,Sikandarpur,45.16,52.53,54.29,0
2026-06-09,14:00,D-B,D,Burhi Gandak,B,Samastipur,39.35,45.73,49.38,33
2026-06-09,14:00,D-C,D,Burhi Gandak,C,Rosara,36.32,42.63,46.56,25
2026-06-09,14:00,D-D,D,Burhi Gandak,D,Khagaria,29.96,36.58,39.22,25
2026-06-09,14:00,E-A,E,Kamla Balan,A,Jainagar,67,68.5,71.35,0
2026-06-09,14:00,E-B,E,Kamla Balan,B,Jhanjharpur,48.42,50.5,53.11,100
2026-06-09,14:00,F-A,F,Bhuthi Balan,A,Ekma,68.59,69.5,72.1,0
2026-06-09,14:00,G-A,G,Lalbakeya,A,Gowabari,68.9,71.15,73.86,0
2026-06-09,14:00,H-A,H,Ganga,A,Allahabad,70.78,84.73,88.03,0
2026-06-09,14:00,H-B,H,Ganga,B,Varanasi,58.5,71.26,73.9,67
2026-06-09,14:00,H-C,H,Ganga,C,Buxar,49.17,60.32,62.09,50
2026-06-09,14:00,H-D,H,Ganga,D,Digha,42.98,50.45,52.52,50
2026-06-09,14:00,H-E,H,Ganga,E,Gandhi Ghat,42.52,48.6,50.52,25
2026-06-09,14:00,H-F,H,Ganga,F,Hathidah,34.35,41.76,43.52,50
2026-06-09,14:00,H-G,H,Ganga,G,Munger,30.66,39.33,40.99,25
2026-06-09,14:00,H-H,H,Ganga,H,Bhagalpur,25.64,33.68,34.86,25
2026-06-09,14:00,H-I,H,Ganga,I,Kahalgaon,24.68,31.09,32.87,25
2026-06-09,14:00,H-J,H,Ganga,J,Farakka,14,22.25,25.14,25
2026-06-09,14:00,I-A,I,Punpun,A,Sripalpur,44.78,50.6,53.91,0
2026-06-09,14:00,J-A,J,Adhwara,A,Sonbarsa,78.65,81.85,83.75,0
2026-06-09,14:00,J-B,J,Adhwara,B,Sundarpur,58.3,61.7,64.1,108
2026-06-09,14:00,J-C,J,Adhwara,C,Pupri,50.7,55.79,56.95,50
2026-06-09,14:00,K-A,K,Khiroi,A,Kamtaul,46.64,50,53.05,0
2026-06-09,14:00,K-B,K,Khiroi,B,Ekmighat,40.58,46.94,49.52,50
2026-06-09,14:00,L-A,L,Mahananda,A,Taibpur,63.95,66,67.26,0
2026-06-09,14:00,L-B,L,Mahananda,B,Dhangaraghat,33.49,35.65,38.2,50
2026-06-09,14:00,M-A,M,Ghaghra,A,Darauli,56.23,60.82,61.82,0
2026-06-09,14:00,M-B,M,Ghaghra,B,Gangpur Siswan,51.96,57.04,58.26,50
2026-06-10,06:00,A-A,A,Gandak,A,Khada,93.95,96,97.5,0
2026-06-10,06:00,A-B,A,Gandak,B,Chatia,64.97,69.15,70.04,25
2026-06-10,06:00,A-C,A,Gandak,C,Dumaria Ghat,60.4,62.22,64.36,25
2026-06-10,06:00,A-D,A,Gandak,D,Rewa Ghat,50.94,54.41,55.46,25
2026-06-10,06:00,A-E,A,Gandak,E,Hajipur,44.49,50.32,50.93,25
2026-06-10,06:00,B-A,B,Kosi,A,Basua,46.31,47.75,49.24,0
2026-06-10,06:00,B-B,B,Kosi,B,Baltara,31.86,33.85,36.4,25
2026-06-10,06:00,B-C,B,Kosi,C,Kursela,24.61,30,32.1,25
2026-06-10,06:00,C-A,C,Bagmati,A,Dheng,68.42,71,73.47,0
2026-06-10,06:00,C-B,C,Bagmati,B,Sonakhan,66.82,68.8,72.05,25
2026-06-10,06:00,C-C,C,Bagmati,C,Dubadhar,58.68,61.28,63.75,50
2026-06-10,06:00,C-D,C,Bagmati,D,Kansar,55.8,59.06,60.86,25
2026-06-10,06:00,C-E,C,Bagmati,E,Kataunjha,52.3,55,58.36,25
2026-06-10,06:00,C-F,C,Bagmati,F,Benibad,46.7,48.68,50.12,28
2026-06-10,06:00,C-G,C,Bagmati,G,Hayaghat,39.54,45.72,48.96,25
2026-06-10,06:00,D-A,D,Burhi Gandak,A,Sikandarpur,45.15,52.53,54.29,0
2026-06-10,06:00,D-B,D,Burhi Gandak,B,Samastipur,39.35,45.73,49.38,33
2026-06-10,06:00,D-C,D,Burhi Gandak,C,Rosara,36.32,42.63,46.56,25
2026-06-10,06:00,D-D,D,Burhi Gandak,D,Khagaria,29.96,36.58,39.22,25
2026-06-10,06:00,E-A,E,Kamla Balan,A,Jainagar,67,68.5,71.35,0
2026-06-10,06:00,E-B,E,Kamla Balan,B,Jhanjharpur,48.5,50.5,53.11,100
2026-06-10,06:00,F-A,F,Bhuthi Balan,A,Ekma,68.59,69.5,72.1,0
2026-06-10,06:00,G-A,G,Lalbakeya,A,Gowabari,68.85,71.15,73.86,0
2026-06-10,06:00,H-A,H,Ganga,A,Allahabad,70.81,84.73,88.03,0
2026-06-10,06:00,H-B,H,Ganga,B,Varanasi,58.47,71.26,73.9,67
2026-06-10,06:00,H-C,H,Ganga,C,Buxar,49.15,60.32,62.09,50
2026-06-10,06:00,H-D,H,Ganga,D,Digha,42.98,50.45,52.52,50
2026-06-10,06:00,H-E,H,Ganga,E,Gandhi Ghat,42.53,48.6,50.52,25
2026-06-10,06:00,H-F,H,Ganga,F,Hathidah,34.34,41.76,43.52,50
2026-06-10,06:00,H-G,H,Ganga,G,Munger,30.62,39.33,40.99,25
2026-06-10,06:00,H-H,H,Ganga,H,Bhagalpur,25.62,33.68,34.86,25
2026-06-10,06:00,H-I,H,Ganga,I,Kahalgaon,24.68,31.09,32.87,25
2026-06-10,06:00,H-J,H,Ganga,J,Farakka,13.91,22.25,25.14,25
2026-06-10,06:00,I-A,I,Punpun,A,Sripalpur,44.83,50.6,53.91,0
2026-06-10,06:00,J-A,J,Adhwara,A,Sonbarsa,78.65,81.85,83.75,0
2026-06-10,06:00,J-B,J,Adhwara,B,Sundarpur,58.3,61.7,64.1,108
2026-06-10,06:00,J-C,J,Adhwara,C,Pupri,50.71,55.79,56.95,50
2026-06-10,06:00,K-A,K,Khiroi,A,Kamtaul,46.64,50,53.05,0
2026-06-10,06:00,K-B,K,Khiroi,B,Ekmighat,40.64,46.94,49.52,50
2026-06-10,06:00,L-A,L,Mahananda,A,Taibpur,64.18,66,67.26,0
2026-06-10,06:00,L-B,L,Mahananda,B,Dhangaraghat,33.48,35.65,38.2,50
2026-06-10,06:00,M-A,M,Ghaghra,A,Darauli,56.22,60.82,61.82,0
2026-06-10,06:00,M-B,M,Ghaghra,B,Gangpur Siswan,51.93,57.04,58.26,50
2026-06-10,14:00,A-A,A,Gandak,A,Khada,94.07,96,97.5,0
2026-06-10,14:00,A-B,A,Gandak,B,Chatia,64.97,69.15,70.04,25
2026-06-10,14:00,A-C,A,Gandak,C,Dumaria Ghat,60.52,62.22,64.36,25
2026-06-10,14:00,A-D,A,Gandak,D,Rewa Ghat,50.97,54.41,55.46,25
2026-06-10,14:00,A-E,A,Gandak,E,Hajipur,44.52,50.32,50.93,25
2026-06-10,14:00,B-A,B,Kosi,A,Basua,46.27,47.75,49.24,0
2026-06-10,14:00,B-B,B,Kosi,B,Baltara,31.84,33.85,36.4,25
2026-06-10,14:00,B-C,B,Kosi,C,Kursela,24.63,30,32.1,25
2026-06-10,14:00,C-A,C,Bagmati,A,Dheng,68.48,71,73.47,0
2026-06-10,14:00,C-B,C,Bagmati,B,Sonakhan,66.88,68.8,72.05,25
2026-06-10,14:00,C-C,C,Bagmati,C,Dubadhar,58.71,61.28,63.75,50
2026-06-10,14:00,C-D,C,Bagmati,D,Kansar,55.78,59.06,60.86,25
2026-06-10,14:00,C-E,C,Bagmati,E,Kataunjha,52.3,55,58.36,25
2026-06-10,14:00,C-F,C,Bagmati,F,Benibad,46.54,48.68,50.12,28
2026-06-10,14:00,C-G,C,Bagmati,G,Hayaghat,39.5,45.72,48.96,25
2026-06-10,14:00,D-A,D,Burhi Gandak,A,Sikandarpur,45.15,52.53,54.29,0
2026-06-10,14:00,D-B,D,Burhi Gandak,B,Samastipur,39.35,45.73,49.38,33
2026-06-10,14:00,D-C,D,Burhi Gandak,C,Rosara,36.31,42.63,46.56,25
2026-06-10,14:00,D-D,D,Burhi Gandak,D,Khagaria,29.96,36.58,39.22,25
2026-06-10,14:00,E-A,E,Kamla Balan,A,Jainagar,67,68.5,71.35,0
2026-06-10,14:00,E-B,E,Kamla Balan,B,Jhanjharpur,48.47,50.5,53.11,100
2026-06-10,14:00,F-A,F,Bhuthi Balan,A,Ekma,68.59,69.5,72.1,0
2026-06-10,14:00,G-A,G,Lalbakeya,A,Gowabari,68.85,71.15,73.86,0
2026-06-10,14:00,H-A,H,Ganga,A,Allahabad,70.84,84.73,88.03,0
2026-06-10,14:00,H-B,H,Ganga,B,Varanasi,58.46,71.26,73.9,67
2026-06-10,14:00,H-C,H,Ganga,C,Buxar,49.12,60.32,62.09,50
2026-06-10,14:00,H-D,H,Ganga,D,Digha,42.97,50.45,52.52,50
2026-06-10,14:00,H-E,H,Ganga,E,Gandhi Ghat,42.53,48.6,50.52,25
2026-06-10,14:00,H-F,H,Ganga,F,Hathidah,34.34,41.76,43.52,50
2026-06-10,14:00,H-G,H,Ganga,G,Munger,30.61,39.33,40.99,25
2026-06-10,14:00,H-H,H,Ganga,H,Bhagalpur,25.62,33.68,34.86,25
2026-06-10,14:00,H-I,H,Ganga,I,Kahalgaon,24.67,31.09,32.87,25
2026-06-10,14:00,H-J,H,Ganga,J,Farakka,13.9,22.25,25.14,25
2026-06-10,14:00,I-A,I,Punpun,A,Sripalpur,44.85,50.6,53.91,0
2026-06-10,14:00,J-A,J,Adhwara,A,Sonbarsa,78.65,81.85,83.75,0
2026-06-10,14:00,J-B,J,Adhwara,B,Sundarpur,58.3,61.7,64.1,108
2026-06-10,14:00,J-C,J,Adhwara,C,Pupri,50.71,55.79,56.95,50
2026-06-10,14:00,K-A,K,Khiroi,A,Kamtaul,46.64,50,53.05,0
2026-06-10,14:00,K-B,K,Khiroi,B,Ekmighat,40.63,46.94,49.52,50
2026-06-10,14:00,L-A,L,Mahananda,A,Taibpur,64.24,66,67.26,0
2026-06-10,14:00,L-B,L,Mahananda,B,Dhangaraghat,33.56,35.65,38.2,50
2026-06-10,14:00,M-A,M,Ghaghra,A,Darauli,56.2,60.82,61.82,0
2026-06-10,14:00,M-B,M,Ghaghra,B,Gangpur Siswan,51.92,57.04,58.26,50
2026-06-11,06:00,A-A,A,Gandak,A,Khada,94.01,96,97.5,0
2026-06-11,06:00,A-B,A,Gandak,B,Chatia,64.96,69.15,70.04,25
2026-06-11,06:00,A-C,A,Gandak,C,Dumaria Ghat,60.52,62.22,64.36,25
2026-06-11,06:00,A-D,A,Gandak,D,Rewa Ghat,51.02,54.41,55.46,25
2026-06-11,06:00,A-E,A,Gandak,E,Hajipur,44.52,50.32,50.93,25
2026-06-11,06:00,B-A,B,Kosi,A,Basua,46.23,47.75,49.24,0
2026-06-11,06:00,B-B,B,Kosi,B,Baltara,31.76,33.85,36.4,25
2026-06-11,06:00,B-C,B,Kosi,C,Kursela,24.65,30,32.1,25
2026-06-11,06:00,C-A,C,Bagmati,A,Dheng,68.72,71,73.47,0
2026-06-11,06:00,C-B,C,Bagmati,B,Sonakhan,67.12,68.8,72.05,25
2026-06-11,06:00,C-C,C,Bagmati,C,Dubadhar,58.86,61.28,63.75,50
2026-06-11,06:00,C-D,C,Bagmati,D,Kansar,55.77,59.06,60.86,25
2026-06-11,06:00,C-E,C,Bagmati,E,Kataunjha,52.29,55,58.36,25
2026-06-11,06:00,C-F,C,Bagmati,F,Benibad,46.38,48.68,50.12,28
2026-06-11,06:00,C-G,C,Bagmati,G,Hayaghat,39.34,45.72,48.96,25
2026-06-11,06:00,D-A,D,Burhi Gandak,A,Sikandarpur,45.14,52.53,54.29,0
2026-06-11,06:00,D-B,D,Burhi Gandak,B,Samastipur,39.35,45.73,49.38,33
2026-06-11,06:00,D-C,D,Burhi Gandak,C,Rosara,36.31,42.63,46.56,25
2026-06-11,06:00,D-D,D,Burhi Gandak,D,Khagaria,29.96,36.58,39.22,25
2026-06-11,06:00,E-A,E,Kamla Balan,A,Jainagar,67,68.5,71.35,0
2026-06-11,06:00,E-B,E,Kamla Balan,B,Jhanjharpur,48.47,50.5,53.11,100
2026-06-11,06:00,F-A,F,Bhuthi Balan,A,Ekma,68.59,69.5,72.1,0
2026-06-11,06:00,G-A,G,Lalbakeya,A,Gowabari,68.85,71.15,73.86,0
2026-06-11,06:00,H-A,H,Ganga,A,Allahabad,70.87,84.73,88.03,0
2026-06-11,06:00,H-B,H,Ganga,B,Varanasi,58.44,71.26,73.9,67
2026-06-11,06:00,H-C,H,Ganga,C,Buxar,49.08,60.32,62.09,50
2026-06-11,06:00,H-D,H,Ganga,D,Digha,42.97,50.45,52.52,50
2026-06-11,06:00,H-E,H,Ganga,E,Gandhi Ghat,42.53,48.6,50.52,25
2026-06-11,06:00,H-F,H,Ganga,F,Hathidah,34.35,41.76,43.52,50
2026-06-11,06:00,H-G,H,Ganga,G,Munger,30.61,39.33,40.99,25
2026-06-11,06:00,H-H,H,Ganga,H,Bhagalpur,25.61,33.68,34.86,25
2026-06-11,06:00,H-I,H,Ganga,I,Kahalgaon,24.67,31.09,32.87,25
2026-06-11,06:00,H-J,H,Ganga,J,Farakka,13.92,22.25,25.14,25
2026-06-11,06:00,I-A,I,Punpun,A,Sripalpur,44.9,50.6,53.91,0
2026-06-11,06:00,J-A,J,Adhwara,A,Sonbarsa,78.65,81.85,83.75,0
2026-06-11,06:00,J-B,J,Adhwara,B,Sundarpur,58.3,61.7,64.1,108
2026-06-11,06:00,J-C,J,Adhwara,C,Pupri,50.71,55.79,56.95,50
2026-06-11,06:00,K-A,K,Khiroi,A,Kamtaul,46.64,50,53.05,0
2026-06-11,06:00,K-B,K,Khiroi,B,Ekmighat,40.58,46.94,49.52,50
2026-06-11,06:00,L-A,L,Mahananda,A,Taibpur,64.2,66,67.26,0
2026-06-11,06:00,L-B,L,Mahananda,B,Dhangaraghat,33.72,35.65,38.2,50
2026-06-11,06:00,M-A,M,Ghaghra,A,Darauli,56.17,60.82,61.82,0
2026-06-11,06:00,M-B,M,Ghaghra,B,Gangpur Siswan,51.91,57.04,58.26,50
2026-06-11,14:00,A-A,A,Gandak,A,Khada,94.25,96,97.5,0
2026-06-11,14:00,A-B,A,Gandak,B,Chatia,64.96,69.15,70.04,25
2026-06-11,14:00,A-C,A,Gandak,C,Dumaria Ghat,60.52,62.22,64.36,25
2026-06-11,14:00,A-D,A,Gandak,D,Rewa Ghat,51.06,54.41,55.46,25
2026-06-11,14:00,A-E,A,Gandak,E,Hajipur,44.56,50.32,50.93,25
2026-06-11,14:00,B-A,B,Kosi,A,Basua,46.26,47.75,49.24,0
2026-06-11,14:00,B-B,B,Kosi,B,Baltara,31.77,33.85,36.4,25
2026-06-11,14:00,B-C,B,Kosi,C,Kursela,24.62,30,32.1,25
2026-06-11,14:00,C-A,C,Bagmati,A,Dheng,68.88,71,73.47,0
2026-06-11,14:00,C-B,C,Bagmati,B,Sonakhan,67.28,68.8,72.05,25
2026-06-11,14:00,C-C,C,Bagmati,C,Dubadhar,58.96,61.28,63.75,50
2026-06-11,14:00,C-D,C,Bagmati,D,Kansar,55.76,59.06,60.86,25
2026-06-11,14:00,C-E,C,Bagmati,E,Kataunjha,52.35,55,58.36,25
2026-06-11,14:00,C-F,C,Bagmati,F,Benibad,46.34,48.68,50.12,28
2026-06-11,14:00,C-G,C,Bagmati,G,Hayaghat,39.28,45.72,48.96,25
2026-06-11,14:00,D-A,D,Burhi Gandak,A,Sikandarpur,45.15,52.53,54.29,0
2026-06-11,14:00,D-B,D,Burhi Gandak,B,Samastipur,39.35,45.73,49.38,33
2026-06-11,14:00,D-C,D,Burhi Gandak,C,Rosara,36.31,42.63,46.56,25
2026-06-11,14:00,D-D,D,Burhi Gandak,D,Khagaria,29.96,36.58,39.22,25
2026-06-11,14:00,E-A,E,Kamla Balan,A,Jainagar,67,68.5,71.35,0
2026-06-11,14:00,E-B,E,Kamla Balan,B,Jhanjharpur,48.51,50.5,53.11,100
2026-06-11,14:00,F-A,F,Bhuthi Balan,A,Ekma,68.59,69.5,72.1,0
2026-06-11,14:00,G-A,G,Lalbakeya,A,Gowabari,68.85,71.15,73.86,0
2026-06-11,14:00,H-A,H,Ganga,A,Allahabad,70.9,84.73,88.03,0
2026-06-11,14:00,H-B,H,Ganga,B,Varanasi,58.43,71.26,73.9,67
2026-06-11,14:00,H-C,H,Ganga,C,Buxar,49.08,60.32,62.09,50
2026-06-11,14:00,H-D,H,Ganga,D,Digha,42.97,50.45,52.52,50
2026-06-11,14:00,H-E,H,Ganga,E,Gandhi Ghat,42.53,48.6,50.52,25
2026-06-11,14:00,H-F,H,Ganga,F,Hathidah,34.36,41.76,43.52,50
2026-06-11,14:00,H-G,H,Ganga,G,Munger,30.6,39.33,40.99,25
2026-06-11,14:00,H-H,H,Ganga,H,Bhagalpur,25.61,33.68,34.86,25
2026-06-11,14:00,H-I,H,Ganga,I,Kahalgaon,24.66,31.09,32.87,25
2026-06-11,14:00,H-J,H,Ganga,J,Farakka,14.05,22.25,25.14,25
2026-06-11,14:00,I-A,I,Punpun,A,Sripalpur,44.91,50.6,53.91,0
2026-06-11,14:00,J-A,J,Adhwara,A,Sonbarsa,78.65,81.85,83.75,0
2026-06-11,14:00,J-B,J,Adhwara,B,Sundarpur,58.3,61.7,64.1,108
2026-06-11,14:00,J-C,J,Adhwara,C,Pupri,50.71,55.79,56.95,50
2026-06-11,14:00,K-A,K,Khiroi,A,Kamtaul,46.65,50,53.05,0
2026-06-11,14:00,K-B,K,Khiroi,B,Ekmighat,40.59,46.94,49.52,50
2026-06-11,14:00,L-A,L,Mahananda,A,Taibpur,64.31,66,67.26,0
2026-06-11,14:00,L-B,L,Mahananda,B,Dhangaraghat,33.76,35.65,38.2,50
2026-06-11,14:00,M-A,M,Ghaghra,A,Darauli,56.19,60.82,61.82,0
2026-06-11,14:00,M-B,M,Ghaghra,B,Gangpur Siswan,51.93,57.04,58.26,50
2026-06-12,06:00,A-A,A,Gandak,A,Khada,94.04,96,97.5,0
2026-06-12,06:00,A-B,A,Gandak,B,Chatia,64.96,69.15,70.04,25
2026-06-12,06:00,A-C,A,Gandak,C,Dumaria Ghat,60.53,62.22,64.36,25
2026-06-12,06:00,A-D,A,Gandak,D,Rewa Ghat,51.12,54.41,55.46,25
2026-06-12,06:00,A-E,A,Gandak,E,Hajipur,44.56,50.32,50.93,25
2026-06-12,06:00,B-A,B,Kosi,A,Basua,46.34,47.75,49.24,0
2026-06-12,06:00,B-B,B,Kosi,B,Baltara,31.93,33.85,36.4,25
2026-06-12,06:00,B-C,B,Kosi,C,Kursela,24.6,30,32.1,25
2026-06-12,06:00,C-A,C,Bagmati,A,Dheng,69.2,71,73.47,0
2026-06-12,06:00,C-B,C,Bagmati,B,Sonakhan,67.6,68.8,72.05,25
2026-06-12,06:00,C-C,C,Bagmati,C,Dubadhar,59.15,61.28,63.75,50
2026-06-12,06:00,C-D,C,Bagmati,D,Kansar,56.1,59.06,60.86,25
2026-06-12,06:00,C-E,C,Bagmati,E,Kataunjha,52.5,55,58.36,25
2026-06-12,06:00,C-F,C,Bagmati,F,Benibad,46.18,48.68,50.12,28
2026-06-12,06:00,C-G,C,Bagmati,G,Hayaghat,39.2,45.72,48.96,25
2026-06-12,06:00,D-A,D,Burhi Gandak,A,Sikandarpur,45.19,52.53,54.29,0
2026-06-12,06:00,D-B,D,Burhi Gandak,B,Samastipur,39.35,45.73,49.38,33
2026-06-12,06:00,D-C,D,Burhi Gandak,C,Rosara,36.31,42.63,46.56,25
2026-06-12,06:00,D-D,D,Burhi Gandak,D,Khagaria,29.96,36.58,39.22,25
2026-06-12,06:00,E-A,E,Kamla Balan,A,Jainagar,67,68.5,71.35,0
2026-06-12,06:00,E-B,E,Kamla Balan,B,Jhanjharpur,48.56,50.5,53.11,100
2026-06-12,06:00,F-A,F,Bhuthi Balan,A,Ekma,68.59,69.5,72.1,0
2026-06-12,06:00,G-A,G,Lalbakeya,A,Gowabari,68.85,71.15,73.86,0
2026-06-12,06:00,H-A,H,Ganga,A,Allahabad,70.87,84.73,88.03,0
2026-06-12,06:00,H-B,H,Ganga,B,Varanasi,58.42,71.26,73.9,67
2026-06-12,06:00,H-C,H,Ganga,C,Buxar,49.03,60.32,62.09,50
2026-06-12,06:00,H-D,H,Ganga,D,Digha,42.97,50.45,52.52,50
2026-06-12,06:00,H-E,H,Ganga,E,Gandhi Ghat,42.54,48.6,50.52,25
2026-06-12,06:00,H-F,H,Ganga,F,Hathidah,34.38,41.76,43.52,50
2026-06-12,06:00,H-G,H,Ganga,G,Munger,30.58,39.33,40.99,25
2026-06-12,06:00,H-H,H,Ganga,H,Bhagalpur,25.61,33.68,34.86,25
2026-06-12,06:00,H-I,H,Ganga,I,Kahalgaon,24.66,31.09,32.87,25
2026-06-12,06:00,H-J,H,Ganga,J,Farakka,14.05,22.25,25.14,25
2026-06-12,06:00,I-A,I,Punpun,A,Sripalpur,44.92,50.6,53.91,0
2026-06-12,06:00,J-A,J,Adhwara,A,Sonbarsa,78.67,81.85,83.75,0
2026-06-12,06:00,J-B,J,Adhwara,B,Sundarpur,58.3,61.7,64.1,108
2026-06-12,06:00,J-C,J,Adhwara,C,Pupri,50.71,55.79,56.95,50
2026-06-12,06:00,K-A,K,Khiroi,A,Kamtaul,46.66,50,53.05,0
2026-06-12,06:00,K-B,K,Khiroi,B,Ekmighat,40.59,46.94,49.52,50
2026-06-12,06:00,L-A,L,Mahananda,A,Taibpur,64.07,66,67.26,0
2026-06-12,06:00,L-B,L,Mahananda,B,Dhangaraghat,33.92,35.65,38.2,50
2026-06-12,06:00,M-A,M,Ghaghra,A,Darauli,56.22,60.82,61.82,0
2026-06-12,06:00,M-B,M,Ghaghra,B,Gangpur Siswan,51.93,57.04,58.26,50
2026-06-12,14:00,A-A,A,Gandak,A,Khada,94.14,96,97.5,0
2026-06-12,14:00,A-B,A,Gandak,B,Chatia,64.96,69.15,70.04,25
2026-06-12,14:00,A-C,A,Gandak,C,Dumaria Ghat,60.53,62.22,64.36,25
2026-06-12,14:00,A-D,A,Gandak,D,Rewa Ghat,51.1,54.41,55.46,25
2026-06-12,14:00,A-E,A,Gandak,E,Hajipur,44.52,50.32,50.93,25
2026-06-12,14:00,B-A,B,Kosi,A,Basua,46.32,47.75,49.24,0
2026-06-12,14:00,B-B,B,Kosi,B,Baltara,31.98,33.85,36.4,25
2026-06-12,14:00,B-C,B,Kosi,C,Kursela,24.63,30,32.1,25
2026-06-12,14:00,C-A,C,Bagmati,A,Dheng,69.22,71,73.47,0
2026-06-12,14:00,C-B,C,Bagmati,B,Sonakhan,67.62,68.8,72.05,25
2026-06-12,14:00,C-C,C,Bagmati,C,Dubadhar,59.18,61.28,63.75,50
2026-06-12,14:00,C-D,C,Bagmati,D,Kansar,56.1,59.06,60.86,25
2026-06-12,14:00,C-E,C,Bagmati,E,Kataunjha,52.6,55,58.36,25
2026-06-12,14:00,C-F,C,Bagmati,F,Benibad,46.23,48.68,50.12,28
2026-06-12,14:00,C-G,C,Bagmati,G,Hayaghat,39.18,45.72,48.96,25
2026-06-12,14:00,D-A,D,Burhi Gandak,A,Sikandarpur,45.2,52.53,54.29,0
2026-06-12,14:00,D-B,D,Burhi Gandak,B,Samastipur,39.35,45.73,49.38,33
2026-06-12,14:00,D-C,D,Burhi Gandak,C,Rosara,36.31,42.63,46.56,25
2026-06-12,14:00,D-D,D,Burhi Gandak,D,Khagaria,29.95,36.58,39.22,25
2026-06-12,14:00,E-A,E,Kamla Balan,A,Jainagar,67.1,68.5,71.35,0
2026-06-12,14:00,E-B,E,Kamla Balan,B,Jhanjharpur,48.62,50.5,53.11,100
2026-06-12,14:00,F-A,F,Bhuthi Balan,A,Ekma,68.59,69.5,72.1,0
2026-06-12,14:00,G-A,G,Lalbakeya,A,Gowabari,69.4,71.15,73.86,0
2026-06-12,14:00,H-A,H,Ganga,A,Allahabad,70.86,84.73,88.03,0
2026-06-12,14:00,H-B,H,Ganga,B,Varanasi,58.42,71.26,73.9,67
2026-06-12,14:00,H-C,H,Ganga,C,Buxar,49,60.32,62.09,50
2026-06-12,14:00,H-D,H,Ganga,D,Digha,42.97,50.45,52.52,50
2026-06-12,14:00,H-E,H,Ganga,E,Gandhi Ghat,42.54,48.6,50.52,25
2026-06-12,14:00,H-F,H,Ganga,F,Hathidah,34.38,41.76,43.52,50
2026-06-12,14:00,H-G,H,Ganga,G,Munger,30.57,39.33,40.99,25
2026-06-12,14:00,H-H,H,Ganga,H,Bhagalpur,25.61,33.68,34.86,25
2026-06-12,14:00,H-I,H,Ganga,I,Kahalgaon,24.65,31.09,32.87,25
2026-06-12,14:00,H-J,H,Ganga,J,Farakka,13.99,22.25,25.14,25
2026-06-12,14:00,I-A,I,Punpun,A,Sripalpur,44.93,50.6,53.91,0
2026-06-12,14:00,J-A,J,Adhwara,A,Sonbarsa,78.67,81.85,83.75,0
2026-06-12,14:00,J-B,J,Adhwara,B,Sundarpur,58.3,61.7,64.1,108
2026-06-12,14:00,J-C,J,Adhwara,C,Pupri,50.71,55.79,56.95,50
2026-06-12,14:00,K-A,K,Khiroi,A,Kamtaul,46.66,50,53.05,0
2026-06-12,14:00,K-B,K,Khiroi,B,Ekmighat,40.57,46.94,49.52,50
2026-06-12,14:00,L-A,L,Mahananda,A,Taibpur,64.07,66,67.26,0
2026-06-12,14:00,L-B,L,Mahananda,B,Dhangaraghat,34.07,35.65,38.2,50
2026-06-12,14:00,M-A,M,Ghaghra,A,Darauli,56.25,60.82,61.82,0
2026-06-12,14:00,M-B,M,Ghaghra,B,Gangpur Siswan,51.95,57.04,58.26,50
2026-06-13,06:00,A-A,A,Gandak,A,Khada,94,96,97.5,0
2026-06-13,06:00,A-B,A,Gandak,B,Chatia,64.96,69.15,70.04,25
2026-06-13,06:00,A-C,A,Gandak,C,Dumaria Ghat,60.54,62.22,64.36,25
2026-06-13,06:00,A-D,A,Gandak,D,Rewa Ghat,51.06,54.41,55.46,25
2026-06-13,06:00,A-E,A,Gandak,E,Hajipur,44.52,50.32,50.93,25
2026-06-13,06:00,B-A,B,Kosi,A,Basua,46.28,47.75,49.24,0
2026-06-13,06:00,B-B,B,Kosi,B,Baltara,31.98,33.85,36.4,25
2026-06-13,06:00,B-C,B,Kosi,C,Kursela,24.67,30,32.1,25
2026-06-13,06:00,C-A,C,Bagmati,A,Dheng,68.85,71,73.47,0
2026-06-13,06:00,C-B,C,Bagmati,B,Sonakhan,67.25,68.8,72.05,25
2026-06-13,06:00,C-C,C,Bagmati,C,Dubadhar,59.39,61.28,63.75,50
2026-06-13,06:00,C-D,C,Bagmati,D,Kansar,56.45,59.06,60.86,25
2026-06-13,06:00,C-E,C,Bagmati,E,Kataunjha,52.75,55,58.36,25
2026-06-13,06:00,C-F,C,Bagmati,F,Benibad,46.67,48.68,50.12,28
2026-06-13,06:00,C-G,C,Bagmati,G,Hayaghat,39.33,45.72,48.96,25
2026-06-13,06:00,D-A,D,Burhi Gandak,A,Sikandarpur,45.21,52.53,54.29,0
2026-06-13,06:00,D-B,D,Burhi Gandak,B,Samastipur,39.35,45.73,49.38,33
2026-06-13,06:00,D-C,D,Burhi Gandak,C,Rosara,36.31,42.63,46.56,25
2026-06-13,06:00,D-D,D,Burhi Gandak,D,Khagaria,29.95,36.58,39.22,25
2026-06-13,06:00,E-A,E,Kamla Balan,A,Jainagar,67,68.5,71.35,0
2026-06-13,06:00,E-B,E,Kamla Balan,B,Jhanjharpur,49,50.5,53.11,100
2026-06-13,06:00,F-A,F,Bhuthi Balan,A,Ekma,68.59,69.5,72.1,0
2026-06-13,06:00,G-A,G,Lalbakeya,A,Gowabari,69.1,71.15,73.86,0
2026-06-13,06:00,H-A,H,Ganga,A,Allahabad,70.85,84.73,88.03,0
2026-06-13,06:00,H-B,H,Ganga,B,Varanasi,58.42,71.26,73.9,67
2026-06-13,06:00,H-C,H,Ganga,C,Buxar,48.97,60.32,62.09,50
2026-06-13,06:00,H-D,H,Ganga,D,Digha,42.96,50.45,52.52,50
2026-06-13,06:00,H-E,H,Ganga,E,Gandhi Ghat,42.55,48.6,50.52,25
2026-06-13,06:00,H-F,H,Ganga,F,Hathidah,34.39,41.76,43.52,50
2026-06-13,06:00,H-G,H,Ganga,G,Munger,30.57,39.33,40.99,25
2026-06-13,06:00,H-H,H,Ganga,H,Bhagalpur,25.61,33.68,34.86,25
2026-06-13,06:00,H-I,H,Ganga,I,Kahalgaon,24.67,31.09,32.87,25
2026-06-13,06:00,H-J,H,Ganga,J,Farakka,13.93,22.25,25.14,25
2026-06-13,06:00,I-A,I,Punpun,A,Sripalpur,44.92,50.6,53.91,0
2026-06-13,06:00,J-A,J,Adhwara,A,Sonbarsa,78.67,81.85,83.75,0
2026-06-13,06:00,J-B,J,Adhwara,B,Sundarpur,58.3,61.7,64.1,108
2026-06-13,06:00,J-C,J,Adhwara,C,Pupri,50.71,55.79,56.95,50
2026-06-13,06:00,K-A,K,Khiroi,A,Kamtaul,46.66,50,53.05,0
2026-06-13,06:00,K-B,K,Khiroi,B,Ekmighat,40.63,46.94,49.52,50
2026-06-13,06:00,L-A,L,Mahananda,A,Taibpur,63.98,66,67.26,0
2026-06-13,06:00,L-B,L,Mahananda,B,Dhangaraghat,34.22,35.65,38.2,50
2026-06-13,06:00,M-A,M,Ghaghra,A,Darauli,56.26,60.82,61.82,0
2026-06-13,06:00,M-B,M,Ghaghra,B,Gangpur Siswan,51.96,57.04,58.26,50
2026-06-13,14:00,A-A,A,Gandak,A,Khada,93.84,96,97.5,0
2026-06-13,14:00,A-B,A,Gandak,B,Chatia,64.97,69.15,70.04,25
2026-06-13,14:00,A-C,A,Gandak,C,Dumaria Ghat,60.66,62.22,64.36,25
2026-06-13,14:00,A-D,A,Gandak,D,Rewa Ghat,51.09,54.41,55.46,25
2026-06-13,14:00,A-E,A,Gandak,E,Hajipur,44.56,50.32,50.93,25
2026-06-13,14:00,B-A,B,Kosi,A,Basua,46.3,47.75,49.24,0
2026-06-13,14:00,B-B,B,Kosi,B,Baltara,31.9,33.85,36.4,25
2026-06-13,14:00,B-C,B,Kosi,C,Kursela,24.67,30,32.1,25
2026-06-13,14:00,C-A,C,Bagmati,A,Dheng,68.73,71,73.47,0
2026-06-13,14:00,C-B,C,Bagmati,B,Sonakhan,67.13,68.8,72.05,25
2026-06-13,14:00,C-C,C,Bagmati,C,Dubadhar,59.23,61.28,63.75,50
2026-06-13,14:00,C-D,C,Bagmati,D,Kansar,56.34,59.06,60.86,25
2026-06-13,14:00,C-E,C,Bagmati,E,Kataunjha,52.9,55,58.36,25
2026-06-13,14:00,C-F,C,Bagmati,F,Benibad,46.78,48.68,50.12,28
2026-06-13,14:00,C-G,C,Bagmati,G,Hayaghat,39.41,45.72,48.96,25
2026-06-13,14:00,D-A,D,Burhi Gandak,A,Sikandarpur,45.23,52.53,54.29,0
2026-06-13,14:00,D-B,D,Burhi Gandak,B,Samastipur,39.35,45.73,49.38,33
2026-06-13,14:00,D-C,D,Burhi Gandak,C,Rosara,36.31,42.63,46.56,25
2026-06-13,14:00,D-D,D,Burhi Gandak,D,Khagaria,29.94,36.58,39.22,25
2026-06-13,14:00,E-A,E,Kamla Balan,A,Jainagar,67,68.5,71.35,0
2026-06-13,14:00,E-B,E,Kamla Balan,B,Jhanjharpur,49.03,50.5,53.11,100
2026-06-13,14:00,F-A,F,Bhuthi Balan,A,Ekma,68.59,69.5,72.1,0
2026-06-13,14:00,G-A,G,Lalbakeya,A,Gowabari,69.1,71.15,73.86,0
2026-06-13,14:00,H-A,H,Ganga,A,Allahabad,70.85,84.73,88.03,0
2026-06-13,14:00,H-B,H,Ganga,B,Varanasi,58.4,71.26,73.9,67
2026-06-13,14:00,H-C,H,Ganga,C,Buxar,48.96,60.32,62.09,50
2026-06-13,14:00,H-D,H,Ganga,D,Digha,42.96,50.45,52.52,50
2026-06-13,14:00,H-E,H,Ganga,E,Gandhi Ghat,42.55,48.6,50.52,25
2026-06-13,14:00,H-F,H,Ganga,F,Hathidah,34.39,41.76,43.52,50
2026-06-13,14:00,H-G,H,Ganga,G,Munger,30.57,39.33,40.99,25
2026-06-13,14:00,H-H,H,Ganga,H,Bhagalpur,25.61,33.68,34.86,25
2026-06-13,14:00,H-I,H,Ganga,I,Kahalgaon,24.68,31.09,32.87,25
2026-06-13,14:00,H-J,H,Ganga,J,Farakka,14.02,22.25,25.14,25
2026-06-13,14:00,I-A,I,Punpun,A,Sripalpur,44.91,50.6,53.91,0
2026-06-13,14:00,J-A,J,Adhwara,A,Sonbarsa,78.67,81.85,83.75,0
2026-06-13,14:00,J-B,J,Adhwara,B,Sundarpur,58.3,61.7,64.1,108
2026-06-13,14:00,J-C,J,Adhwara,C,Pupri,50.71,55.79,56.95,50
2026-06-13,14:00,K-A,K,Khiroi,A,Kamtaul,46.64,50,53.05,0
2026-06-13,14:00,K-B,K,Khiroi,B,Ekmighat,40.63,46.94,49.52,50
2026-06-13,14:00,L-A,L,Mahananda,A,Taibpur,63.99,66,67.26,0
2026-06-13,14:00,L-B,L,Mahananda,B,Dhangaraghat,34.1,35.65,38.2,50
2026-06-13,14:00,M-A,M,Ghaghra,A,Darauli,56.24,60.82,61.82,0
2026-06-13,14:00,M-B,M,Ghaghra,B,Gangpur Siswan,51.96,57.04,58.26,50
2026-06-14,06:00,A-A,A,Gandak,A,Khada,93.9,96,97.5,0
2026-06-14,06:00,A-B,A,Gandak,B,Chatia,64.97,69.15,70.04,25
2026-06-14,06:00,A-C,A,Gandak,C,Dumaria Ghat,60.66,62.22,64.36,25
2026-06-14,06:00,A-D,A,Gandak,D,Rewa Ghat,51.15,54.41,55.46,25
2026-06-14,06:00,A-E,A,Gandak,E,Hajipur,44.62,50.32,50.93,25
2026-06-14,06:00,B-A,B,Kosi,A,Basua,46.34,47.75,49.24,0
2026-06-14,06:00,B-B,B,Kosi,B,Baltara,31.92,33.85,36.4,25
2026-06-14,06:00,B-C,B,Kosi,C,Kursela,24.63,30,32.1,25
2026-06-14,06:00,C-A,C,Bagmati,A,Dheng,69,71,73.47,0
2026-06-14,06:00,C-B,C,Bagmati,B,Sonakhan,67.4,68.8,72.05,25
2026-06-14,06:00,C-C,C,Bagmati,C,Dubadhar,59.21,61.28,63.75,50
2026-06-14,06:00,C-D,C,Bagmati,D,Kansar,56.18,59.06,60.86,25
2026-06-14,06:00,C-E,C,Bagmati,E,Kataunjha,52.7,55,58.36,25
2026-06-14,06:00,C-F,C,Bagmati,F,Benibad,47.22,48.68,50.12,28
2026-06-14,06:00,C-G,C,Bagmati,G,Hayaghat,39.83,45.72,48.96,25
2026-06-14,06:00,D-A,D,Burhi Gandak,A,Sikandarpur,45.26,52.53,54.29,0
2026-06-14,06:00,D-B,D,Burhi Gandak,B,Samastipur,39.35,45.73,49.38,33
2026-06-14,06:00,D-C,D,Burhi Gandak,C,Rosara,36.31,42.63,46.56,25
2026-06-14,06:00,D-D,D,Burhi Gandak,D,Khagaria,29.94,36.58,39.22,25
2026-06-14,06:00,E-A,E,Kamla Balan,A,Jainagar,67,68.5,71.35,0
2026-06-14,06:00,E-B,E,Kamla Balan,B,Jhanjharpur,48.9,50.5,53.11,100
2026-06-14,06:00,F-A,F,Bhuthi Balan,A,Ekma,68.59,69.5,72.1,0
2026-06-14,06:00,G-A,G,Lalbakeya,A,Gowabari,69,71.15,73.86,0
2026-06-14,06:00,H-A,H,Ganga,A,Allahabad,70.86,84.73,88.03,0
2026-06-14,06:00,H-B,H,Ganga,B,Varanasi,58.4,71.26,73.9,67
2026-06-14,06:00,H-C,H,Ganga,C,Buxar,48.95,60.32,62.09,50
2026-06-14,06:00,H-D,H,Ganga,D,Digha,42.96,50.45,52.52,50
2026-06-14,06:00,H-E,H,Ganga,E,Gandhi Ghat,42.55,48.6,50.52,25
2026-06-14,06:00,H-F,H,Ganga,F,Hathidah,34.39,41.76,43.52,50
2026-06-14,06:00,H-G,H,Ganga,G,Munger,30.57,39.33,40.99,25
2026-06-14,06:00,H-H,H,Ganga,H,Bhagalpur,25.61,33.68,34.86,25
2026-06-14,06:00,H-I,H,Ganga,I,Kahalgaon,24.7,31.09,32.87,25
2026-06-14,06:00,H-J,H,Ganga,J,Farakka,14.27,22.25,25.14,25
2026-06-14,06:00,I-A,I,Punpun,A,Sripalpur,44.9,50.6,53.91,0
2026-06-14,06:00,J-A,J,Adhwara,A,Sonbarsa,78.67,81.85,83.75,0
2026-06-14,06:00,J-B,J,Adhwara,B,Sundarpur,58.3,61.7,64.1,108
2026-06-14,06:00,J-C,J,Adhwara,C,Pupri,50.71,55.79,56.95,50
2026-06-14,06:00,K-A,K,Khiroi,A,Kamtaul,46.63,50,53.05,0
2026-06-14,06:00,K-B,K,Khiroi,B,Ekmighat,40.8,46.94,49.52,50
2026-06-14,06:00,L-A,L,Mahananda,A,Taibpur,63.93,66,67.26,0
2026-06-14,06:00,L-B,L,Mahananda,B,Dhangaraghat,33.94,35.65,38.2,50
2026-06-14,06:00,M-A,M,Ghaghra,A,Darauli,56.22,60.82,61.82,0
2026-06-14,06:00,M-B,M,Ghaghra,B,Gangpur Siswan,51.95,57.04,58.26,50
2026-06-14,14:00,A-A,A,Gandak,A,Khada,93.87,96,97.5,0
2026-06-14,14:00,A-B,A,Gandak,B,Chatia,64.97,69.15,70.04,25
2026-06-14,14:00,A-C,A,Gandak,C,Dumaria Ghat,60.61,62.22,64.36,25
2026-06-14,14:00,A-D,A,Gandak,D,Rewa Ghat,51.15,54.41,55.46,25
2026-06-14,14:00,A-E,A,Gandak,E,Hajipur,44.65,50.32,50.93,25
2026-06-14,14:00,B-A,B,Kosi,A,Basua,46.32,47.75,49.24,0
2026-06-14,14:00,B-B,B,Kosi,B,Baltara,31.92,33.85,36.4,25
2026-06-14,14:00,B-C,B,Kosi,C,Kursela,24.63,30,32.1,25
2026-06-14,14:00,C-A,C,Bagmati,A,Dheng,68.85,71,73.47,0
2026-06-14,14:00,C-B,C,Bagmati,B,Sonakhan,67.25,68.8,72.05,25
2026-06-14,14:00,C-C,C,Bagmati,C,Dubadhar,59.31,61.28,63.75,50
2026-06-14,14:00,C-D,C,Bagmati,D,Kansar,56.15,59.06,60.86,25
2026-06-14,14:00,C-E,C,Bagmati,E,Kataunjha,52.7,55,58.36,25
2026-06-14,14:00,C-F,C,Bagmati,F,Benibad,47.05,48.68,50.12,28
2026-06-14,14:00,C-G,C,Bagmati,G,Hayaghat,39.93,45.72,48.96,25
2026-06-14,14:00,D-A,D,Burhi Gandak,A,Sikandarpur,45.27,52.53,54.29,0
2026-06-14,14:00,D-B,D,Burhi Gandak,B,Samastipur,39.35,45.73,49.38,33
2026-06-14,14:00,D-C,D,Burhi Gandak,C,Rosara,36.31,42.63,46.56,25
2026-06-14,14:00,D-D,D,Burhi Gandak,D,Khagaria,29.93,36.58,39.22,25
2026-06-14,14:00,E-A,E,Kamla Balan,A,Jainagar,67,68.5,71.35,0
2026-06-14,14:00,E-B,E,Kamla Balan,B,Jhanjharpur,48.9,50.5,53.11,100
2026-06-14,14:00,F-A,F,Bhuthi Balan,A,Ekma,68.59,69.5,72.1,0
2026-06-14,14:00,G-A,G,Lalbakeya,A,Gowabari,69,71.15,73.86,0
2026-06-14,14:00,H-A,H,Ganga,A,Allahabad,70.86,84.73,88.03,0
2026-06-14,14:00,H-B,H,Ganga,B,Varanasi,58.4,71.26,73.9,67
2026-06-14,14:00,H-C,H,Ganga,C,Buxar,48.93,60.32,62.09,50
2026-06-14,14:00,H-D,H,Ganga,D,Digha,42.96,50.45,52.52,50
2026-06-14,14:00,H-E,H,Ganga,E,Gandhi Ghat,42.55,48.6,50.52,25
2026-06-14,14:00,H-F,H,Ganga,F,Hathidah,34.39,41.76,43.52,50
2026-06-14,14:00,H-G,H,Ganga,G,Munger,30.58,39.33,40.99,25
2026-06-14,14:00,H-H,H,Ganga,H,Bhagalpur,25.61,33.68,34.86,25
2026-06-14,14:00,H-I,H,Ganga,I,Kahalgaon,24.71,31.09,32.87,25
2026-06-14,14:00,H-J,H,Ganga,J,Farakka,14.36,22.25,25.14,25
2026-06-14,14:00,I-A,I,Punpun,A,Sripalpur,44.9,50.6,53.91,0
2026-06-14,14:00,J-A,J,Adhwara,A,Sonbarsa,78.67,81.85,83.75,0
2026-06-14,14:00,J-B,J,Adhwara,B,Sundarpur,58.3,61.7,64.1,108
2026-06-14,14:00,J-C,J,Adhwara,C,Pupri,50.71,55.79,56.95,50
2026-06-14,14:00,K-A,K,Khiroi,A,Kamtaul,46.63,50,53.05,0
2026-06-14,14:00,K-B,K,Khiroi,B,Ekmighat,41.01,46.94,49.52,50
2026-06-14,14:00,L-A,L,Mahananda,A,Taibpur,64.5,66,67.26,0
2026-06-14,14:00,L-B,L,Mahananda,B,Dhangaraghat,33.83,35.65,38.2,50
2026-06-14,14:00,M-A,M,Ghaghra,A,Darauli,56.22,60.82,61.82,0
2026-06-14,14:00,M-B,M,Ghaghra,B,Gangpur Siswan,51.94,57.04,58.26,50
2026-06-15,06:00,A-A,A,Gandak,A,Khada,93.78,96,97.5,0
2026-06-15,06:00,A-B,A,Gandak,B,Chatia,64.97,69.15,70.04,25
2026-06-15,06:00,A-C,A,Gandak,C,Dumaria Ghat,60.61,62.22,64.36,25
2026-06-15,06:00,A-D,A,Gandak,D,Rewa Ghat,51.17,54.41,55.46,25
2026-06-15,06:00,A-E,A,Gandak,E,Hajipur,44.67,50.32,50.93,25
2026-06-15,06:00,B-A,B,Kosi,A,Basua,46.28,47.75,49.24,0
2026-06-15,06:00,B-B,B,Kosi,B,Baltara,31.92,33.85,36.4,25
2026-06-15,06:00,B-C,B,Kosi,C,Kursela,24.65,30,32.1,25
2026-06-15,06:00,C-A,C,Bagmati,A,Dheng,68.68,71,73.47,0
2026-06-15,06:00,C-B,C,Bagmati,B,Sonakhan,67.08,68.8,72.05,25
2026-06-15,06:00,C-C,C,Bagmati,C,Dubadhar,59.14,61.28,63.75,50
2026-06-15,06:00,C-D,C,Bagmati,D,Kansar,56.2,59.06,60.86,25
2026-06-15,06:00,C-E,C,Bagmati,E,Kataunjha,52.85,55,58.36,25
2026-06-15,06:00,C-F,C,Bagmati,F,Benibad,46.81,48.68,50.12,28
2026-06-15,06:00,C-G,C,Bagmati,G,Hayaghat,39.82,45.72,48.96,25
2026-06-15,06:00,D-A,D,Burhi Gandak,A,Sikandarpur,45.27,52.53,54.29,0
2026-06-15,06:00,D-B,D,Burhi Gandak,B,Samastipur,39.35,45.73,49.38,33
2026-06-15,06:00,D-C,D,Burhi Gandak,C,Rosara,36.31,42.63,46.56,25
2026-06-15,06:00,D-D,D,Burhi Gandak,D,Khagaria,29.93,36.58,39.22,25
2026-06-15,06:00,E-A,E,Kamla Balan,A,Jainagar,67,68.5,71.35,0
2026-06-15,06:00,E-B,E,Kamla Balan,B,Jhanjharpur,48.87,50.5,53.11,100
2026-06-15,06:00,F-A,F,Bhuthi Balan,A,Ekma,68.59,69.5,72.1,0
2026-06-15,06:00,G-A,G,Lalbakeya,A,Gowabari,69,71.15,73.86,0
2026-06-15,06:00,H-A,H,Ganga,A,Allahabad,70.88,84.73,88.03,0
2026-06-15,06:00,H-B,H,Ganga,B,Varanasi,58.41,71.26,73.9,67
2026-06-15,06:00,H-C,H,Ganga,C,Buxar,48.91,60.32,62.09,50
2026-06-15,06:00,H-D,H,Ganga,D,Digha,42.96,50.45,52.52,50
2026-06-15,06:00,H-E,H,Ganga,E,Gandhi Ghat,42.55,48.6,50.52,25
2026-06-15,06:00,H-F,H,Ganga,F,Hathidah,34.4,41.76,43.52,50
2026-06-15,06:00,H-G,H,Ganga,G,Munger,30.61,39.33,40.99,25
2026-06-15,06:00,H-H,H,Ganga,H,Bhagalpur,25.62,33.68,34.86,25
2026-06-15,06:00,H-I,H,Ganga,I,Kahalgaon,24.71,31.09,32.87,25
2026-06-15,06:00,H-J,H,Ganga,J,Farakka,14.42,22.25,25.14,25
2026-06-15,06:00,I-A,I,Punpun,A,Sripalpur,44.89,50.6,53.91,0
2026-06-15,06:00,J-A,J,Adhwara,A,Sonbarsa,78.67,81.85,83.75,0
2026-06-15,06:00,J-B,J,Adhwara,B,Sundarpur,58.3,61.7,64.1,108
2026-06-15,06:00,J-C,J,Adhwara,C,Pupri,50.71,55.79,56.95,50
2026-06-15,06:00,K-A,K,Khiroi,A,Kamtaul,46.63,50,53.05,0
2026-06-15,06:00,K-B,K,Khiroi,B,Ekmighat,41.1,46.94,49.52,50
2026-06-15,06:00,L-A,L,Mahananda,A,Taibpur,64.36,66,67.26,0
2026-06-15,06:00,L-B,L,Mahananda,B,Dhangaraghat,33.8,35.65,38.2,50
2026-06-15,06:00,M-A,M,Ghaghra,A,Darauli,56.22,60.82,61.82,0
2026-06-15,06:00,M-B,M,Ghaghra,B,Gangpur Siswan,51.94,57.04,58.26,50
2026-06-15,14:00,A-A,A,Gandak,A,Khada,93.74,96,97.5,0
2026-06-15,14:00,A-B,A,Gandak,B,Chatia,64.97,69.15,70.04,25
2026-06-15,14:00,A-C,A,Gandak,C,Dumaria Ghat,60.45,62.22,64.36,25
2026-06-15,14:00,A-D,A,Gandak,D,Rewa Ghat,51.13,54.41,55.46,25
2026-06-15,14:00,A-E,A,Gandak,E,Hajipur,44.61,50.32,50.93,25
2026-06-15,14:00,B-A,B,Kosi,A,Basua,46.3,47.75,49.24,0
2026-06-15,14:00,B-B,B,Kosi,B,Baltara,31.84,33.85,36.4,25
2026-06-15,14:00,B-C,B,Kosi,C,Kursela,24.63,30,32.1,25
2026-06-15,14:00,C-A,C,Bagmati,A,Dheng,68.82,71,73.47,0
2026-06-15,14:00,C-B,C,Bagmati,B,Sonakhan,67.08,68.8,72.05,25
2026-06-15,14:00,C-C,C,Bagmati,C,Dubadhar,59.12,61.28,63.75,50
2026-06-15,14:00,C-D,C,Bagmati,D,Kansar,56.15,59.06,60.86,25
2026-06-15,14:00,C-E,C,Bagmati,E,Kataunjha,52.77,55,58.36,25
2026-06-15,14:00,C-F,C,Bagmati,F,Benibad,46.81,48.68,50.12,28
2026-06-15,14:00,C-G,C,Bagmati,G,Hayaghat,39.78,45.72,48.96,25
2026-06-15,14:00,D-A,D,Burhi Gandak,A,Sikandarpur,45.28,52.53,54.29,0
2026-06-15,14:00,D-B,D,Burhi Gandak,B,Samastipur,39.35,45.73,49.38,33
2026-06-15,14:00,D-C,D,Burhi Gandak,C,Rosara,36.31,42.63,46.56,25
2026-06-15,14:00,D-D,D,Burhi Gandak,D,Khagaria,29.93,36.58,39.22,25
2026-06-15,14:00,E-A,E,Kamla Balan,A,Jainagar,67,68.5,71.35,0
2026-06-15,14:00,E-B,E,Kamla Balan,B,Jhanjharpur,48.87,50.5,53.11,100
2026-06-15,14:00,F-A,F,Bhuthi Balan,A,Ekma,68.59,69.5,72.1,0
2026-06-15,14:00,G-A,G,Lalbakeya,A,Gowabari,69,71.15,73.86,0
2026-06-15,14:00,H-A,H,Ganga,A,Allahabad,70.88,84.73,88.03,0
2026-06-15,14:00,H-B,H,Ganga,B,Varanasi,58.44,71.26,73.9,67
2026-06-15,14:00,H-C,H,Ganga,C,Buxar,48.9,60.32,62.09,50
2026-06-15,14:00,H-D,H,Ganga,D,Digha,42.96,50.45,52.52,50
2026-06-15,14:00,H-E,H,Ganga,E,Gandhi Ghat,42.55,48.6,50.52,25
2026-06-15,14:00,H-F,H,Ganga,F,Hathidah,34.4,41.76,43.52,50
2026-06-15,14:00,H-G,H,Ganga,G,Munger,30.62,39.33,40.99,25
2026-06-15,14:00,H-H,H,Ganga,H,Bhagalpur,25.63,33.68,34.86,25
2026-06-15,14:00,H-I,H,Ganga,I,Kahalgaon,24.71,31.09,32.87,25
2026-06-15,14:00,H-J,H,Ganga,J,Farakka,14.45,22.25,25.14,25
2026-06-15,14:00,I-A,I,Punpun,A,Sripalpur,44.89,50.6,53.91,0
2026-06-15,14:00,J-A,J,Adhwara,A,Sonbarsa,78.67,81.85,83.75,0
2026-06-15,14:00,J-B,J,Adhwara,B,Sundarpur,58.3,61.7,64.1,108
2026-06-15,14:00,J-C,J,Adhwara,C,Pupri,50.71,55.79,56.95,50
2026-06-15,14:00,K-A,K,Khiroi,A,Kamtaul,46.63,50,53.05,0
2026-06-15,14:00,K-B,K,Khiroi,B,Ekmighat,41.06,46.94,49.52,50
2026-06-15,14:00,L-A,L,Mahananda,A,Taibpur,64.25,66,67.26,0
2026-06-15,14:00,L-B,L,Mahananda,B,Dhangaraghat,33.8,35.65,38.2,50
2026-06-15,14:00,M-A,M,Ghaghra,A,Darauli,56.21,60.82,61.82,0
2026-06-15,14:00,M-B,M,Ghaghra,B,Gangpur Siswan,51.93,57.04,58.26,50
2026-06-16,06:00,A-A,A,Gandak,A,Khada,93.72,96,97.5,0
2026-06-16,06:00,A-B,A,Gandak,B,Chatia,64.97,69.15,70.04,25
2026-06-16,06:00,A-C,A,Gandak,C,Dumaria Ghat,60.4,62.22,64.36,25
2026-06-16,06:00,A-D,A,Gandak,D,Rewa Ghat,51.09,54.41,55.46,25
2026-06-16,06:00,A-E,A,Gandak,E,Hajipur,44.54,50.32,50.93,25
2026-06-16,06:00,B-A,B,Kosi,A,Basua,46.35,47.75,49.24,0
2026-06-16,06:00,B-B,B,Kosi,B,Baltara,31.88,33.85,36.4,25
2026-06-16,06:00,B-C,B,Kosi,C,Kursela,24.55,30,32.1,25
2026-06-16,06:00,C-A,C,Bagmati,A,Dheng,69,71,73.47,0
2026-06-16,06:00,C-B,C,Bagmati,B,Sonakhan,67.4,68.8,72.05,25
2026-06-16,06:00,C-C,C,Bagmati,C,Dubadhar,59.48,61.28,63.75,50
2026-06-16,06:00,C-D,C,Bagmati,D,Kansar,56.35,59.06,60.86,25
2026-06-16,06:00,C-E,C,Bagmati,E,Kataunjha,52.8,55,58.36,25
2026-06-16,06:00,C-F,C,Bagmati,F,Benibad,46.81,48.68,50.12,28
2026-06-16,06:00,C-G,C,Bagmati,G,Hayaghat,39.74,45.72,48.96,25
2026-06-16,06:00,D-A,D,Burhi Gandak,A,Sikandarpur,45.32,52.53,54.29,0
2026-06-16,06:00,D-B,D,Burhi Gandak,B,Samastipur,39.35,45.73,49.38,33
2026-06-16,06:00,D-C,D,Burhi Gandak,C,Rosara,36.31,42.63,46.56,25
2026-06-16,06:00,D-D,D,Burhi Gandak,D,Khagaria,29.93,36.58,39.22,25
2026-06-16,06:00,E-A,E,Kamla Balan,A,Jainagar,67,68.5,71.35,0
2026-06-16,06:00,E-B,E,Kamla Balan,B,Jhanjharpur,48.8,50.5,53.11,100
2026-06-16,06:00,F-A,F,Bhuthi Balan,A,Ekma,68.59,69.5,72.1,0
2026-06-16,06:00,G-A,G,Lalbakeya,A,Gowabari,69.2,71.15,73.86,0
2026-06-16,06:00,H-A,H,Ganga,A,Allahabad,70.9,84.73,88.03,0
2026-06-16,06:00,H-B,H,Ganga,B,Varanasi,58.47,71.26,73.9,67
2026-06-16,06:00,H-C,H,Ganga,C,Buxar,48.9,60.32,62.09,50
2026-06-16,06:00,H-D,H,Ganga,D,Digha,42.95,50.45,52.52,50
2026-06-16,06:00,H-E,H,Ganga,E,Gandhi Ghat,42.52,48.6,50.52,25
2026-06-16,06:00,H-F,H,Ganga,F,Hathidah,34.41,41.76,43.52,50
2026-06-16,06:00,H-G,H,Ganga,G,Munger,30.65,39.33,40.99,25
2026-06-16,06:00,H-H,H,Ganga,H,Bhagalpur,25.65,33.68,34.86,25
2026-06-16,06:00,H-I,H,Ganga,I,Kahalgaon,24.72,31.09,32.87,25
2026-06-16,06:00,H-J,H,Ganga,J,Farakka,14.43,22.25,25.14,25
2026-06-16,06:00,I-A,I,Punpun,A,Sripalpur,44.88,50.6,53.91,0
2026-06-16,06:00,J-A,J,Adhwara,A,Sonbarsa,78.63,81.85,83.75,0
2026-06-16,06:00,J-B,J,Adhwara,B,Sundarpur,58.3,61.7,64.1,108
2026-06-16,06:00,J-C,J,Adhwara,C,Pupri,50.71,55.79,56.95,50
2026-06-16,06:00,K-A,K,Khiroi,A,Kamtaul,46.62,50,53.05,0
2026-06-16,06:00,K-B,K,Khiroi,B,Ekmighat,41.12,46.94,49.52,50
2026-06-16,06:00,L-A,L,Mahananda,A,Taibpur,64.12,66,67.26,0
2026-06-16,06:00,L-B,L,Mahananda,B,Dhangaraghat,34.24,35.65,38.2,50
2026-06-16,06:00,M-A,M,Ghaghra,A,Darauli,56.19,60.82,61.82,0
2026-06-16,06:00,M-B,M,Ghaghra,B,Gangpur Siswan,51.93,57.04,58.26,50
2026-06-16,14:00,A-A,A,Gandak,A,Khada,93.72,96,97.5,0
2026-06-16,14:00,A-B,A,Gandak,B,Chatia,64.97,69.15,70.04,25
2026-06-16,14:00,A-C,A,Gandak,C,Dumaria Ghat,60.4,62.22,64.36,25
2026-06-16,14:00,A-D,A,Gandak,D,Rewa Ghat,51.05,54.41,55.46,25
2026-06-16,14:00,A-E,A,Gandak,E,Hajipur,44.48,50.32,50.93,25
2026-06-16,14:00,B-A,B,Kosi,A,Basua,46.38,47.75,49.24,0
2026-06-16,14:00,B-B,B,Kosi,B,Baltara,31.92,33.85,36.4,25
2026-06-16,14:00,B-C,B,Kosi,C,Kursela,24.59,30,32.1,25
2026-06-16,14:00,C-A,C,Bagmati,A,Dheng,68.85,71,73.47,0
2026-06-16,14:00,C-B,C,Bagmati,B,Sonakhan,67.25,68.8,72.05,25
2026-06-16,14:00,C-C,C,Bagmati,C,Dubadhar,59.43,61.28,63.75,50
2026-06-16,14:00,C-D,C,Bagmati,D,Kansar,56.45,59.06,60.86,25
2026-06-16,14:00,C-E,C,Bagmati,E,Kataunjha,52.9,55,58.36,25
2026-06-16,14:00,C-F,C,Bagmati,F,Benibad,46.81,48.68,50.12,28
2026-06-16,14:00,C-G,C,Bagmati,G,Hayaghat,39.74,45.72,48.96,25
2026-06-16,14:00,D-A,D,Burhi Gandak,A,Sikandarpur,45.34,52.53,54.29,0
2026-06-16,14:00,D-B,D,Burhi Gandak,B,Samastipur,39.35,45.73,49.38,33
2026-06-16,14:00,D-C,D,Burhi Gandak,C,Rosara,36.31,42.63,46.56,25
2026-06-16,14:00,D-D,D,Burhi Gandak,D,Khagaria,29.94,36.58,39.22,25
2026-06-16,14:00,E-A,E,Kamla Balan,A,Jainagar,67,68.5,71.35,0
2026-06-16,14:00,E-B,E,Kamla Balan,B,Jhanjharpur,48.8,50.5,53.11,100
2026-06-16,14:00,F-A,F,Bhuthi Balan,A,Ekma,68.59,69.5,72.1,0
2026-06-16,14:00,G-A,G,Lalbakeya,A,Gowabari,69.15,71.15,73.86,0
2026-06-16,14:00,H-A,H,Ganga,A,Allahabad,70.91,84.73,88.03,0
2026-06-16,14:00,H-B,H,Ganga,B,Varanasi,58.48,71.26,73.9,67
2026-06-16,14:00,H-C,H,Ganga,C,Buxar,48.9,60.32,62.09,50
2026-06-16,14:00,H-D,H,Ganga,D,Digha,42.93,50.45,52.52,50
2026-06-16,14:00,H-E,H,Ganga,E,Gandhi Ghat,42.49,48.6,50.52,25
2026-06-16,14:00,H-F,H,Ganga,F,Hathidah,34.41,41.76,43.52,50
2026-06-16,14:00,H-G,H,Ganga,G,Munger,30.65,39.33,40.99,25
2026-06-16,14:00,H-H,H,Ganga,H,Bhagalpur,25.66,33.68,34.86,25
2026-06-16,14:00,H-I,H,Ganga,I,Kahalgaon,24.73,31.09,32.87,25
2026-06-16,14:00,H-J,H,Ganga,J,Farakka,14.35,22.25,25.14,25
2026-06-16,14:00,I-A,I,Punpun,A,Sripalpur,44.88,50.6,53.91,0
2026-06-16,14:00,J-A,J,Adhwara,A,Sonbarsa,78.62,81.85,83.75,0
2026-06-16,14:00,J-B,J,Adhwara,B,Sundarpur,58.3,61.7,64.1,108
2026-06-16,14:00,J-C,J,Adhwara,C,Pupri,50.71,55.79,56.95,50
2026-06-16,14:00,K-A,K,Khiroi,A,Kamtaul,46.63,50,53.05,0
2026-06-16,14:00,K-B,K,Khiroi,B,Ekmighat,41.04,46.94,49.52,50
2026-06-16,14:00,L-A,L,Mahananda,A,Taibpur,64.68,66,67.26,0
2026-06-16,14:00,L-B,L,Mahananda,B,Dhangaraghat,33.99,35.65,38.2,50
2026-06-16,14:00,M-A,M,Ghaghra,A,Darauli,56.18,60.82,61.82,0
2026-06-16,14:00,M-B,M,Ghaghra,B,Gangpur Siswan,51.91,57.04,58.26,50
2026-06-17,06:00,A-A,A,Gandak,A,Khada,93.69,96,97.5,0
2026-06-17,06:00,A-B,A,Gandak,B,Chatia,64.97,69.15,70.04,25
2026-06-17,06:00,A-C,A,Gandak,C,Dumaria Ghat,60.4,62.22,64.36,25
2026-06-17,06:00,A-D,A,Gandak,D,Rewa Ghat,51.01,54.41,55.46,25
2026-06-17,06:00,A-E,A,Gandak,E,Hajipur,44.42,50.32,50.93,25
2026-06-17,06:00,B-A,B,Kosi,A,Basua,46.44,47.75,49.24,0
2026-06-17,06:00,B-B,B,Kosi,B,Baltara,32.05,33.85,36.4,25
2026-06-17,06:00,B-C,B,Kosi,C,Kursela,24.6,30,32.1,25
2026-06-17,06:00,C-A,C,Bagmati,A,Dheng,68.7,71,73.47,0
2026-06-17,06:00,C-B,C,Bagmati,B,Sonakhan,67.1,68.8,72.05,25
2026-06-17,06:00,C-C,C,Bagmati,C,Dubadhar,59.16,61.28,63.75,50
2026-06-17,06:00,C-D,C,Bagmati,D,Kansar,56.24,59.06,60.86,25
2026-06-17,06:00,C-E,C,Bagmati,E,Kataunjha,52.9,55,58.36,25
2026-06-17,06:00,C-F,C,Bagmati,F,Benibad,46.96,48.68,50.12,28
2026-06-17,06:00,C-G,C,Bagmati,G,Hayaghat,39.74,45.72,48.96,25
2026-06-17,06:00,D-A,D,Burhi Gandak,A,Sikandarpur,45.38,52.53,54.29,0
2026-06-17,06:00,D-B,D,Burhi Gandak,B,Samastipur,39.35,45.73,49.38,33
2026-06-17,06:00,D-C,D,Burhi Gandak,C,Rosara,36.32,42.63,46.56,25
2026-06-17,06:00,D-D,D,Burhi Gandak,D,Khagaria,29.94,36.58,39.22,25
2026-06-17,06:00,E-A,E,Kamla Balan,A,Jainagar,67,68.5,71.35,0
2026-06-17,06:00,E-B,E,Kamla Balan,B,Jhanjharpur,48.93,50.5,53.11,100
2026-06-17,06:00,F-A,F,Bhuthi Balan,A,Ekma,68.59,69.5,72.1,0
2026-06-17,06:00,G-A,G,Lalbakeya,A,Gowabari,69,71.15,73.86,0
2026-06-17,06:00,H-A,H,Ganga,A,Allahabad,70.87,84.73,88.03,0
2026-06-17,06:00,H-B,H,Ganga,B,Varanasi,58.48,71.26,73.9,67
2026-06-17,06:00,H-C,H,Ganga,C,Buxar,48.89,60.32,62.09,50
2026-06-17,06:00,H-D,H,Ganga,D,Digha,42.9,50.45,52.52,50
2026-06-17,06:00,H-E,H,Ganga,E,Gandhi Ghat,42.45,48.6,50.52,25
2026-06-17,06:00,H-F,H,Ganga,F,Hathidah,34.38,41.76,43.52,50
2026-06-17,06:00,H-G,H,Ganga,G,Munger,30.65,39.33,40.99,25
2026-06-17,06:00,H-H,H,Ganga,H,Bhagalpur,25.66,33.68,34.86,25
2026-06-17,06:00,H-I,H,Ganga,I,Kahalgaon,24.73,31.09,32.87,25
2026-06-17,06:00,H-J,H,Ganga,J,Farakka,14.35,22.25,25.14,25
2026-06-17,06:00,I-A,I,Punpun,A,Sripalpur,44.87,50.6,53.91,0
2026-06-17,06:00,J-A,J,Adhwara,A,Sonbarsa,78.6,81.85,83.75,0
2026-06-17,06:00,J-B,J,Adhwara,B,Sundarpur,58.3,61.7,64.1,108
2026-06-17,06:00,J-C,J,Adhwara,C,Pupri,50.71,55.79,56.95,50
2026-06-17,06:00,K-A,K,Khiroi,A,Kamtaul,46.64,50,53.05,0
2026-06-17,06:00,K-B,K,Khiroi,B,Ekmighat,40.88,46.94,49.52,50
2026-06-17,06:00,L-A,L,Mahananda,A,Taibpur,64.3,66,67.26,0
2026-06-17,06:00,L-B,L,Mahananda,B,Dhangaraghat,34.07,35.65,38.2,50
2026-06-17,06:00,M-A,M,Ghaghra,A,Darauli,56.17,60.82,61.82,0
2026-06-17,06:00,M-B,M,Ghaghra,B,Gangpur Siswan,51.91,57.04,58.26,50
2026-06-17,14:00,A-A,A,Gandak,A,Khada,93.88,96,97.5,0
2026-06-17,14:00,A-B,A,Gandak,B,Chatia,64.96,69.15,70.04,25
2026-06-17,14:00,A-C,A,Gandak,C,Dumaria Ghat,60.31,62.22,64.36,25
2026-06-17,14:00,A-D,A,Gandak,D,Rewa Ghat,50.94,54.41,55.46,25
2026-06-17,14:00,A-E,A,Gandak,E,Hajipur,44.41,50.32,50.93,25
2026-06-17,14:00,B-A,B,Kosi,A,Basua,46.41,47.75,49.24,0
2026-06-17,14:00,B-B,B,Kosi,B,Baltara,32.09,33.85,36.4,25
2026-06-17,14:00,B-C,B,Kosi,C,Kursela,24.61,30,32.1,25
2026-06-17,14:00,C-A,C,Bagmati,A,Dheng,68.63,71,73.47,0
2026-06-17,14:00,C-B,C,Bagmati,B,Sonakhan,67.03,68.8,72.05,25
2026-06-17,14:00,C-C,C,Bagmati,C,Dubadhar,59.11,61.28,63.75,50
2026-06-17,14:00,C-D,C,Bagmati,D,Kansar,56.18,59.06,60.86,25
2026-06-17,14:00,C-E,C,Bagmati,E,Kataunjha,52.8,55,58.36,25
2026-06-17,14:00,C-F,C,Bagmati,F,Benibad,46.96,48.68,50.12,28
2026-06-17,14:00,C-G,C,Bagmati,G,Hayaghat,39.91,45.72,48.96,25
2026-06-17,14:00,D-A,D,Burhi Gandak,A,Sikandarpur,45.4,52.53,54.29,0
2026-06-17,14:00,D-B,D,Burhi Gandak,B,Samastipur,39.35,45.73,49.38,33
2026-06-17,14:00,D-C,D,Burhi Gandak,C,Rosara,36.32,42.63,46.56,25
2026-06-17,14:00,D-D,D,Burhi Gandak,D,Khagaria,29.94,36.58,39.22,25
2026-06-17,14:00,E-A,E,Kamla Balan,A,Jainagar,67,68.5,71.35,0
2026-06-17,14:00,E-B,E,Kamla Balan,B,Jhanjharpur,48.93,50.5,53.11,100
2026-06-17,14:00,F-A,F,Bhuthi Balan,A,Ekma,68.59,69.5,72.1,0
2026-06-17,14:00,G-A,G,Lalbakeya,A,Gowabari,69,71.15,73.86,0
2026-06-17,14:00,H-A,H,Ganga,A,Allahabad,70.85,84.73,88.03,0
2026-06-17,14:00,H-B,H,Ganga,B,Varanasi,58.48,71.26,73.9,67
2026-06-17,14:00,H-C,H,Ganga,C,Buxar,48.88,60.32,62.09,50
2026-06-17,14:00,H-D,H,Ganga,D,Digha,42.9,50.45,52.52,50
2026-06-17,14:00,H-E,H,Ganga,E,Gandhi Ghat,42.45,48.6,50.52,25
2026-06-17,14:00,H-F,H,Ganga,F,Hathidah,34.36,41.76,43.52,50
2026-06-17,14:00,H-G,H,Ganga,G,Munger,30.65,39.33,40.99,25
2026-06-17,14:00,H-H,H,Ganga,H,Bhagalpur,25.66,33.68,34.86,25
2026-06-17,14:00,H-I,H,Ganga,I,Kahalgaon,24.72,31.09,32.87,25
2026-06-17,14:00,H-J,H,Ganga,J,Farakka,14.35,22.25,25.14,25
2026-06-17,14:00,I-A,I,Punpun,A,Sripalpur,44.87,50.6,53.91,0
2026-06-17,14:00,J-A,J,Adhwara,A,Sonbarsa,78.6,81.85,83.75,0
2026-06-17,14:00,J-B,J,Adhwara,B,Sundarpur,58.3,61.7,64.1,108
2026-06-17,14:00,J-C,J,Adhwara,C,Pupri,50.71,55.79,56.95,50
2026-06-17,14:00,K-A,K,Khiroi,A,Kamtaul,46.64,50,53.05,0
2026-06-17,14:00,K-B,K,Khiroi,B,Ekmighat,40.9,46.94,49.52,50
2026-06-17,14:00,L-A,L,Mahananda,A,Taibpur,64.38,66,67.26,0
2026-06-17,14:00,L-B,L,Mahananda,B,Dhangaraghat,34.07,35.65,38.2,50
2026-06-17,14:00,M-A,M,Ghaghra,A,Darauli,56.17,60.82,61.82,0
2026-06-17,14:00,M-B,M,Ghaghra,B,Gangpur Siswan,51.9,57.04,58.26,50
2026-06-18,06:00,A-A,A,Gandak,A,Khada,93.71,96,97.5,0
2026-06-18,06:00,A-B,A,Gandak,B,Chatia,64.96,69.15,70.04,25
2026-06-18,06:00,A-C,A,Gandak,C,Dumaria Ghat,60.27,62.22,64.36,25
2026-06-18,06:00,A-D,A,Gandak,D,Rewa Ghat,50.9,54.41,55.46,25
2026-06-18,06:00,A-E,A,Gandak,E,Hajipur,44.36,50.32,50.93,25
2026-06-18,06:00,B-A,B,Kosi,A,Basua,46.35,47.75,49.24,0
2026-06-18,06:00,B-B,B,Kosi,B,Baltara,32.15,33.85,36.4,25
2026-06-18,06:00,B-C,B,Kosi,C,Kursela,24.65,30,32.1,25
2026-06-18,06:00,C-A,C,Bagmati,A,Dheng,68.7,71,73.47,0
2026-06-18,06:00,C-B,C,Bagmati,B,Sonakhan,67.1,68.8,72.05,25
2026-06-18,06:00,C-C,C,Bagmati,C,Dubadhar,59.04,61.28,63.75,50
2026-06-18,06:00,C-D,C,Bagmati,D,Kansar,56.05,59.06,60.86,25
2026-06-18,06:00,C-E,C,Bagmati,E,Kataunjha,52.65,55,58.36,25
2026-06-18,06:00,C-F,C,Bagmati,F,Benibad,46.96,48.68,50.12,28
2026-06-18,06:00,C-G,C,Bagmati,G,Hayaghat,40.3,45.72,48.96,25
2026-06-18,06:00,D-A,D,Burhi Gandak,A,Sikandarpur,45.5,52.53,54.29,0
2026-06-18,06:00,D-B,D,Burhi Gandak,B,Samastipur,39.35,45.73,49.38,33
2026-06-18,06:00,D-C,D,Burhi Gandak,C,Rosara,36.33,42.63,46.56,25
2026-06-18,06:00,D-D,D,Burhi Gandak,D,Khagaria,29.94,36.58,39.22,25
2026-06-18,06:00,E-A,E,Kamla Balan,A,Jainagar,67,68.5,71.35,0
2026-06-18,06:00,E-B,E,Kamla Balan,B,Jhanjharpur,48.77,50.5,53.11,100
2026-06-18,06:00,F-A,F,Bhuthi Balan,A,Ekma,68.59,69.5,72.1,0
2026-06-18,06:00,G-A,G,Lalbakeya,A,Gowabari,68.95,71.15,73.86,0
2026-06-18,06:00,H-A,H,Ganga,A,Allahabad,70.83,84.73,88.03,0
2026-06-18,06:00,H-B,H,Ganga,B,Varanasi,58.5,71.26,73.9,67
2026-06-18,06:00,H-C,H,Ganga,C,Buxar,48.87,60.32,62.09,50
2026-06-18,06:00,H-D,H,Ganga,D,Digha,42.87,50.45,52.52,50
2026-06-18,06:00,H-E,H,Ganga,E,Gandhi Ghat,42.42,48.6,50.52,25
2026-06-18,06:00,H-F,H,Ganga,F,Hathidah,34.33,41.76,43.52,50
2026-06-18,06:00,H-G,H,Ganga,G,Munger,30.64,39.33,40.99,25
2026-06-18,06:00,H-H,H,Ganga,H,Bhagalpur,25.66,33.68,34.86,25
2026-06-18,06:00,H-I,H,Ganga,I,Kahalgaon,24.72,31.09,32.87,25
2026-06-18,06:00,H-J,H,Ganga,J,Farakka,14.25,22.25,25.14,25
2026-06-18,06:00,I-A,I,Punpun,A,Sripalpur,44.86,50.6,53.91,0
2026-06-18,06:00,J-A,J,Adhwara,A,Sonbarsa,78.6,81.85,83.75,0
2026-06-18,06:00,J-B,J,Adhwara,B,Sundarpur,58.3,61.7,64.1,108
2026-06-18,06:00,J-C,J,Adhwara,C,Pupri,50.71,55.79,56.95,50
2026-06-18,06:00,K-A,K,Khiroi,A,Kamtaul,46.64,50,53.05,0
2026-06-18,06:00,K-B,K,Khiroi,B,Ekmighat,41.42,46.94,49.52,50
2026-06-18,06:00,L-A,L,Mahananda,A,Taibpur,64.28,66,67.26,0
2026-06-18,06:00,L-B,L,Mahananda,B,Dhangaraghat,34.33,35.65,38.2,50
2026-06-18,06:00,M-A,M,Ghaghra,A,Darauli,56.17,60.82,61.82,0
2026-06-18,06:00,M-B,M,Ghaghra,B,Gangpur Siswan,51.89,57.04,58.26,50
2026-06-18,14:00,A-A,A,Gandak,A,Khada,93.75,96,97.5,0
2026-06-18,14:00,A-B,A,Gandak,B,Chatia,64.96,69.15,70.04,25
2026-06-18,14:00,A-C,A,Gandak,C,Dumaria Ghat,60.28,62.22,64.36,25
2026-06-18,14:00,A-D,A,Gandak,D,Rewa Ghat,50.84,54.41,55.46,25
2026-06-18,14:00,A-E,A,Gandak,E,Hajipur,44.34,50.32,50.93,25
2026-06-18,14:00,B-A,B,Kosi,A,Basua,46.37,47.75,49.24,0
2026-06-18,14:00,B-B,B,Kosi,B,Baltara,32.09,33.85,36.4,25
2026-06-18,14:00,B-C,B,Kosi,C,Kursela,24.66,30,32.1,25
2026-06-18,14:00,C-A,C,Bagmati,A,Dheng,68.76,71,73.47,0
2026-06-18,14:00,C-B,C,Bagmati,B,Sonakhan,67.16,68.8,72.05,25
2026-06-18,14:00,C-C,C,Bagmati,C,Dubadhar,59.04,61.28,63.75,50
2026-06-18,14:00,C-D,C,Bagmati,D,Kansar,56,59.06,60.86,25
2026-06-18,14:00,C-E,C,Bagmati,E,Kataunjha,52.65,55,58.36,25
2026-06-18,14:00,C-F,C,Bagmati,F,Benibad,46.79,48.68,50.12,28
2026-06-18,14:00,C-G,C,Bagmati,G,Hayaghat,40,45.72,48.96,25
2026-06-18,14:00,D-A,D,Burhi Gandak,A,Sikandarpur,45.5,52.53,54.29,0
2026-06-18,14:00,D-B,D,Burhi Gandak,B,Samastipur,39.39,45.73,49.38,33
2026-06-18,14:00,D-C,D,Burhi Gandak,C,Rosara,36.36,42.63,46.56,25
2026-06-18,14:00,D-D,D,Burhi Gandak,D,Khagaria,29.95,36.58,39.22,25
2026-06-18,14:00,E-A,E,Kamla Balan,A,Jainagar,67,68.5,71.35,0
2026-06-18,14:00,E-B,E,Kamla Balan,B,Jhanjharpur,48.77,50.5,53.11,100
2026-06-18,14:00,F-A,F,Bhuthi Balan,A,Ekma,68.59,69.5,72.1,0
2026-06-18,14:00,G-A,G,Lalbakeya,A,Gowabari,68.95,71.15,73.86,0
2026-06-18,14:00,H-A,H,Ganga,A,Allahabad,70.82,84.73,88.03,0
2026-06-18,14:00,H-B,H,Ganga,B,Varanasi,58.53,71.26,73.9,67
2026-06-18,14:00,H-C,H,Ganga,C,Buxar,48.9,60.32,62.09,50
2026-06-18,14:00,H-D,H,Ganga,D,Digha,42.86,50.45,52.52,50
2026-06-18,14:00,H-E,H,Ganga,E,Gandhi Ghat,42.4,48.6,50.52,25
2026-06-18,14:00,H-F,H,Ganga,F,Hathidah,34.3,41.76,43.52,50
2026-06-18,14:00,H-G,H,Ganga,G,Munger,30.63,39.33,40.99,25
2026-06-18,14:00,H-H,H,Ganga,H,Bhagalpur,25.66,33.68,34.86,25
2026-06-18,14:00,H-I,H,Ganga,I,Kahalgaon,24.71,31.09,32.87,25
2026-06-18,14:00,H-J,H,Ganga,J,Farakka,14.25,22.25,25.14,25
2026-06-18,14:00,I-A,I,Punpun,A,Sripalpur,44.86,50.6,53.91,0
2026-06-18,14:00,J-A,J,Adhwara,A,Sonbarsa,78.58,81.85,83.75,0
2026-06-18,14:00,J-B,J,Adhwara,B,Sundarpur,58.3,61.7,64.1,108
2026-06-18,14:00,J-C,J,Adhwara,C,Pupri,50.71,55.79,56.95,50
2026-06-18,14:00,K-A,K,Khiroi,A,Kamtaul,46.66,50,53.05,0
2026-06-18,14:00,K-B,K,Khiroi,B,Ekmighat,41.2,46.94,49.52,50
2026-06-18,14:00,L-A,L,Mahananda,A,Taibpur,64.52,66,67.26,0
2026-06-18,14:00,L-B,L,Mahananda,B,Dhangaraghat,34.15,35.65,38.2,50
2026-06-18,14:00,M-A,M,Ghaghra,A,Darauli,56.19,60.82,61.82,0
2026-06-18,14:00,M-B,M,Ghaghra,B,Gangpur Siswan,51.89,57.04,58.26,50
2026-06-19,06:00,A-A,A,Gandak,A,Khada,93.72,96,97.5,0
2026-06-19,06:00,A-B,A,Gandak,B,Chatia,64.96,69.15,70.04,25
2026-06-19,06:00,A-C,A,Gandak,C,Dumaria Ghat,60.28,62.22,64.36,25
2026-06-19,06:00,A-D,A,Gandak,D,Rewa Ghat,50.8,54.41,55.46,25
2026-06-19,06:00,A-E,A,Gandak,E,Hajipur,44.29,50.32,50.93,25
2026-06-19,06:00,B-A,B,Kosi,A,Basua,46.43,47.75,49.24,0
2026-06-19,06:00,B-B,B,Kosi,B,Baltara,31.97,33.85,36.4,25
2026-06-19,06:00,B-C,B,Kosi,C,Kursela,24.7,30,32.1,25
2026-06-19,06:00,C-A,C,Bagmati,A,Dheng,68.9,71,73.47,0
2026-06-19,06:00,C-B,C,Bagmati,B,Sonakhan,67.3,68.8,72.05,25
2026-06-19,06:00,C-C,C,Bagmati,C,Dubadhar,58.96,61.28,63.75,50
2026-06-19,06:00,C-D,C,Bagmati,D,Kansar,55.95,59.06,60.86,25
2026-06-19,06:00,C-E,C,Bagmati,E,Kataunjha,52.57,55,58.36,25
2026-06-19,06:00,C-F,C,Bagmati,F,Benibad,46.71,48.68,50.12,28
2026-06-19,06:00,C-G,C,Bagmati,G,Hayaghat,39.84,45.72,48.96,25
2026-06-19,06:00,D-A,D,Burhi Gandak,A,Sikandarpur,45.43,52.53,54.29,0
2026-06-19,06:00,D-B,D,Burhi Gandak,B,Samastipur,39.47,45.73,49.38,33
2026-06-19,06:00,D-C,D,Burhi Gandak,C,Rosara,36.41,42.63,46.56,25
2026-06-19,06:00,D-D,D,Burhi Gandak,D,Khagaria,29.94,36.58,39.22,25
2026-06-19,06:00,E-A,E,Kamla Balan,A,Jainagar,67.3,68.5,71.35,0
2026-06-19,06:00,E-B,E,Kamla Balan,B,Jhanjharpur,48.68,50.5,53.11,100
2026-06-19,06:00,F-A,F,Bhuthi Balan,A,Ekma,68.59,69.5,72.1,0
2026-06-19,06:00,G-A,G,Lalbakeya,A,Gowabari,68.9,71.15,73.86,0
2026-06-19,06:00,H-A,H,Ganga,A,Allahabad,70.79,84.73,88.03,0
2026-06-19,06:00,H-B,H,Ganga,B,Varanasi,58.57,71.26,73.9,67
2026-06-19,06:00,H-C,H,Ganga,C,Buxar,48.91,60.32,62.09,50
2026-06-19,06:00,H-D,H,Ganga,D,Digha,42.85,50.45,52.52,50
2026-06-19,06:00,H-E,H,Ganga,E,Gandhi Ghat,42.37,48.6,50.52,25
2026-06-19,06:00,H-F,H,Ganga,F,Hathidah,34.26,41.76,43.52,50
2026-06-19,06:00,H-G,H,Ganga,G,Munger,30.63,39.33,40.99,25
2026-06-19,06:00,H-H,H,Ganga,H,Bhagalpur,25.66,33.68,34.86,25
2026-06-19,06:00,H-I,H,Ganga,I,Kahalgaon,24.73,31.09,32.87,25
2026-06-19,06:00,H-J,H,Ganga,J,Farakka,14.24,22.25,25.14,25
2026-06-19,06:00,I-A,I,Punpun,A,Sripalpur,44.85,50.6,53.91,0
2026-06-19,06:00,J-A,J,Adhwara,A,Sonbarsa,78.56,81.85,83.75,0
2026-06-19,06:00,J-B,J,Adhwara,B,Sundarpur,58.3,61.7,64.1,108
2026-06-19,06:00,J-C,J,Adhwara,C,Pupri,50.71,55.79,56.95,50
2026-06-19,06:00,K-A,K,Khiroi,A,Kamtaul,46.66,50,53.05,0
2026-06-19,06:00,K-B,K,Khiroi,B,Ekmighat,41.08,46.94,49.52,50
2026-06-19,06:00,L-A,L,Mahananda,A,Taibpur,64.26,66,67.26,0
2026-06-19,06:00,L-B,L,Mahananda,B,Dhangaraghat,34.3,35.65,38.2,50
2026-06-19,06:00,M-A,M,Ghaghra,A,Darauli,56.21,60.82,61.82,0
2026-06-19,06:00,M-B,M,Ghaghra,B,Gangpur Siswan,51.92,57.04,58.26,50
2026-06-19,14:00,A-A,A,Gandak,A,Khada,93.96,96,97.5,0
2026-06-19,14:00,A-B,A,Gandak,B,Chatia,64.96,69.15,70.04,25
2026-06-19,14:00,A-C,A,Gandak,C,Dumaria Ghat,60.25,62.22,64.36,25
2026-06-19,14:00,A-D,A,Gandak,D,Rewa Ghat,50.77,54.41,55.46,25
2026-06-19,14:00,A-E,A,Gandak,E,Hajipur,44.27,50.32,50.93,25
2026-06-19,14:00,B-A,B,Kosi,A,Basua,46.39,47.75,49.24,0
2026-06-19,14:00,B-B,B,Kosi,B,Baltara,32.09,33.85,36.4,25
2026-06-19,14:00,B-C,B,Kosi,C,Kursela,24.66,30,32.1,25
2026-06-19,14:00,C-A,C,Bagmati,A,Dheng,69,71,73.47,0
2026-06-19,14:00,C-B,C,Bagmati,B,Sonakhan,67.4,68.8,72.05,25
2026-06-19,14:00,C-C,C,Bagmati,C,Dubadhar,58.94,61.28,63.75,50
2026-06-19,14:00,C-D,C,Bagmati,D,Kansar,55.95,59.06,60.86,25
2026-06-19,14:00,C-E,C,Bagmati,E,Kataunjha,52.55,55,58.36,25
2026-06-19,14:00,C-F,C,Bagmati,F,Benibad,46.71,48.68,50.12,28
2026-06-19,14:00,C-G,C,Bagmati,G,Hayaghat,39.68,45.72,48.96,25
2026-06-19,14:00,D-A,D,Burhi Gandak,A,Sikandarpur,45.43,52.53,54.29,0
2026-06-19,14:00,D-B,D,Burhi Gandak,B,Samastipur,39.51,45.73,49.38,33
2026-06-19,14:00,D-C,D,Burhi Gandak,C,Rosara,36.44,42.63,46.56,25
2026-06-19,14:00,D-D,D,Burhi Gandak,D,Khagaria,29.94,36.58,39.22,25
2026-06-19,14:00,E-A,E,Kamla Balan,A,Jainagar,67.45,68.5,71.35,0
2026-06-19,14:00,E-B,E,Kamla Balan,B,Jhanjharpur,48.71,50.5,53.11,100
2026-06-19,14:00,F-A,F,Bhuthi Balan,A,Ekma,68.9,69.5,72.1,0
2026-06-19,14:00,G-A,G,Lalbakeya,A,Gowabari,68.9,71.15,73.86,0
2026-06-19,14:00,H-A,H,Ganga,A,Allahabad,70.77,84.73,88.03,0
2026-06-19,14:00,H-B,H,Ganga,B,Varanasi,58.57,71.26,73.9,67
2026-06-19,14:00,H-C,H,Ganga,C,Buxar,48.94,60.32,62.09,50
2026-06-19,14:00,H-D,H,Ganga,D,Digha,42.84,50.45,52.52,50
2026-06-19,14:00,H-E,H,Ganga,E,Gandhi Ghat,42.35,48.6,50.52,25
2026-06-19,14:00,H-F,H,Ganga,F,Hathidah,34.24,41.76,43.52,50
2026-06-19,14:00,H-G,H,Ganga,G,Munger,30.62,39.33,40.99,25
2026-06-19,14:00,H-H,H,Ganga,H,Bhagalpur,25.66,33.68,34.86,25
2026-06-19,14:00,H-I,H,Ganga,I,Kahalgaon,24.74,31.09,32.87,25
2026-06-19,14:00,H-J,H,Ganga,J,Farakka,14.23,22.25,25.14,25
2026-06-19,14:00,I-A,I,Punpun,A,Sripalpur,44.85,50.6,53.91,0
2026-06-19,14:00,J-A,J,Adhwara,A,Sonbarsa,78.56,81.85,83.75,0
2026-06-19,14:00,J-B,J,Adhwara,B,Sundarpur,58.3,61.7,64.1,108
2026-06-19,14:00,J-C,J,Adhwara,C,Pupri,50.71,55.79,56.95,50
2026-06-19,14:00,K-A,K,Khiroi,A,Kamtaul,46.66,50,53.05,0
2026-06-19,14:00,K-B,K,Khiroi,B,Ekmighat,41.03,46.94,49.52,50
2026-06-19,14:00,L-A,L,Mahananda,A,Taibpur,66.3,66,67.26,0
2026-06-19,14:00,L-B,L,Mahananda,B,Dhangaraghat,34.38,35.65,38.2,50
2026-06-19,14:00,M-A,M,Ghaghra,A,Darauli,56.16,60.82,61.82,0
2026-06-19,14:00,M-B,M,Ghaghra,B,Gangpur Siswan,51.92,57.04,58.26,50
2026-06-20,06:00,A-A,A,Gandak,A,Khada,93.9,96,97.5,0
2026-06-20,06:00,A-B,A,Gandak,B,Chatia,64.95,69.15,70.04,25
2026-06-20,06:00,A-C,A,Gandak,C,Dumaria Ghat,60.3,62.22,64.36,25
2026-06-20,06:00,A-D,A,Gandak,D,Rewa Ghat,50.75,54.41,55.46,25
2026-06-20,06:00,A-E,A,Gandak,E,Hajipur,44.26,50.32,50.93,25
2026-06-20,06:00,B-A,B,Kosi,A,Basua,46.33,47.75,49.24,0
2026-06-20,06:00,B-B,B,Kosi,B,Baltara,32.09,33.85,36.4,25
2026-06-20,06:00,B-C,B,Kosi,C,Kursela,24.66,30,32.1,25
2026-06-20,06:00,C-A,C,Bagmati,A,Dheng,69.2,71,73.47,0
2026-06-20,06:00,C-B,C,Bagmati,B,Sonakhan,67.6,68.8,72.05,25
2026-06-20,06:00,C-C,C,Bagmati,C,Dubadhar,59.16,61.28,63.75,50
2026-06-20,06:00,C-D,C,Bagmati,D,Kansar,56.18,59.06,60.86,25
2026-06-20,06:00,C-E,C,Bagmati,E,Kataunjha,52.6,55,58.36,25
2026-06-20,06:00,C-F,C,Bagmati,F,Benibad,46.71,48.68,50.12,28
2026-06-20,06:00,C-G,C,Bagmati,G,Hayaghat,39.56,45.72,48.96,25
2026-06-20,06:00,D-A,D,Burhi Gandak,A,Sikandarpur,45.41,52.53,54.29,0
2026-06-20,06:00,D-B,D,Burhi Gandak,B,Samastipur,39.58,45.73,49.38,33
2026-06-20,06:00,D-C,D,Burhi Gandak,C,Rosara,36.49,42.63,46.56,25
2026-06-20,06:00,D-D,D,Burhi Gandak,D,Khagaria,29.94,36.58,39.22,25
2026-06-20,06:00,E-A,E,Kamla Balan,A,Jainagar,67.3,68.5,71.35,0
2026-06-20,06:00,E-B,E,Kamla Balan,B,Jhanjharpur,49.32,50.5,53.11,100
2026-06-20,06:00,F-A,F,Bhuthi Balan,A,Ekma,68.59,69.5,72.1,0
2026-06-20,06:00,G-A,G,Lalbakeya,A,Gowabari,68.9,71.15,73.86,0
2026-06-20,06:00,H-A,H,Ganga,A,Allahabad,70.74,84.73,88.03,0
2026-06-20,06:00,H-B,H,Ganga,B,Varanasi,58.57,71.26,73.9,67
2026-06-20,06:00,H-C,H,Ganga,C,Buxar,48.97,60.32,62.09,50
2026-06-20,06:00,H-D,H,Ganga,D,Digha,42.83,50.45,52.52,50
2026-06-20,06:00,H-E,H,Ganga,E,Gandhi Ghat,42.35,48.6,50.52,25
2026-06-20,06:00,H-F,H,Ganga,F,Hathidah,34.21,41.76,43.52,50
2026-06-20,06:00,H-G,H,Ganga,G,Munger,30.59,39.33,40.99,25
2026-06-20,06:00,H-H,H,Ganga,H,Bhagalpur,25.66,33.68,34.86,25
2026-06-20,06:00,H-I,H,Ganga,I,Kahalgaon,24.73,31.09,32.87,25
2026-06-20,06:00,H-J,H,Ganga,J,Farakka,14.23,22.25,25.14,25
2026-06-20,06:00,I-A,I,Punpun,A,Sripalpur,44.84,50.6,53.91,0
2026-06-20,06:00,J-A,J,Adhwara,A,Sonbarsa,78.58,81.85,83.75,0
2026-06-20,06:00,J-B,J,Adhwara,B,Sundarpur,58.32,61.7,64.1,108
2026-06-20,06:00,J-C,J,Adhwara,C,Pupri,50.71,55.79,56.95,50
2026-06-20,06:00,K-A,K,Khiroi,A,Kamtaul,46.66,50,53.05,0
2026-06-20,06:00,K-B,K,Khiroi,B,Ekmighat,41.07,46.94,49.52,50
2026-06-20,06:00,L-A,L,Mahananda,A,Taibpur,65.58,66,67.26,0
2026-06-20,06:00,L-B,L,Mahananda,B,Dhangaraghat,36,35.65,38.2,50
2026-06-20,06:00,M-A,M,Ghaghra,A,Darauli,56.14,60.82,61.82,0
2026-06-20,06:00,M-B,M,Ghaghra,B,Gangpur Siswan,51.92,57.04,58.26,50
2026-06-20,14:00,A-A,A,Gandak,A,Khada,94.25,96,97.5,0
2026-06-20,14:00,A-B,A,Gandak,B,Chatia,64.95,69.15,70.04,25
2026-06-20,14:00,A-C,A,Gandak,C,Dumaria Ghat,60.27,62.22,64.36,25
2026-06-20,14:00,A-D,A,Gandak,D,Rewa Ghat,50.76,54.41,55.46,25
2026-06-20,14:00,A-E,A,Gandak,E,Hajipur,44.28,50.32,50.93,25
2026-06-20,14:00,B-A,B,Kosi,A,Basua,46.37,47.75,49.24,0
2026-06-20,14:00,B-B,B,Kosi,B,Baltara,32.04,33.85,36.4,25
2026-06-20,14:00,B-C,B,Kosi,C,Kursela,24.68,30,32.1,25
2026-06-20,14:00,C-A,C,Bagmati,A,Dheng,69.04,71,73.47,0
2026-06-20,14:00,C-B,C,Bagmati,B,Sonakhan,66.44,68.8,72.05,25
2026-06-20,14:00,C-C,C,Bagmati,C,Dubadhar,59.26,61.28,63.75,50
2026-06-20,14:00,C-D,C,Bagmati,D,Kansar,56.18,59.06,60.86,25
2026-06-20,14:00,C-E,C,Bagmati,E,Kataunjha,52.62,55,58.36,25
2026-06-20,14:00,C-F,C,Bagmati,F,Benibad,46.67,48.68,50.12,28
2026-06-20,14:00,C-G,C,Bagmati,G,Hayaghat,39.56,45.72,48.96,25
2026-06-20,14:00,D-A,D,Burhi Gandak,A,Sikandarpur,45.4,52.53,54.29,0
2026-06-20,14:00,D-B,D,Burhi Gandak,B,Samastipur,39.58,45.73,49.38,33
2026-06-20,14:00,D-C,D,Burhi Gandak,C,Rosara,36.5,42.63,46.56,25
2026-06-20,14:00,D-D,D,Burhi Gandak,D,Khagaria,29.95,36.58,39.22,25
2026-06-20,14:00,E-A,E,Kamla Balan,A,Jainagar,67.2,68.5,71.35,0
2026-06-20,14:00,E-B,E,Kamla Balan,B,Jhanjharpur,49.48,50.5,53.11,100
2026-06-20,14:00,F-A,F,Bhuthi Balan,A,Ekma,68.74,69.5,72.1,0
2026-06-20,14:00,G-A,G,Lalbakeya,A,Gowabari,68.9,71.15,73.86,0
2026-06-20,14:00,H-A,H,Ganga,A,Allahabad,70.74,84.73,88.03,0
2026-06-20,14:00,H-B,H,Ganga,B,Varanasi,58.57,71.26,73.9,67
2026-06-20,14:00,H-C,H,Ganga,C,Buxar,48.97,60.32,62.09,50
2026-06-20,14:00,H-D,H,Ganga,D,Digha,42.82,50.45,52.52,50
2026-06-20,14:00,H-E,H,Ganga,E,Gandhi Ghat,42.35,48.6,50.52,25
2026-06-20,14:00,H-F,H,Ganga,F,Hathidah,34.19,41.76,43.52,50
2026-06-20,14:00,H-G,H,Ganga,G,Munger,30.58,39.33,40.99,25
2026-06-20,14:00,H-H,H,Ganga,H,Bhagalpur,25.65,33.68,34.86,25
2026-06-20,14:00,H-I,H,Ganga,I,Kahalgaon,24.73,31.09,32.87,25
2026-06-20,14:00,H-J,H,Ganga,J,Farakka,14.25,22.25,25.14,25
2026-06-20,14:00,I-A,I,Punpun,A,Sripalpur,44.84,50.6,53.91,0
2026-06-20,14:00,J-A,J,Adhwara,A,Sonbarsa,78.58,81.85,83.75,0
2026-06-20,14:00,J-B,J,Adhwara,B,Sundarpur,58.32,61.7,64.1,108
2026-06-20,14:00,J-C,J,Adhwara,C,Pupri,50.71,55.79,56.95,50
2026-06-20,14:00,K-A,K,Khiroi,A,Kamtaul,46.65,50,53.05,0
2026-06-20,14:00,K-B,K,Khiroi,B,Ekmighat,41.04,46.94,49.52,50
2026-06-20,14:00,L-A,L,Mahananda,A,Taibpur,65.35,66,67.26,0
2026-06-20,14:00,L-B,L,Mahananda,B,Dhangaraghat,35.56,35.65,38.2,50
2026-06-20,14:00,M-A,M,Ghaghra,A,Darauli,56.05,60.82,61.82,0
2026-06-20,14:00,M-B,M,Ghaghra,B,Gangpur Siswan,51.92,57.04,58.26,50
2026-06-21,06:00,A-A,A,Gandak,A,Khada,94.57,96,97.5,0
2026-06-21,06:00,A-B,A,Gandak,B,Chatia,64.95,69.15,70.04,25
2026-06-21,06:00,A-C,A,Gandak,C,Dumaria Ghat,60.27,62.22,64.36,25
2026-06-21,06:00,A-D,A,Gandak,D,Rewa Ghat,50.8,54.41,55.46,25
2026-06-21,06:00,A-E,A,Gandak,E,Hajipur,44.31,50.32,50.93,25
2026-06-21,06:00,B-A,B,Kosi,A,Basua,46.51,47.75,49.24,0
2026-06-21,06:00,B-B,B,Kosi,B,Baltara,32.1,33.85,36.4,25
2026-06-21,06:00,B-C,B,Kosi,C,Kursela,24.7,30,32.1,25
2026-06-21,06:00,C-A,C,Bagmati,A,Dheng,69.1,71,73.47,0
2026-06-21,06:00,C-B,C,Bagmati,B,Sonakhan,67.5,68.8,72.05,25
2026-06-21,06:00,C-C,C,Bagmati,C,Dubadhar,59.46,61.28,63.75,50
2026-06-21,06:00,C-D,C,Bagmati,D,Kansar,56.38,59.06,60.86,25
2026-06-21,06:00,C-E,C,Bagmati,E,Kataunjha,52.9,55,58.36,25
2026-06-21,06:00,C-F,C,Bagmati,F,Benibad,46.74,48.68,50.12,28
2026-06-21,06:00,C-G,C,Bagmati,G,Hayaghat,39.56,45.72,48.96,25
2026-06-21,06:00,D-A,D,Burhi Gandak,A,Sikandarpur,45.38,52.53,54.29,0
2026-06-21,06:00,D-B,D,Burhi Gandak,B,Samastipur,39.58,45.73,49.38,33
2026-06-21,06:00,D-C,D,Burhi Gandak,C,Rosara,36.52,42.63,46.56,25
2026-06-21,06:00,D-D,D,Burhi Gandak,D,Khagaria,29.96,36.58,39.22,25
2026-06-21,06:00,E-A,E,Kamla Balan,A,Jainagar,67.1,68.5,71.35,0
2026-06-21,06:00,E-B,E,Kamla Balan,B,Jhanjharpur,49.2,50.5,53.11,100
2026-06-21,06:00,F-A,F,Bhuthi Balan,A,Ekma,68.59,69.5,72.1,0
2026-06-21,06:00,G-A,G,Lalbakeya,A,Gowabari,68.9,71.15,73.86,0
2026-06-21,06:00,H-A,H,Ganga,A,Allahabad,70.73,84.73,88.03,0
2026-06-21,06:00,H-B,H,Ganga,B,Varanasi,58.56,71.26,73.9,67
2026-06-21,06:00,H-C,H,Ganga,C,Buxar,48.97,60.32,62.09,50
2026-06-21,06:00,H-D,H,Ganga,D,Digha,42.82,50.45,52.52,50
2026-06-21,06:00,H-E,H,Ganga,E,Gandhi Ghat,42.37,48.6,50.52,25
2026-06-21,06:00,H-F,H,Ganga,F,Hathidah,34.17,41.76,43.52,50
2026-06-21,06:00,H-G,H,Ganga,G,Munger,30.55,39.33,40.99,25
2026-06-21,06:00,H-H,H,Ganga,H,Bhagalpur,25.63,33.68,34.86,25
2026-06-21,06:00,H-I,H,Ganga,I,Kahalgaon,24.74,31.09,32.87,25
2026-06-21,06:00,H-J,H,Ganga,J,Farakka,14.4,22.25,25.14,25
2026-06-21,06:00,I-A,I,Punpun,A,Sripalpur,44.83,50.6,53.91,0
2026-06-21,06:00,J-A,J,Adhwara,A,Sonbarsa,78.56,81.85,83.75,0
2026-06-21,06:00,J-B,J,Adhwara,B,Sundarpur,58.32,61.7,64.1,108
2026-06-21,06:00,J-C,J,Adhwara,C,Pupri,50.73,55.79,56.95,50
2026-06-21,06:00,K-A,K,Khiroi,A,Kamtaul,46.65,50,53.05,0
2026-06-21,06:00,K-B,K,Khiroi,B,Ekmighat,41.04,46.94,49.52,50
2026-06-21,06:00,L-A,L,Mahananda,A,Taibpur,64.61,66,67.26,0
2026-06-21,06:00,L-B,L,Mahananda,B,Dhangaraghat,35.11,35.65,38.2,50
2026-06-21,06:00,M-A,M,Ghaghra,A,Darauli,56.04,60.82,61.82,0
2026-06-21,06:00,M-B,M,Ghaghra,B,Gangpur Siswan,51.88,57.04,58.26,50
2026-06-21,14:00,A-A,A,Gandak,A,Khada,94.56,96,97.5,0
2026-06-21,14:00,A-B,A,Gandak,B,Chatia,64.95,69.15,70.04,25
2026-06-21,14:00,A-C,A,Gandak,C,Dumaria Ghat,60.25,62.22,64.36,25
2026-06-21,14:00,A-D,A,Gandak,D,Rewa Ghat,50.8,54.41,55.46,25
2026-06-21,14:00,A-E,A,Gandak,E,Hajipur,44.28,50.32,50.93,25
2026-06-21,14:00,B-A,B,Kosi,A,Basua,46.59,47.75,49.24,0
2026-06-21,14:00,B-B,B,Kosi,B,Baltara,32.22,33.85,36.4,25
2026-06-21,14:00,B-C,B,Kosi,C,Kursela,24.68,30,32.1,25
2026-06-21,14:00,C-A,C,Bagmati,A,Dheng,68.98,71,73.47,0
2026-06-21,14:00,C-B,C,Bagmati,B,Sonakhan,67.38,68.8,72.05,25
2026-06-21,14:00,C-C,C,Bagmati,C,Dubadhar,59.48,61.28,63.75,50
2026-06-21,14:00,C-D,C,Bagmati,D,Kansar,56.48,59.06,60.86,25
2026-06-21,14:00,C-E,C,Bagmati,E,Kataunjha,53.2,55,58.36,25
2026-06-21,14:00,C-F,C,Bagmati,F,Benibad,46.9,48.68,50.12,28
2026-06-21,14:00,C-G,C,Bagmati,G,Hayaghat,39.63,45.72,48.96,25
2026-06-21,14:00,D-A,D,Burhi Gandak,A,Sikandarpur,45.37,52.53,54.29,0
2026-06-21,14:00,D-B,D,Burhi Gandak,B,Samastipur,39.58,45.73,49.38,33
2026-06-21,14:00,D-C,D,Burhi Gandak,C,Rosara,36.52,42.63,46.56,25
2026-06-21,14:00,D-D,D,Burhi Gandak,D,Khagaria,29.97,36.58,39.22,25
2026-06-21,14:00,E-A,E,Kamla Balan,A,Jainagar,67.8,68.5,71.35,0
2026-06-21,14:00,E-B,E,Kamla Balan,B,Jhanjharpur,49.2,50.5,53.11,100
2026-06-21,14:00,F-A,F,Bhuthi Balan,A,Ekma,68.9,69.5,72.1,0
2026-06-21,14:00,G-A,G,Lalbakeya,A,Gowabari,68.9,71.15,73.86,0
2026-06-21,14:00,H-A,H,Ganga,A,Allahabad,70.73,84.73,88.03,0
2026-06-21,14:00,H-B,H,Ganga,B,Varanasi,58.56,71.26,73.9,67
2026-06-21,14:00,H-C,H,Ganga,C,Buxar,48.98,60.32,62.09,50
2026-06-21,14:00,H-D,H,Ganga,D,Digha,42.8,50.45,52.52,50
2026-06-21,14:00,H-E,H,Ganga,E,Gandhi Ghat,42.35,48.6,50.52,25
2026-06-21,14:00,H-F,H,Ganga,F,Hathidah,34.17,41.76,43.52,50
2026-06-21,14:00,H-G,H,Ganga,G,Munger,30.54,39.33,40.99,25
2026-06-21,14:00,H-H,H,Ganga,H,Bhagalpur,25.63,33.68,34.86,25
2026-06-21,14:00,H-I,H,Ganga,I,Kahalgaon,24.74,31.09,32.87,25
2026-06-21,14:00,H-J,H,Ganga,J,Farakka,14.82,22.25,25.14,25
2026-06-21,14:00,I-A,I,Punpun,A,Sripalpur,44.83,50.6,53.91,0
2026-06-21,14:00,J-A,J,Adhwara,A,Sonbarsa,78.56,81.85,83.75,0
2026-06-21,14:00,J-B,J,Adhwara,B,Sundarpur,58.32,61.7,64.1,108
2026-06-21,14:00,J-C,J,Adhwara,C,Pupri,50.73,55.79,56.95,50
2026-06-21,14:00,K-A,K,Khiroi,A,Kamtaul,46.65,50,53.05,0
2026-06-21,14:00,K-B,K,Khiroi,B,Ekmighat,41.04,46.94,49.52,50
2026-06-21,14:00,L-A,L,Mahananda,A,Taibpur,64.98,66,67.26,0
2026-06-21,14:00,L-B,L,Mahananda,B,Dhangaraghat,34.89,35.65,38.2,50
2026-06-21,14:00,M-A,M,Ghaghra,A,Darauli,55.97,60.82,61.82,0
2026-06-21,14:00,M-B,M,Ghaghra,B,Gangpur Siswan,51.84,57.04,58.26,50
2026-06-22,06:00,A-A,A,Gandak,A,Khada,94.63,96,97.5,0
2026-06-22,06:00,A-B,A,Gandak,B,Chatia,64.95,69.15,70.04,25
2026-06-22,06:00,A-C,A,Gandak,C,Dumaria Ghat,60.34,62.22,64.36,25
2026-06-22,06:00,A-D,A,Gandak,D,Rewa Ghat,50.8,54.41,55.46,25
2026-06-22,06:00,A-E,A,Gandak,E,Hajipur,44.27,50.32,50.93,25
2026-06-22,06:00,B-A,B,Kosi,A,Basua,46.74,47.75,49.24,0
2026-06-22,06:00,B-B,B,Kosi,B,Baltara,32.48,33.85,36.4,25
2026-06-22,06:00,B-C,B,Kosi,C,Kursela,24.74,30,32.1,25
2026-06-22,06:00,C-A,C,Bagmati,A,Dheng,69.85,71,73.47,0
2026-06-22,06:00,C-B,C,Bagmati,B,Sonakhan,68.25,68.8,72.05,25
2026-06-22,06:00,C-C,C,Bagmati,C,Dubadhar,60.08,61.28,63.75,50
2026-06-22,06:00,C-D,C,Bagmati,D,Kansar,56.89,59.06,60.86,25
2026-06-22,06:00,C-E,C,Bagmati,E,Kataunjha,53.22,55,58.36,25
2026-06-22,06:00,C-F,C,Bagmati,F,Benibad,47.18,48.68,50.12,28
2026-06-22,06:00,C-G,C,Bagmati,G,Hayaghat,39.87,45.72,48.96,25
2026-06-22,06:00,D-A,D,Burhi Gandak,A,Sikandarpur,45.5,52.53,54.29,0
2026-06-22,06:00,D-B,D,Burhi Gandak,B,Samastipur,39.65,45.73,49.38,33
2026-06-22,06:00,D-C,D,Burhi Gandak,C,Rosara,36.52,42.63,46.56,25
2026-06-22,06:00,D-D,D,Burhi Gandak,D,Khagaria,29.99,36.58,39.22,25
2026-06-22,06:00,E-A,E,Kamla Balan,A,Jainagar,67.3,68.5,71.35,0
2026-06-22,06:00,E-B,E,Kamla Balan,B,Jhanjharpur,49.6,50.5,53.11,100
2026-06-22,06:00,F-A,F,Bhuthi Balan,A,Ekma,68.74,69.5,72.1,0
2026-06-22,06:00,G-A,G,Lalbakeya,A,Gowabari,69.4,71.15,73.86,0
2026-06-22,06:00,H-A,H,Ganga,A,Allahabad,70.73,84.73,88.03,0
2026-06-22,06:00,H-B,H,Ganga,B,Varanasi,58.54,71.26,73.9,67
2026-06-22,06:00,H-C,H,Ganga,C,Buxar,48.99,60.32,62.09,50
2026-06-22,06:00,H-D,H,Ganga,D,Digha,42.8,50.45,52.52,50
2026-06-22,06:00,H-E,H,Ganga,E,Gandhi Ghat,42.34,48.6,50.52,25
2026-06-22,06:00,H-F,H,Ganga,F,Hathidah,34.15,41.76,43.52,50
2026-06-22,06:00,H-G,H,Ganga,G,Munger,30.51,39.33,40.99,25
2026-06-22,06:00,H-H,H,Ganga,H,Bhagalpur,25.62,33.68,34.86,25
2026-06-22,06:00,H-I,H,Ganga,I,Kahalgaon,24.7,31.09,32.87,25
2026-06-22,06:00,H-J,H,Ganga,J,Farakka,15.31,22.25,25.14,25
2026-06-22,06:00,I-A,I,Punpun,A,Sripalpur,44.82,50.6,53.91,0
2026-06-22,06:00,J-A,J,Adhwara,A,Sonbarsa,78.74,81.85,83.75,0
2026-06-22,06:00,J-B,J,Adhwara,B,Sundarpur,58.34,61.7,64.1,108
2026-06-22,06:00,J-C,J,Adhwara,C,Pupri,50.73,55.79,56.95,50
2026-06-22,06:00,K-A,K,Khiroi,A,Kamtaul,46.34,50,53.05,0
2026-06-22,06:00,K-B,K,Khiroi,B,Ekmighat,40.97,46.94,49.52,50
2026-06-22,06:00,L-A,L,Mahananda,A,Taibpur,65.33,66,67.26,0
2026-06-22,06:00,L-B,L,Mahananda,B,Dhangaraghat,34.98,35.65,38.2,50
2026-06-22,06:00,M-A,M,Ghaghra,A,Darauli,55.95,60.82,61.82,0
2026-06-22,06:00,M-B,M,Ghaghra,B,Gangpur Siswan,51.76,57.04,58.26,50
2026-06-22,14:00,A-A,A,Gandak,A,Khada,94.53,96,97.5,0
2026-06-22,14:00,A-B,A,Gandak,B,Chatia,64.94,69.15,70.04,25
2026-06-22,14:00,A-C,A,Gandak,C,Dumaria Ghat,60.62,62.22,64.36,25
2026-06-22,14:00,A-D,A,Gandak,D,Rewa Ghat,50.84,54.41,55.46,25
2026-06-22,14:00,A-E,A,Gandak,E,Hajipur,44.31,50.32,50.93,25
2026-06-22,14:00,B-A,B,Kosi,A,Basua,46.73,47.75,49.24,0
2026-06-22,14:00,B-B,B,Kosi,B,Baltara,32.58,33.85,36.4,25
2026-06-22,14:00,B-C,B,Kosi,C,Kursela,24.82,30,32.1,25
2026-06-22,14:00,C-A,C,Bagmati,A,Dheng,69.9,71,73.47,0
2026-06-22,14:00,C-B,C,Bagmati,B,Sonakhan,68.3,68.8,72.05,25
2026-06-22,14:00,C-C,C,Bagmati,C,Dubadhar,60.11,61.28,63.75,50
2026-06-22,14:00,C-D,C,Bagmati,D,Kansar,56.99,59.06,60.86,25
2026-06-22,14:00,C-E,C,Bagmati,E,Kataunjha,53.28,55,58.36,25
2026-06-22,14:00,C-F,C,Bagmati,F,Benibad,47.2,48.68,50.12,28
2026-06-22,14:00,C-G,C,Bagmati,G,Hayaghat,40.01,45.72,48.96,25
2026-06-22,14:00,D-A,D,Burhi Gandak,A,Sikandarpur,45.4,52.53,54.29,0
2026-06-22,14:00,D-B,D,Burhi Gandak,B,Samastipur,39.69,45.73,49.38,33
2026-06-22,14:00,D-C,D,Burhi Gandak,C,Rosara,36.52,42.63,46.56,25
2026-06-22,14:00,D-D,D,Burhi Gandak,D,Khagaria,30,36.58,39.22,25
2026-06-22,14:00,E-A,E,Kamla Balan,A,Jainagar,67.65,68.5,71.35,0
2026-06-22,14:00,E-B,E,Kamla Balan,B,Jhanjharpur,49.59,50.5,53.11,100
2026-06-22,14:00,F-A,F,Bhuthi Balan,A,Ekma,68.74,69.5,72.1,0
2026-06-22,14:00,G-A,G,Lalbakeya,A,Gowabari,69.3,71.15,73.86,0
2026-06-22,14:00,H-A,H,Ganga,A,Allahabad,70.73,84.73,88.03,0
2026-06-22,14:00,H-B,H,Ganga,B,Varanasi,58.54,71.26,73.9,67
2026-06-22,14:00,H-C,H,Ganga,C,Buxar,48.99,60.32,62.09,50
2026-06-22,14:00,H-D,H,Ganga,D,Digha,42.79,50.45,52.52,50
2026-06-22,14:00,H-E,H,Ganga,E,Gandhi Ghat,42.33,48.6,50.52,25
2026-06-22,14:00,H-F,H,Ganga,F,Hathidah,34.14,41.76,43.52,50
2026-06-22,14:00,H-G,H,Ganga,G,Munger,30.5,39.33,40.99,25
2026-06-22,14:00,H-H,H,Ganga,H,Bhagalpur,25.61,33.68,34.86,25
2026-06-22,14:00,H-I,H,Ganga,I,Kahalgaon,24.68,31.09,32.87,25
2026-06-22,14:00,H-J,H,Ganga,J,Farakka,15.46,22.25,25.14,25
2026-06-22,14:00,I-A,I,Punpun,A,Sripalpur,44.82,50.6,53.91,0
2026-06-22,14:00,J-A,J,Adhwara,A,Sonbarsa,78.9,81.85,83.75,0
2026-06-22,14:00,J-B,J,Adhwara,B,Sundarpur,58.34,61.7,64.1,108
2026-06-22,14:00,J-C,J,Adhwara,C,Pupri,50.75,55.79,56.95,50
2026-06-22,14:00,K-A,K,Khiroi,A,Kamtaul,46.65,50,53.05,0
2026-06-22,14:00,K-B,K,Khiroi,B,Ekmighat,41.03,46.94,49.52,50
2026-06-22,14:00,L-A,L,Mahananda,A,Taibpur,64.98,66,67.26,0
2026-06-22,14:00,L-B,L,Mahananda,B,Dhangaraghat,35.26,35.65,38.2,50
2026-06-22,14:00,M-A,M,Ghaghra,A,Darauli,55.95,60.82,61.82,0
2026-06-22,14:00,M-B,M,Ghaghra,B,Gangpur Siswan,51.71,57.04,58.26,50
2026-06-23,06:00,A-A,A,Gandak,A,Khada,94.81,96,97.5,0
2026-06-23,06:00,A-B,A,Gandak,B,Chatia,64.94,69.15,70.04,25
2026-06-23,06:00,A-C,A,Gandak,C,Dumaria Ghat,60.89,62.22,64.36,25
2026-06-23,06:00,A-D,A,Gandak,D,Rewa Ghat,50.98,54.41,55.46,25
2026-06-23,06:00,A-E,A,Gandak,E,Hajipur,44.45,50.32,50.93,25
2026-06-23,06:00,B-A,B,Kosi,A,Basua,46.97,47.75,49.24,0
2026-06-23,06:00,B-B,B,Kosi,B,Baltara,32.71,33.85,36.4,25
2026-06-23,06:00,B-C,B,Kosi,C,Kursela,24.98,30,32.1,25
2026-06-23,06:00,C-A,C,Bagmati,A,Dheng,69.8,71,73.47,0
2026-06-23,06:00,C-B,C,Bagmati,B,Sonakhan,68.2,68.8,72.05,25
2026-06-23,06:00,C-C,C,Bagmati,C,Dubadhar,60.36,61.28,63.75,50
2026-06-23,06:00,C-D,C,Bagmati,D,Kansar,57.45,59.06,60.86,25
2026-06-23,06:00,C-E,C,Bagmati,E,Kataunjha,53.75,55,58.36,25
2026-06-23,06:00,C-F,C,Bagmati,F,Benibad,48.24,48.68,50.12,28
2026-06-23,06:00,C-G,C,Bagmati,G,Hayaghat,40.34,45.72,48.96,25
2026-06-23,06:00,D-A,D,Burhi Gandak,A,Sikandarpur,45.4,52.53,54.29,0
2026-06-23,06:00,D-B,D,Burhi Gandak,B,Samastipur,39.75,45.73,49.38,33
2026-06-23,06:00,D-C,D,Burhi Gandak,C,Rosara,36.52,42.63,46.56,25
2026-06-23,06:00,D-D,D,Burhi Gandak,D,Khagaria,30.01,36.58,39.22,25
2026-06-23,06:00,E-A,E,Kamla Balan,A,Jainagar,67.35,68.5,71.35,0
2026-06-23,06:00,E-B,E,Kamla Balan,B,Jhanjharpur,49.9,50.5,53.11,100
2026-06-23,06:00,F-A,F,Bhuthi Balan,A,Ekma,68.59,69.5,72.1,0
2026-06-23,06:00,G-A,G,Lalbakeya,A,Gowabari,69.45,71.15,73.86,0
2026-06-23,06:00,H-A,H,Ganga,A,Allahabad,70.72,84.73,88.03,0
2026-06-23,06:00,H-B,H,Ganga,B,Varanasi,58.49,71.26,73.9,67
2026-06-23,06:00,H-C,H,Ganga,C,Buxar,48.99,60.32,62.09,50
2026-06-23,06:00,H-D,H,Ganga,D,Digha,42.78,50.45,52.52,50
2026-06-23,06:00,H-E,H,Ganga,E,Gandhi Ghat,42.39,48.6,50.52,25
2026-06-23,06:00,H-F,H,Ganga,F,Hathidah,34.13,41.76,43.52,50
2026-06-23,06:00,H-G,H,Ganga,G,Munger,30.47,39.33,40.99,25
2026-06-23,06:00,H-H,H,Ganga,H,Bhagalpur,25.6,33.68,34.86,25
2026-06-23,06:00,H-I,H,Ganga,I,Kahalgaon,24.71,31.09,32.87,25
2026-06-23,06:00,H-J,H,Ganga,J,Farakka,15.47,22.25,25.14,25
2026-06-23,06:00,I-A,I,Punpun,A,Sripalpur,44.81,50.6,53.91,0
2026-06-23,06:00,J-A,J,Adhwara,A,Sonbarsa,78.8,81.85,83.75,0
2026-06-23,06:00,J-B,J,Adhwara,B,Sundarpur,58.36,61.7,64.1,108
2026-06-23,06:00,J-C,J,Adhwara,C,Pupri,50.78,55.79,56.95,50
2026-06-23,06:00,K-A,K,Khiroi,A,Kamtaul,46.69,50,53.05,0
2026-06-23,06:00,K-B,K,Khiroi,B,Ekmighat,41.17,46.94,49.52,50
2026-06-23,06:00,L-A,L,Mahananda,A,Taibpur,64.66,66,67.26,0
2026-06-23,06:00,L-B,L,Mahananda,B,Dhangaraghat,34.9,35.65,38.2,50
2026-06-23,06:00,M-A,M,Ghaghra,A,Darauli,55.94,60.82,61.82,0
2026-06-23,06:00,M-B,M,Ghaghra,B,Gangpur Siswan,51.71,57.04,58.26,50
2026-06-23,14:00,A-A,A,Gandak,A,Khada,94.7,96,97.5,0
2026-06-23,14:00,A-B,A,Gandak,B,Chatia,64.98,69.15,70.04,25
2026-06-23,14:00,A-C,A,Gandak,C,Dumaria Ghat,61.1,62.22,64.36,25
2026-06-23,14:00,A-D,A,Gandak,D,Rewa Ghat,51.25,54.41,55.46,25
2026-06-23,14:00,A-E,A,Gandak,E,Hajipur,44.75,50.32,50.93,25
2026-06-23,14:00,B-A,B,Kosi,A,Basua,46.9,47.75,49.24,0
2026-06-23,14:00,B-B,B,Kosi,B,Baltara,32.92,33.85,36.4,25
2026-06-23,14:00,B-C,B,Kosi,C,Kursela,25.06,30,32.1,25
2026-06-23,14:00,C-A,C,Bagmati,A,Dheng,69.6,71,73.47,0
2026-06-23,14:00,C-B,C,Bagmati,B,Sonakhan,68,68.8,72.05,25
2026-06-23,14:00,C-C,C,Bagmati,C,Dubadhar,60.21,61.28,63.75,50
2026-06-23,14:00,C-D,C,Bagmati,D,Kansar,57.25,59.06,60.86,25
2026-06-23,14:00,C-E,C,Bagmati,E,Kataunjha,53.8,55,58.36,25
2026-06-23,14:00,C-F,C,Bagmati,F,Benibad,48.34,48.68,50.12,28
2026-06-23,14:00,C-G,C,Bagmati,G,Hayaghat,40.62,45.72,48.96,25
2026-06-23,14:00,D-A,D,Burhi Gandak,A,Sikandarpur,45.41,52.53,54.29,0
2026-06-23,14:00,D-B,D,Burhi Gandak,B,Samastipur,39.79,45.73,49.38,33
2026-06-23,14:00,D-C,D,Burhi Gandak,C,Rosara,36.52,42.63,46.56,25
2026-06-23,14:00,D-D,D,Burhi Gandak,D,Khagaria,30.01,36.58,39.22,25
2026-06-23,14:00,E-A,E,Kamla Balan,A,Jainagar,67.3,68.5,71.35,0
2026-06-23,14:00,E-B,E,Kamla Balan,B,Jhanjharpur,49.7,50.5,53.11,100
2026-06-23,14:00,F-A,F,Bhuthi Balan,A,Ekma,68.59,69.5,72.1,0
2026-06-23,14:00,G-A,G,Lalbakeya,A,Gowabari,69.4,71.15,73.86,0
2026-06-23,14:00,H-A,H,Ganga,A,Allahabad,70.71,84.73,88.03,0
2026-06-23,14:00,H-B,H,Ganga,B,Varanasi,58.47,71.26,73.9,67
2026-06-23,14:00,H-C,H,Ganga,C,Buxar,48.99,60.32,62.09,50
2026-06-23,14:00,H-D,H,Ganga,D,Digha,42.88,50.45,52.52,50
2026-06-23,14:00,H-E,H,Ganga,E,Gandhi Ghat,42.51,48.6,50.52,25
2026-06-23,14:00,H-F,H,Ganga,F,Hathidah,34.12,41.76,43.52,50
2026-06-23,14:00,H-G,H,Ganga,G,Munger,30.46,39.33,40.99,25
2026-06-23,14:00,H-H,H,Ganga,H,Bhagalpur,25.6,33.68,34.86,25
2026-06-23,14:00,H-I,H,Ganga,I,Kahalgaon,24.73,31.09,32.87,25
2026-06-23,14:00,H-J,H,Ganga,J,Farakka,15.3,22.25,25.14,25
2026-06-23,14:00,I-A,I,Punpun,A,Sripalpur,44.81,50.6,53.91,0
2026-06-23,14:00,J-A,J,Adhwara,A,Sonbarsa,78.7,81.85,83.75,0
2026-06-23,14:00,J-B,J,Adhwara,B,Sundarpur,58.45,61.7,64.1,108
2026-06-23,14:00,J-C,J,Adhwara,C,Pupri,50.8,55.79,56.95,50
2026-06-23,14:00,K-A,K,Khiroi,A,Kamtaul,46.71,50,53.05,0
2026-06-23,14:00,K-B,K,Khiroi,B,Ekmighat,41.42,46.94,49.52,50
2026-06-23,14:00,L-A,L,Mahananda,A,Taibpur,64.72,66,67.26,0
2026-06-23,14:00,L-B,L,Mahananda,B,Dhangaraghat,34.9,35.65,38.2,50
2026-06-23,14:00,M-A,M,Ghaghra,A,Darauli,55.94,60.82,61.82,0
2026-06-23,14:00,M-B,M,Ghaghra,B,Gangpur Siswan,51.67,57.04,58.26,50
2026-06-24,06:00,A-A,A,Gandak,A,Khada,94.71,96,97.5,0
2026-06-24,06:00,A-B,A,Gandak,B,Chatia,64.98,69.15,70.04,25
2026-06-24,06:00,A-C,A,Gandak,C,Dumaria Ghat,61.2,62.22,64.36,25
2026-06-24,06:00,A-D,A,Gandak,D,Rewa Ghat,51.46,54.41,55.46,25
2026-06-24,06:00,A-E,A,Gandak,E,Hajipur,44.97,50.32,50.93,25
2026-06-24,06:00,B-A,B,Kosi,A,Basua,46.66,47.75,49.24,0
2026-06-24,06:00,B-B,B,Kosi,B,Baltara,33.48,33.85,36.4,25
2026-06-24,06:00,B-C,B,Kosi,C,Kursela,25.22,30,32.1,25
2026-06-24,06:00,C-A,C,Bagmati,A,Dheng,69.23,71,73.47,0
2026-06-24,06:00,C-B,C,Bagmati,B,Sonakhan,67.63,68.8,72.05,25
2026-06-24,06:00,C-C,C,Bagmati,C,Dubadhar,59.71,61.28,63.75,50
2026-06-24,06:00,C-D,C,Bagmati,D,Kansar,56.8,59.06,60.86,25
2026-06-24,06:00,C-E,C,Bagmati,E,Kataunjha,53.4,55,58.36,25
2026-06-24,06:00,C-F,C,Bagmati,F,Benibad,48.82,48.68,50.12,28
2026-06-24,06:00,C-G,C,Bagmati,G,Hayaghat,41.11,45.72,48.96,25
2026-06-24,06:00,D-A,D,Burhi Gandak,A,Sikandarpur,45.41,52.53,54.29,0
2026-06-24,06:00,D-B,D,Burhi Gandak,B,Samastipur,39.84,45.73,49.38,33
2026-06-24,06:00,D-C,D,Burhi Gandak,C,Rosara,36.52,42.63,46.56,25
2026-06-24,06:00,D-D,D,Burhi Gandak,D,Khagaria,30.02,36.58,39.22,25
2026-06-24,06:00,E-A,E,Kamla Balan,A,Jainagar,67.25,68.5,71.35,0
2026-06-24,06:00,E-B,E,Kamla Balan,B,Jhanjharpur,49.45,50.5,53.11,100
2026-06-24,06:00,F-A,F,Bhuthi Balan,A,Ekma,68.59,69.5,72.1,0
2026-06-24,06:00,G-A,G,Lalbakeya,A,Gowabari,69.2,71.15,73.86,0
2026-06-24,06:00,H-A,H,Ganga,A,Allahabad,70.71,84.73,88.03,0
2026-06-24,06:00,H-B,H,Ganga,B,Varanasi,58.47,71.26,73.9,67
2026-06-24,06:00,H-C,H,Ganga,C,Buxar,48.99,60.32,62.09,50
2026-06-24,06:00,H-D,H,Ganga,D,Digha,42.92,50.45,52.52,50
2026-06-24,06:00,H-E,H,Ganga,E,Gandhi Ghat,42.7,48.6,50.52,25
2026-06-24,06:00,H-F,H,Ganga,F,Hathidah,34.16,41.76,43.52,50
2026-06-24,06:00,H-G,H,Ganga,G,Munger,30.43,39.33,40.99,25
2026-06-24,06:00,H-H,H,Ganga,H,Bhagalpur,25.6,33.68,34.86,25
2026-06-24,06:00,H-I,H,Ganga,I,Kahalgaon,24.76,31.09,32.87,25
2026-06-24,06:00,H-J,H,Ganga,J,Farakka,15.3,22.25,25.14,25
2026-06-24,06:00,I-A,I,Punpun,A,Sripalpur,44.82,50.6,53.91,0
2026-06-24,06:00,J-A,J,Adhwara,A,Sonbarsa,78.66,81.85,83.75,0
2026-06-24,06:00,J-B,J,Adhwara,B,Sundarpur,58.45,61.7,64.1,108
2026-06-24,06:00,J-C,J,Adhwara,C,Pupri,50.85,55.79,56.95,50
2026-06-24,06:00,K-A,K,Khiroi,A,Kamtaul,46.71,50,53.05,0
2026-06-24,06:00,K-B,K,Khiroi,B,Ekmighat,42.12,46.94,49.52,50
2026-06-24,06:00,L-A,L,Mahananda,A,Taibpur,65.2,66,67.26,0
2026-06-24,06:00,L-B,L,Mahananda,B,Dhangaraghat,34.86,35.65,38.2,50
2026-06-24,06:00,M-A,M,Ghaghra,A,Darauli,55.94,60.82,61.82,0
2026-06-24,06:00,M-B,M,Ghaghra,B,Gangpur Siswan,51.66,57.04,58.26,50
2026-06-24,14:00,A-A,A,Gandak,A,Khada,94.49,96,97.5,0
2026-06-24,14:00,A-B,A,Gandak,B,Chatia,64.98,69.15,70.04,25
2026-06-24,14:00,A-C,A,Gandak,C,Dumaria Ghat,61.3,62.22,64.36,25
2026-06-24,14:00,A-D,A,Gandak,D,Rewa Ghat,51.54,54.41,55.46,25
2026-06-24,14:00,A-E,A,Gandak,E,Hajipur,44.94,50.32,50.93,25
2026-06-24,14:00,B-A,B,Kosi,A,Basua,46.64,47.75,49.24,0
2026-06-24,14:00,B-B,B,Kosi,B,Baltara,33.35,33.85,36.4,25
2026-06-24,14:00,B-C,B,Kosi,C,Kursela,25.48,30,32.1,25
2026-06-24,14:00,C-A,C,Bagmati,A,Dheng,69.12,71,73.47,0
2026-06-24,14:00,C-B,C,Bagmati,B,Sonakhan,67.52,68.8,72.05,25
2026-06-24,14:00,C-C,C,Bagmati,C,Dubadhar,59.57,61.28,63.75,50
2026-06-24,14:00,C-D,C,Bagmati,D,Kansar,56.61,59.06,60.86,25
2026-06-24,14:00,C-E,C,Bagmati,E,Kataunjha,53.25,55,58.36,25
2026-06-24,14:00,C-F,C,Bagmati,F,Benibad,48.59,48.68,50.12,28
2026-06-24,14:00,C-G,C,Bagmati,G,Hayaghat,41.23,45.72,48.96,25
2026-06-24,14:00,D-A,D,Burhi Gandak,A,Sikandarpur,45.41,52.53,54.29,0
2026-06-24,14:00,D-B,D,Burhi Gandak,B,Samastipur,39.84,45.73,49.38,33
2026-06-24,14:00,D-C,D,Burhi Gandak,C,Rosara,36.52,42.63,46.56,25
2026-06-24,14:00,D-D,D,Burhi Gandak,D,Khagaria,30.03,36.58,39.22,25
2026-06-24,14:00,E-A,E,Kamla Balan,A,Jainagar,67.3,68.5,71.35,0
2026-06-24,14:00,E-B,E,Kamla Balan,B,Jhanjharpur,49.45,50.5,53.11,100
2026-06-24,14:00,F-A,F,Bhuthi Balan,A,Ekma,68.59,69.5,72.1,0
2026-06-24,14:00,G-A,G,Lalbakeya,A,Gowabari,69.15,71.15,73.86,0
2026-06-24,14:00,H-A,H,Ganga,A,Allahabad,70.71,84.73,88.03,0
2026-06-24,14:00,H-B,H,Ganga,B,Varanasi,58.47,71.26,73.9,67
2026-06-24,14:00,H-C,H,Ganga,C,Buxar,48.99,60.32,62.09,50
2026-06-24,14:00,H-D,H,Ganga,D,Digha,43,50.45,52.52,50
2026-06-24,14:00,H-E,H,Ganga,E,Gandhi Ghat,42.76,48.6,50.52,25
2026-06-24,14:00,H-F,H,Ganga,F,Hathidah,34.27,41.76,43.52,50
2026-06-24,14:00,H-G,H,Ganga,G,Munger,30.42,39.33,40.99,25
2026-06-24,14:00,H-H,H,Ganga,H,Bhagalpur,25.64,33.68,34.86,25
2026-06-24,14:00,H-I,H,Ganga,I,Kahalgaon,24.84,31.09,32.87,25
2026-06-24,14:00,H-J,H,Ganga,J,Farakka,15.35,22.25,25.14,25
2026-06-24,14:00,I-A,I,Punpun,A,Sripalpur,44.82,50.6,53.91,0
2026-06-24,14:00,J-A,J,Adhwara,A,Sonbarsa,78.66,81.85,83.75,0
2026-06-24,14:00,J-B,J,Adhwara,B,Sundarpur,58.45,61.7,64.1,108
2026-06-24,14:00,J-C,J,Adhwara,C,Pupri,50.85,55.79,56.95,50
2026-06-24,14:00,K-A,K,Khiroi,A,Kamtaul,46.71,50,53.05,0
2026-06-24,14:00,K-B,K,Khiroi,B,Ekmighat,42.05,46.94,49.52,50
2026-06-24,14:00,L-A,L,Mahananda,A,Taibpur,64.84,66,67.26,0
2026-06-24,14:00,L-B,L,Mahananda,B,Dhangaraghat,34.71,35.65,38.2,50
2026-06-24,14:00,M-A,M,Ghaghra,A,Darauli,55.93,60.82,61.82,0
2026-06-24,14:00,M-B,M,Ghaghra,B,Gangpur Siswan,51.64,57.04,58.26,50
2026-06-25,06:00,A-A,A,Gandak,A,Khada,94.45,96,97.5,0
2026-06-25,06:00,A-B,A,Gandak,B,Chatia,65,69.15,70.04,25
2026-06-25,06:00,A-C,A,Gandak,C,Dumaria Ghat,61.4,62.22,64.36,25
2026-06-25,06:00,A-D,A,Gandak,D,Rewa Ghat,51.66,54.41,55.46,25
2026-06-25,06:00,A-E,A,Gandak,E,Hajipur,44.98,50.32,50.93,25
2026-06-25,06:00,B-A,B,Kosi,A,Basua,46.58,47.75,49.24,0
2026-06-25,06:00,B-B,B,Kosi,B,Baltara,33.15,33.85,36.4,25
2026-06-25,06:00,B-C,B,Kosi,C,Kursela,25.46,30,32.1,25
2026-06-25,06:00,C-A,C,Bagmati,A,Dheng,69.02,71,73.47,0
2026-06-25,06:00,C-B,C,Bagmati,B,Sonakhan,67.42,68.8,72.05,25
2026-06-25,06:00,C-C,C,Bagmati,C,Dubadhar,59.2,61.28,63.75,50
2026-06-25,06:00,C-D,C,Bagmati,D,Kansar,56.4,59.06,60.86,25
2026-06-25,06:00,C-E,C,Bagmati,E,Kataunjha,53,55,58.36,25
2026-06-25,06:00,C-F,C,Bagmati,F,Benibad,47.66,48.68,50.12,28
2026-06-25,06:00,C-G,C,Bagmati,G,Hayaghat,41.15,45.72,48.96,25
2026-06-25,06:00,D-A,D,Burhi Gandak,A,Sikandarpur,45.4,52.53,54.29,0
2026-06-25,06:00,D-B,D,Burhi Gandak,B,Samastipur,39.84,45.73,49.38,33
2026-06-25,06:00,D-C,D,Burhi Gandak,C,Rosara,36.52,42.63,46.56,25
2026-06-25,06:00,D-D,D,Burhi Gandak,D,Khagaria,30.02,36.58,39.22,25
2026-06-25,06:00,E-A,E,Kamla Balan,A,Jainagar,67.2,68.5,71.35,0
2026-06-25,06:00,E-B,E,Kamla Balan,B,Jhanjharpur,49.38,50.5,53.11,100
2026-06-25,06:00,F-A,F,Bhuthi Balan,A,Ekma,68.59,69.5,72.1,0
2026-06-25,06:00,G-A,G,Lalbakeya,A,Gowabari,69,71.15,73.86,0
2026-06-25,06:00,H-A,H,Ganga,A,Allahabad,70.73,84.73,88.03,0
2026-06-25,06:00,H-B,H,Ganga,B,Varanasi,58.49,71.26,73.9,67
2026-06-25,06:00,H-C,H,Ganga,C,Buxar,48.99,60.32,62.09,50
2026-06-25,06:00,H-D,H,Ganga,D,Digha,43.1,50.45,52.52,50
2026-06-25,06:00,H-E,H,Ganga,E,Gandhi Ghat,42.87,48.6,50.52,25
2026-06-25,06:00,H-F,H,Ganga,F,Hathidah,34.41,41.76,43.52,50
2026-06-25,06:00,H-G,H,Ganga,G,Munger,30.43,39.33,40.99,25
2026-06-25,06:00,H-H,H,Ganga,H,Bhagalpur,25.76,33.68,34.86,25
2026-06-25,06:00,H-I,H,Ganga,I,Kahalgaon,25.28,31.09,32.87,25
2026-06-25,06:00,H-J,H,Ganga,J,Farakka,15.7,22.25,25.14,25
2026-06-25,06:00,I-A,I,Punpun,A,Sripalpur,44.83,50.6,53.91,0
2026-06-25,06:00,J-A,J,Adhwara,A,Sonbarsa,78.64,81.85,83.75,0
2026-06-25,06:00,J-B,J,Adhwara,B,Sundarpur,58.47,61.7,64.1,108
2026-06-25,06:00,J-C,J,Adhwara,C,Pupri,50.85,55.79,56.95,50
2026-06-25,06:00,K-A,K,Khiroi,A,Kamtaul,46.7,50,53.05,0
2026-06-25,06:00,K-B,K,Khiroi,B,Ekmighat,41.94,46.94,49.52,50
2026-06-25,06:00,L-A,L,Mahananda,A,Taibpur,64.7,66,67.26,0
2026-06-25,06:00,L-B,L,Mahananda,B,Dhangaraghat,34.83,35.65,38.2,50
2026-06-25,06:00,M-A,M,Ghaghra,A,Darauli,55.93,60.82,61.82,0
2026-06-25,06:00,M-B,M,Ghaghra,B,Gangpur Siswan,51.59,57.04,58.26,50
2026-06-25,14:00,A-A,A,Gandak,A,Khada,94.28,96,97.5,0
2026-06-25,14:00,A-B,A,Gandak,B,Chatia,65.08,69.15,70.04,25
2026-06-25,14:00,A-C,A,Gandak,C,Dumaria Ghat,61.41,62.22,64.36,25
2026-06-25,14:00,A-D,A,Gandak,D,Rewa Ghat,51.74,54.41,55.46,25
2026-06-25,14:00,A-E,A,Gandak,E,Hajipur,45.08,50.32,50.93,25
2026-06-25,14:00,B-A,B,Kosi,A,Basua,46.55,47.75,49.24,0
2026-06-25,14:00,B-B,B,Kosi,B,Baltara,33,33.85,36.4,25
2026-06-25,14:00,B-C,B,Kosi,C,Kursela,25.34,30,32.1,25
2026-06-25,14:00,C-A,C,Bagmati,A,Dheng,68.93,71,73.47,0
2026-06-25,14:00,C-B,C,Bagmati,B,Sonakhan,67.33,68.8,72.05,25
2026-06-25,14:00,C-C,C,Bagmati,C,Dubadhar,59.19,61.28,63.75,50
2026-06-25,14:00,C-D,C,Bagmati,D,Kansar,56.38,59.06,60.86,25
2026-06-25,14:00,C-E,C,Bagmati,E,Kataunjha,52.98,55,58.36,25
2026-06-25,14:00,C-F,C,Bagmati,F,Benibad,47.38,48.68,50.12,28
2026-06-25,14:00,C-G,C,Bagmati,G,Hayaghat,40.91,45.72,48.96,25
2026-06-25,14:00,D-A,D,Burhi Gandak,A,Sikandarpur,45.4,52.53,54.29,0
2026-06-25,14:00,D-B,D,Burhi Gandak,B,Samastipur,39.84,45.73,49.38,33
2026-06-25,14:00,D-C,D,Burhi Gandak,C,Rosara,36.52,42.63,46.56,25
2026-06-25,14:00,D-D,D,Burhi Gandak,D,Khagaria,30.02,36.58,39.22,25
2026-06-25,14:00,E-A,E,Kamla Balan,A,Jainagar,67.2,68.5,71.35,0
2026-06-25,14:00,E-B,E,Kamla Balan,B,Jhanjharpur,49.38,50.5,53.11,100
2026-06-25,14:00,F-A,F,Bhuthi Balan,A,Ekma,68.59,69.5,72.1,0
2026-06-25,14:00,G-A,G,Lalbakeya,A,Gowabari,69,71.15,73.86,0
2026-06-25,14:00,H-A,H,Ganga,A,Allahabad,70.74,84.73,88.03,0
2026-06-25,14:00,H-B,H,Ganga,B,Varanasi,58.49,71.26,73.9,67
2026-06-25,14:00,H-C,H,Ganga,C,Buxar,48.96,60.32,62.09,50
2026-06-25,14:00,H-D,H,Ganga,D,Digha,43.14,50.45,52.52,50
2026-06-25,14:00,H-E,H,Ganga,E,Gandhi Ghat,42.93,48.6,50.52,25
2026-06-25,14:00,H-F,H,Ganga,F,Hathidah,34.45,41.76,43.52,50
2026-06-25,14:00,H-G,H,Ganga,G,Munger,30.45,39.33,40.99,25
2026-06-25,14:00,H-H,H,Ganga,H,Bhagalpur,25.76,33.68,34.86,25
2026-06-25,14:00,H-I,H,Ganga,I,Kahalgaon,25.48,31.09,32.87,25
2026-06-25,14:00,H-J,H,Ganga,J,Farakka,15.83,22.25,25.14,25
2026-06-25,14:00,I-A,I,Punpun,A,Sripalpur,44.82,50.6,53.91,0
2026-06-25,14:00,J-A,J,Adhwara,A,Sonbarsa,78.64,81.85,83.75,0
2026-06-25,14:00,J-B,J,Adhwara,B,Sundarpur,58.47,61.7,64.1,108
2026-06-25,14:00,J-C,J,Adhwara,C,Pupri,50.85,55.79,56.95,50
2026-06-25,14:00,K-A,K,Khiroi,A,Kamtaul,46.7,50,53.05,0
2026-06-25,14:00,K-B,K,Khiroi,B,Ekmighat,41.88,46.94,49.52,50
2026-06-25,14:00,L-A,L,Mahananda,A,Taibpur,64.62,66,67.26,0
2026-06-25,14:00,L-B,L,Mahananda,B,Dhangaraghat,34.8,35.65,38.2,50
2026-06-25,14:00,M-A,M,Ghaghra,A,Darauli,55.85,60.82,61.82,0
2026-06-25,14:00,M-B,M,Ghaghra,B,Gangpur Siswan,51.58,57.04,58.26,50
2026-06-26,06:00,A-A,A,Gandak,A,Khada,94.29,96,97.5,0
2026-06-26,06:00,A-B,A,Gandak,B,Chatia,65.17,69.15,70.04,25
2026-06-26,06:00,A-C,A,Gandak,C,Dumaria Ghat,61.35,62.22,64.36,25
2026-06-26,06:00,A-D,A,Gandak,D,Rewa Ghat,51.82,54.41,55.46,25
2026-06-26,06:00,A-E,A,Gandak,E,Hajipur,45.12,50.32,50.93,25
2026-06-26,06:00,B-A,B,Kosi,A,Basua,46.49,47.75,49.24,0
2026-06-26,06:00,B-B,B,Kosi,B,Baltara,32.84,33.85,36.4,25
2026-06-26,06:00,B-C,B,Kosi,C,Kursela,25.16,30,32.1,25
2026-06-26,06:00,C-A,C,Bagmati,A,Dheng,68.9,71,73.47,0
2026-06-26,06:00,C-B,C,Bagmati,B,Sonakhan,67.3,68.8,72.05,25
2026-06-26,06:00,C-C,C,Bagmati,C,Dubadhar,59.23,61.28,63.75,50
2026-06-26,06:00,C-D,C,Bagmati,D,Kansar,56.25,59.06,60.86,25
2026-06-26,06:00,C-E,C,Bagmati,E,Kataunjha,52.9,55,58.36,25
2026-06-26,06:00,C-F,C,Bagmati,F,Benibad,46.9,48.68,50.12,28
2026-06-26,06:00,C-G,C,Bagmati,G,Hayaghat,40.43,45.72,48.96,25
2026-06-26,06:00,D-A,D,Burhi Gandak,A,Sikandarpur,45.4,52.53,54.29,0
2026-06-26,06:00,D-B,D,Burhi Gandak,B,Samastipur,39.84,45.73,49.38,33
2026-06-26,06:00,D-C,D,Burhi Gandak,C,Rosara,36.49,42.63,46.56,25
2026-06-26,06:00,D-D,D,Burhi Gandak,D,Khagaria,30.02,36.58,39.22,25
2026-06-26,06:00,E-A,E,Kamla Balan,A,Jainagar,67.3,68.5,71.35,0
2026-06-26,06:00,E-B,E,Kamla Balan,B,Jhanjharpur,49.32,50.5,53.11,100
2026-06-26,06:00,F-A,F,Bhuthi Balan,A,Ekma,68.59,69.5,72.1,0
2026-06-26,06:00,G-A,G,Lalbakeya,A,Gowabari,69.15,71.15,73.86,0
2026-06-26,06:00,H-A,H,Ganga,A,Allahabad,70.75,84.73,88.03,0
2026-06-26,06:00,H-B,H,Ganga,B,Varanasi,58.48,71.26,73.9,67
2026-06-26,06:00,H-C,H,Ganga,C,Buxar,48.65,60.32,62.09,50
2026-06-26,06:00,H-D,H,Ganga,D,Digha,43.22,50.45,52.52,50
2026-06-26,06:00,H-E,H,Ganga,E,Gandhi Ghat,42.98,48.6,50.52,25
2026-06-26,06:00,H-F,H,Ganga,F,Hathidah,34.52,41.76,43.52,50
2026-06-26,06:00,H-G,H,Ganga,G,Munger,30.49,39.33,40.99,25
2026-06-26,06:00,H-H,H,Ganga,H,Bhagalpur,25.77,33.68,34.86,25
2026-06-26,06:00,H-I,H,Ganga,I,Kahalgaon,25.55,31.09,32.87,25
2026-06-26,06:00,H-J,H,Ganga,J,Farakka,15.95,22.25,25.14,25
2026-06-26,06:00,I-A,I,Punpun,A,Sripalpur,44.82,50.6,53.91,0
2026-06-26,06:00,J-A,J,Adhwara,A,Sonbarsa,78.64,81.85,83.75,0
2026-06-26,06:00,J-B,J,Adhwara,B,Sundarpur,58.48,61.7,64.1,108
2026-06-26,06:00,J-C,J,Adhwara,C,Pupri,50.83,55.79,56.95,50
2026-06-26,06:00,K-A,K,Khiroi,A,Kamtaul,46.69,50,53.05,0
2026-06-26,06:00,K-B,K,Khiroi,B,Ekmighat,41.79,46.94,49.52,50
2026-06-26,06:00,L-A,L,Mahananda,A,Taibpur,65.62,66,67.26,0
2026-06-26,06:00,L-B,L,Mahananda,B,Dhangaraghat,34.73,35.65,38.2,50
2026-06-26,06:00,M-A,M,Ghaghra,A,Darauli,55.8,60.82,61.82,0
2026-06-26,06:00,M-B,M,Ghaghra,B,Gangpur Siswan,51.55,57.04,58.26,50
2026-06-26,14:00,A-A,A,Gandak,A,Khada,94.37,96,97.5,0
2026-06-26,14:00,A-B,A,Gandak,B,Chatia,65.21,69.15,70.04,25
2026-06-26,14:00,A-C,A,Gandak,C,Dumaria Ghat,61.25,62.22,64.36,25
2026-06-26,14:00,A-D,A,Gandak,D,Rewa Ghat,51.82,54.41,55.46,25
2026-06-26,14:00,A-E,A,Gandak,E,Hajipur,45.12,50.32,50.93,25
2026-06-26,14:00,B-A,B,Kosi,A,Basua,46.52,47.75,49.24,0
2026-06-26,14:00,B-B,B,Kosi,B,Baltara,32.76,33.85,36.4,25
2026-06-26,14:00,B-C,B,Kosi,C,Kursela,25.2,30,32.1,25
2026-06-26,14:00,C-A,C,Bagmati,A,Dheng,69.12,71,73.47,0
2026-06-26,14:00,C-B,C,Bagmati,B,Sonakhan,67.5,68.8,72.05,25
2026-06-26,14:00,C-C,C,Bagmati,C,Dubadhar,59.36,61.28,63.75,50
2026-06-26,14:00,C-D,C,Bagmati,D,Kansar,56.22,59.06,60.86,25
2026-06-26,14:00,C-E,C,Bagmati,E,Kataunjha,52.85,55,58.36,25
2026-06-26,14:00,C-F,C,Bagmati,F,Benibad,46.82,48.68,50.12,28
2026-06-26,14:00,C-G,C,Bagmati,G,Hayaghat,40.23,45.72,48.96,25
2026-06-26,14:00,D-A,D,Burhi Gandak,A,Sikandarpur,45.41,52.53,54.29,0
2026-06-26,14:00,D-B,D,Burhi Gandak,B,Samastipur,39.84,45.73,49.38,33
2026-06-26,14:00,D-C,D,Burhi Gandak,C,Rosara,36.49,42.63,46.56,25
2026-06-26,14:00,D-D,D,Burhi Gandak,D,Khagaria,30.02,36.58,39.22,25
2026-06-26,14:00,E-A,E,Kamla Balan,A,Jainagar,67.25,68.5,71.35,0
2026-06-26,14:00,E-B,E,Kamla Balan,B,Jhanjharpur,49.32,50.5,53.11,100
2026-06-26,14:00,F-A,F,Bhuthi Balan,A,Ekma,68.59,69.5,72.1,0
2026-06-26,14:00,G-A,G,Lalbakeya,A,Gowabari,69.2,71.15,73.86,0
2026-06-26,14:00,H-A,H,Ganga,A,Allahabad,70.75,84.73,88.03,0
2026-06-26,14:00,H-B,H,Ganga,B,Varanasi,58.47,71.26,73.9,67
2026-06-26,14:00,H-C,H,Ganga,C,Buxar,48.95,60.32,62.09,50
2026-06-26,14:00,H-D,H,Ganga,D,Digha,43.23,50.45,52.52,50
2026-06-26,14:00,H-E,H,Ganga,E,Gandhi Ghat,42.98,48.6,50.52,25
2026-06-26,14:00,H-F,H,Ganga,F,Hathidah,34.56,41.76,43.52,50
2026-06-26,14:00,H-G,H,Ganga,G,Munger,30.52,39.33,40.99,25
2026-06-26,14:00,H-H,H,Ganga,H,Bhagalpur,25.77,33.68,34.86,25
2026-06-26,14:00,H-I,H,Ganga,I,Kahalgaon,25.55,31.09,32.87,25
2026-06-26,14:00,H-J,H,Ganga,J,Farakka,15.98,22.25,25.14,25
2026-06-26,14:00,I-A,I,Punpun,A,Sripalpur,44.81,50.6,53.91,0
2026-06-26,14:00,J-A,J,Adhwara,A,Sonbarsa,79.6,81.85,83.75,0
2026-06-26,14:00,J-B,J,Adhwara,B,Sundarpur,58.48,61.7,64.1,108
2026-06-26,14:00,J-C,J,Adhwara,C,Pupri,50.83,55.79,56.95,50
2026-06-26,14:00,K-A,K,Khiroi,A,Kamtaul,46.69,50,53.05,0
2026-06-26,14:00,K-B,K,Khiroi,B,Ekmighat,41.76,46.94,49.52,50
2026-06-26,14:00,L-A,L,Mahananda,A,Taibpur,64.52,66,67.26,0
2026-06-26,14:00,L-B,L,Mahananda,B,Dhangaraghat,34.54,35.65,38.2,50
2026-06-26,14:00,M-A,M,Ghaghra,A,Darauli,55.79,60.82,61.82,0
2026-06-26,14:00,M-B,M,Ghaghra,B,Gangpur Siswan,51.53,57.04,58.26,50
2026-06-27,06:00,A-A,A,Gandak,A,Khada,94.34,96,97.5,0
2026-06-27,06:00,A-B,A,Gandak,B,Chatia,65.14,69.15,70.04,25
2026-06-27,06:00,A-C,A,Gandak,C,Dumaria Ghat,61.16,62.22,64.36,25
2026-06-27,06:00,A-D,A,Gandak,D,Rewa Ghat,51.74,54.41,55.46,25
2026-06-27,06:00,A-E,A,Gandak,E,Hajipur,45.03,50.32,50.93,25
2026-06-27,06:00,B-A,B,Kosi,A,Basua,46.56,47.75,49.24,0
2026-06-27,06:00,B-B,B,Kosi,B,Baltara,32.64,33.85,36.4,25
2026-06-27,06:00,B-C,B,Kosi,C,Kursela,25.12,30,32.1,25
2026-06-27,06:00,C-A,C,Bagmati,A,Dheng,69,71,73.47,0
2026-06-27,06:00,C-B,C,Bagmati,B,Sonakhan,67.4,68.8,72.05,25
2026-06-27,06:00,C-C,C,Bagmati,C,Dubadhar,59.24,61.28,63.75,50
2026-06-27,06:00,C-D,C,Bagmati,D,Kansar,56.25,59.06,60.86,25
2026-06-27,06:00,C-E,C,Bagmati,E,Kataunjha,52.8,55,58.36,25
2026-06-27,06:00,C-F,C,Bagmati,F,Benibad,46.74,48.68,50.12,28
2026-06-27,06:00,C-G,C,Bagmati,G,Hayaghat,39.97,45.72,48.96,25
2026-06-27,06:00,D-A,D,Burhi Gandak,A,Sikandarpur,45.43,52.53,54.29,0
2026-06-27,06:00,D-B,D,Burhi Gandak,B,Samastipur,39.84,45.73,49.38,33
2026-06-27,06:00,D-C,D,Burhi Gandak,C,Rosara,36.49,42.63,46.56,25
2026-06-27,06:00,D-D,D,Burhi Gandak,D,Khagaria,30.02,36.58,39.22,25
2026-06-27,06:00,E-A,E,Kamla Balan,A,Jainagar,67.2,68.5,71.35,0
2026-06-27,06:00,E-B,E,Kamla Balan,B,Jhanjharpur,49.3,50.5,53.11,100
2026-06-27,06:00,F-A,F,Bhuthi Balan,A,Ekma,68.59,69.5,72.1,0
2026-06-27,06:00,G-A,G,Lalbakeya,A,Gowabari,69.2,71.15,73.86,0
2026-06-27,06:00,H-A,H,Ganga,A,Allahabad,70.73,84.73,88.03,0
2026-06-27,06:00,H-B,H,Ganga,B,Varanasi,58.43,71.26,73.9,67
2026-06-27,06:00,H-C,H,Ganga,C,Buxar,48.9,60.32,62.09,50
2026-06-27,06:00,H-D,H,Ganga,D,Digha,43.2,50.45,52.52,50
2026-06-27,06:00,H-E,H,Ganga,E,Gandhi Ghat,42.87,48.6,50.52,25
2026-06-27,06:00,H-F,H,Ganga,F,Hathidah,34.64,41.76,43.52,50
2026-06-27,06:00,H-G,H,Ganga,G,Munger,30.57,39.33,40.99,25
2026-06-27,06:00,H-H,H,Ganga,H,Bhagalpur,25.87,33.68,34.86,25
2026-06-27,06:00,H-I,H,Ganga,I,Kahalgaon,25.56,31.09,32.87,25
2026-06-27,06:00,H-J,H,Ganga,J,Farakka,15.98,22.25,25.14,25
2026-06-27,06:00,I-A,I,Punpun,A,Sripalpur,44.81,50.6,53.91,0
2026-06-27,06:00,J-A,J,Adhwara,A,Sonbarsa,79.25,81.85,83.75,0
2026-06-27,06:00,J-B,J,Adhwara,B,Sundarpur,58.5,61.7,64.1,108
2026-06-27,06:00,J-C,J,Adhwara,C,Pupri,50.85,55.79,56.95,50
2026-06-27,06:00,K-A,K,Khiroi,A,Kamtaul,46.69,50,53.05,0
2026-06-27,06:00,K-B,K,Khiroi,B,Ekmighat,41.55,46.94,49.52,50
2026-06-27,06:00,L-A,L,Mahananda,A,Taibpur,64.55,66,67.26,0
2026-06-27,06:00,L-B,L,Mahananda,B,Dhangaraghat,34.53,35.65,38.2,50
2026-06-27,06:00,M-A,M,Ghaghra,A,Darauli,55.78,60.82,61.82,0
2026-06-27,06:00,M-B,M,Ghaghra,B,Gangpur Siswan,51.52,57.04,58.26,50
2026-06-27,14:00,A-A,A,Gandak,A,Khada,94.39,96,97.5,0
2026-06-27,14:00,A-B,A,Gandak,B,Chatia,65.1,69.15,70.04,25
2026-06-27,14:00,A-C,A,Gandak,C,Dumaria Ghat,61.05,62.22,64.36,25
2026-06-27,14:00,A-D,A,Gandak,D,Rewa Ghat,51.66,54.41,55.46,25
2026-06-27,14:00,A-E,A,Gandak,E,Hajipur,44.91,50.32,50.93,25
2026-06-27,14:00,B-A,B,Kosi,A,Basua,46.58,47.75,49.24,0
2026-06-27,14:00,B-B,B,Kosi,B,Baltara,32.57,33.85,36.4,25
2026-06-27,14:00,B-C,B,Kosi,C,Kursela,25.12,30,32.1,25
2026-06-27,14:00,C-A,C,Bagmati,A,Dheng,69.03,71,73.47,0
2026-06-27,14:00,C-B,C,Bagmati,B,Sonakhan,67.43,68.8,72.05,25
2026-06-27,14:00,C-C,C,Bagmati,C,Dubadhar,59.23,61.28,63.75,50
2026-06-27,14:00,C-D,C,Bagmati,D,Kansar,56.25,59.06,60.86,25
2026-06-27,14:00,C-E,C,Bagmati,E,Kataunjha,52.78,55,58.36,25
2026-06-27,14:00,C-F,C,Bagmati,F,Benibad,46.93,48.68,50.12,28
2026-06-27,14:00,C-G,C,Bagmati,G,Hayaghat,39.94,45.72,48.96,25
2026-06-27,14:00,D-A,D,Burhi Gandak,A,Sikandarpur,45.43,52.53,54.29,0
2026-06-27,14:00,D-B,D,Burhi Gandak,B,Samastipur,39.84,45.73,49.38,33
2026-06-27,14:00,D-C,D,Burhi Gandak,C,Rosara,36.49,42.63,46.56,25
2026-06-27,14:00,D-D,D,Burhi Gandak,D,Khagaria,30.03,36.58,39.22,25
2026-06-27,14:00,E-A,E,Kamla Balan,A,Jainagar,67.2,68.5,71.35,0
2026-06-27,14:00,E-B,E,Kamla Balan,B,Jhanjharpur,49.32,50.5,53.11,100
2026-06-27,14:00,F-A,F,Bhuthi Balan,A,Ekma,68.59,69.5,72.1,0
2026-06-27,14:00,G-A,G,Lalbakeya,A,Gowabari,69.2,71.15,73.86,0
2026-06-27,14:00,H-A,H,Ganga,A,Allahabad,70.73,84.73,88.03,0
2026-06-27,14:00,H-B,H,Ganga,B,Varanasi,58.42,71.26,73.9,67
2026-06-27,14:00,H-C,H,Ganga,C,Buxar,48.9,60.32,62.09,50
2026-06-27,14:00,H-D,H,Ganga,D,Digha,43.16,50.45,52.52,50
2026-06-27,14:00,H-E,H,Ganga,E,Gandhi Ghat,42.82,48.6,50.52,25
2026-06-27,14:00,H-F,H,Ganga,F,Hathidah,34.65,41.76,43.52,50
2026-06-27,14:00,H-G,H,Ganga,G,Munger,30.6,39.33,40.99,25
2026-06-27,14:00,H-H,H,Ganga,H,Bhagalpur,25.95,33.68,34.86,25
2026-06-27,14:00,H-I,H,Ganga,I,Kahalgaon,25.57,31.09,32.87,25
2026-06-27,14:00,H-J,H,Ganga,J,Farakka,15.69,22.25,25.14,25
2026-06-27,14:00,I-A,I,Punpun,A,Sripalpur,44.81,50.6,53.91,0
2026-06-27,14:00,J-A,J,Adhwara,A,Sonbarsa,78.7,81.85,83.75,0
2026-06-27,14:00,J-B,J,Adhwara,B,Sundarpur,58.6,61.7,64.1,108
2026-06-27,14:00,J-C,J,Adhwara,C,Pupri,50.85,55.79,56.95,50
2026-06-27,14:00,K-A,K,Khiroi,A,Kamtaul,46.75,50,53.05,0
2026-06-27,14:00,K-B,K,Khiroi,B,Ekmighat,41.47,46.94,49.52,50
2026-06-27,14:00,L-A,L,Mahananda,A,Taibpur,64.49,66,67.26,0
2026-06-27,14:00,L-B,L,Mahananda,B,Dhangaraghat,34.61,35.65,38.2,50
2026-06-27,14:00,M-A,M,Ghaghra,A,Darauli,55.76,60.82,61.82,0
2026-06-27,14:00,M-B,M,Ghaghra,B,Gangpur Siswan,51.52,57.04,58.26,50
2026-06-28,06:00,A-A,A,Gandak,A,Khada,94.4,96,97.5,0
2026-06-28,06:00,A-B,A,Gandak,B,Chatia,65.1,69.15,70.04,25
2026-06-28,06:00,A-C,A,Gandak,C,Dumaria Ghat,61.01,62.22,64.36,25
2026-06-28,06:00,A-D,A,Gandak,D,Rewa Ghat,51.6,54.41,55.46,25
2026-06-28,06:00,A-E,A,Gandak,E,Hajipur,44.86,50.32,50.93,25
2026-06-28,06:00,B-A,B,Kosi,A,Basua,46.62,47.75,49.24,0
2026-06-28,06:00,B-B,B,Kosi,B,Baltara,32.5,33.85,36.4,25
2026-06-28,06:00,B-C,B,Kosi,C,Kursela,25.07,30,32.1,25
2026-06-28,06:00,C-A,C,Bagmati,A,Dheng,68.8,71,73.47,0
2026-06-28,06:00,C-B,C,Bagmati,B,Sonakhan,67.2,68.8,72.05,25
2026-06-28,06:00,C-C,C,Bagmati,C,Dubadhar,59.16,61.28,63.75,50
2026-06-28,06:00,C-D,C,Bagmati,D,Kansar,56.2,59.06,60.86,25
2026-06-28,06:00,C-E,C,Bagmati,E,Kataunjha,52.75,55,58.36,25
2026-06-28,06:00,C-F,C,Bagmati,F,Benibad,46.93,48.68,50.12,28
2026-06-28,06:00,C-G,C,Bagmati,G,Hayaghat,40.01,45.72,48.96,25
2026-06-28,06:00,D-A,D,Burhi Gandak,A,Sikandarpur,45.43,52.53,54.29,0
2026-06-28,06:00,D-B,D,Burhi Gandak,B,Samastipur,39.84,45.73,49.38,33
2026-06-28,06:00,D-C,D,Burhi Gandak,C,Rosara,36.49,42.63,46.56,25
2026-06-28,06:00,D-D,D,Burhi Gandak,D,Khagaria,30.05,36.58,39.22,25
2026-06-28,06:00,E-A,E,Kamla Balan,A,Jainagar,67.2,68.5,71.35,0
2026-06-28,06:00,E-B,E,Kamla Balan,B,Jhanjharpur,49.1,50.5,53.11,100
2026-06-28,06:00,F-A,F,Bhuthi Balan,A,Ekma,68.59,69.5,72.1,0
2026-06-28,06:00,G-A,G,Lalbakeya,A,Gowabari,69,71.15,73.86,0
2026-06-28,06:00,H-A,H,Ganga,A,Allahabad,70.72,84.73,88.03,0
2026-06-28,06:00,H-B,H,Ganga,B,Varanasi,58.39,71.26,73.9,67
2026-06-28,06:00,H-C,H,Ganga,C,Buxar,48.9,60.32,62.09,50
2026-06-28,06:00,H-D,H,Ganga,D,Digha,43.08,50.45,52.52,50
2026-06-28,06:00,H-E,H,Ganga,E,Gandhi Ghat,42.72,48.6,50.52,25
2026-06-28,06:00,H-F,H,Ganga,F,Hathidah,34.63,41.76,43.52,50
2026-06-28,06:00,H-G,H,Ganga,G,Munger,30.68,39.33,40.99,25
2026-06-28,06:00,H-H,H,Ganga,H,Bhagalpur,26.07,33.68,34.86,25
2026-06-28,06:00,H-I,H,Ganga,I,Kahalgaon,25.57,31.09,32.87,25
2026-06-28,06:00,H-J,H,Ganga,J,Farakka,15.5,22.25,25.14,25
2026-06-28,06:00,I-A,I,Punpun,A,Sripalpur,44.81,50.6,53.91,0
2026-06-28,06:00,J-A,J,Adhwara,A,Sonbarsa,78.62,81.85,83.75,0
2026-06-28,06:00,J-B,J,Adhwara,B,Sundarpur,58.6,61.7,64.1,108
2026-06-28,06:00,J-C,J,Adhwara,C,Pupri,50.95,55.79,56.95,50
2026-06-28,06:00,K-A,K,Khiroi,A,Kamtaul,46.91,50,53.05,0
2026-06-28,06:00,K-B,K,Khiroi,B,Ekmighat,41.46,46.94,49.52,50
2026-06-28,06:00,L-A,L,Mahananda,A,Taibpur,64.66,66,67.26,0
2026-06-28,06:00,L-B,L,Mahananda,B,Dhangaraghat,34.61,35.65,38.2,50
2026-06-28,06:00,M-A,M,Ghaghra,A,Darauli,55.74,60.82,61.82,0
2026-06-28,06:00,M-B,M,Ghaghra,B,Gangpur Siswan,51.52,57.04,58.26,50
2026-06-28,14:00,A-A,A,Gandak,A,Khada,94.83,96,97.5,0
2026-06-28,14:00,A-B,A,Gandak,B,Chatia,65.06,69.15,70.04,25
2026-06-28,14:00,A-C,A,Gandak,C,Dumaria Ghat,61.01,62.22,64.36,25
2026-06-28,14:00,A-D,A,Gandak,D,Rewa Ghat,51.52,54.41,55.46,25
2026-06-28,14:00,A-E,A,Gandak,E,Hajipur,44.82,50.32,50.93,25
2026-06-28,14:00,B-A,B,Kosi,A,Basua,46.59,47.75,49.24,0
2026-06-28,14:00,B-B,B,Kosi,B,Baltara,32.58,33.85,36.4,25
2026-06-28,14:00,B-C,B,Kosi,C,Kursela,25.07,30,32.1,25
2026-06-28,14:00,C-A,C,Bagmati,A,Dheng,68.73,71,73.47,0
2026-06-28,14:00,C-B,C,Bagmati,B,Sonakhan,67.13,68.8,72.05,25
2026-06-28,14:00,C-C,C,Bagmati,C,Dubadhar,59.08,61.28,63.75,50
2026-06-28,14:00,C-D,C,Bagmati,D,Kansar,56.2,59.06,60.86,25
2026-06-28,14:00,C-E,C,Bagmati,E,Kataunjha,52.75,55,58.36,25
2026-06-28,14:00,C-F,C,Bagmati,F,Benibad,46.93,48.68,50.12,28
2026-06-28,14:00,C-G,C,Bagmati,G,Hayaghat,40.09,45.72,48.96,25
2026-06-28,14:00,D-A,D,Burhi Gandak,A,Sikandarpur,45.43,52.53,54.29,0
2026-06-28,14:00,D-B,D,Burhi Gandak,B,Samastipur,39.84,45.73,49.38,33
2026-06-28,14:00,D-C,D,Burhi Gandak,C,Rosara,36.49,42.63,46.56,25
2026-06-28,14:00,D-D,D,Burhi Gandak,D,Khagaria,30.07,36.58,39.22,25
2026-06-28,14:00,E-A,E,Kamla Balan,A,Jainagar,67.1,68.5,71.35,0
2026-06-28,14:00,E-B,E,Kamla Balan,B,Jhanjharpur,49.1,50.5,53.11,100
2026-06-28,14:00,F-A,F,Bhuthi Balan,A,Ekma,68.59,69.5,72.1,0
2026-06-28,14:00,G-A,G,Lalbakeya,A,Gowabari,69,71.15,73.86,0
2026-06-28,14:00,H-A,H,Ganga,A,Allahabad,70.73,84.73,88.03,0
2026-06-28,14:00,H-B,H,Ganga,B,Varanasi,58.37,71.26,73.9,67
2026-06-28,14:00,H-C,H,Ganga,C,Buxar,48.9,60.32,62.09,50
2026-06-28,14:00,H-D,H,Ganga,D,Digha,43,50.45,52.52,50
2026-06-28,14:00,H-E,H,Ganga,E,Gandhi Ghat,42.67,48.6,50.52,25
2026-06-28,14:00,H-F,H,Ganga,F,Hathidah,34.61,41.76,43.52,50
2026-06-28,14:00,H-G,H,Ganga,G,Munger,30.72,39.33,40.99,25
2026-06-28,14:00,H-H,H,Ganga,H,Bhagalpur,26.09,33.68,34.86,25
2026-06-28,14:00,H-I,H,Ganga,I,Kahalgaon,25.57,31.09,32.87,25
2026-06-28,14:00,H-J,H,Ganga,J,Farakka,15.44,22.25,25.14,25
2026-06-28,14:00,I-A,I,Punpun,A,Sripalpur,44.81,50.6,53.91,0
2026-06-28,14:00,J-A,J,Adhwara,A,Sonbarsa,79.7,81.85,83.75,0
2026-06-28,14:00,J-B,J,Adhwara,B,Sundarpur,58.55,61.7,64.1,108
2026-06-28,14:00,J-C,J,Adhwara,C,Pupri,51.02,55.79,56.95,50
2026-06-28,14:00,K-A,K,Khiroi,A,Kamtaul,46.94,50,53.05,0
2026-06-28,14:00,K-B,K,Khiroi,B,Ekmighat,41.46,46.94,49.52,50
2026-06-28,14:00,L-A,L,Mahananda,A,Taibpur,65.8,66,67.26,0
2026-06-28,14:00,L-B,L,Mahananda,B,Dhangaraghat,34.44,35.65,38.2,50
2026-06-28,14:00,M-A,M,Ghaghra,A,Darauli,55.66,60.82,61.82,0
2026-06-28,14:00,M-B,M,Ghaghra,B,Gangpur Siswan,51.48,57.04,58.26,50
2026-06-29,06:00,A-A,A,Gandak,A,Khada,94.9,96,97.5,0
2026-06-29,06:00,A-B,A,Gandak,B,Chatia,65.01,69.15,70.04,25
2026-06-29,06:00,A-C,A,Gandak,C,Dumaria Ghat,61.04,62.22,64.36,25
2026-06-29,06:00,A-D,A,Gandak,D,Rewa Ghat,51.48,54.41,55.46,25
2026-06-29,06:00,A-E,A,Gandak,E,Hajipur,44.75,50.32,50.93,25
2026-06-29,06:00,B-A,B,Kosi,A,Basua,46.63,47.75,49.24,0
2026-06-29,06:00,B-B,B,Kosi,B,Baltara,32.52,33.85,36.4,25
2026-06-29,06:00,B-C,B,Kosi,C,Kursela,25.16,30,32.1,25
2026-06-29,06:00,C-A,C,Bagmati,A,Dheng,69.5,71,73.47,0
2026-06-29,06:00,C-B,C,Bagmati,B,Sonakhan,67.9,68.8,72.05,25
2026-06-29,06:00,C-C,C,Bagmati,C,Dubadhar,59.88,61.28,63.75,50
2026-06-29,06:00,C-D,C,Bagmati,D,Kansar,56.6,59.06,60.86,25
2026-06-29,06:00,C-E,C,Bagmati,E,Kataunjha,52.6,55,58.36,25
2026-06-29,06:00,C-F,C,Bagmati,F,Benibad,46.81,48.68,50.12,28
2026-06-29,06:00,C-G,C,Bagmati,G,Hayaghat,40.16,45.72,48.96,25
2026-06-29,06:00,D-A,D,Burhi Gandak,A,Sikandarpur,45.43,52.53,54.29,0
2026-06-29,06:00,D-B,D,Burhi Gandak,B,Samastipur,39.84,45.73,49.38,33
2026-06-29,06:00,D-C,D,Burhi Gandak,C,Rosara,36.49,42.63,46.56,25
2026-06-29,06:00,D-D,D,Burhi Gandak,D,Khagaria,30.08,36.58,39.22,25
2026-06-29,06:00,E-A,E,Kamla Balan,A,Jainagar,67.35,68.5,71.35,0
2026-06-29,06:00,E-B,E,Kamla Balan,B,Jhanjharpur,49.05,50.5,53.11,100
2026-06-29,06:00,F-A,F,Bhuthi Balan,A,Ekma,68.59,69.5,72.1,0
2026-06-29,06:00,G-A,G,Lalbakeya,A,Gowabari,69.35,71.15,73.86,0
2026-06-29,06:00,H-A,H,Ganga,A,Allahabad,70.72,84.73,88.03,0
2026-06-29,06:00,H-B,H,Ganga,B,Varanasi,58.35,71.26,73.9,67
2026-06-29,06:00,H-C,H,Ganga,C,Buxar,48.9,60.32,62.09,50
2026-06-29,06:00,H-D,H,Ganga,D,Digha,42.92,50.45,52.52,50
2026-06-29,06:00,H-E,H,Ganga,E,Gandhi Ghat,42.62,48.6,50.52,25
2026-06-29,06:00,H-F,H,Ganga,F,Hathidah,34.54,41.76,43.52,50
2026-06-29,06:00,H-G,H,Ganga,G,Munger,30.8,39.33,40.99,25
2026-06-29,06:00,H-H,H,Ganga,H,Bhagalpur,26.15,33.68,34.86,25
2026-06-29,06:00,H-I,H,Ganga,I,Kahalgaon,25.57,31.09,32.87,25
2026-06-29,06:00,H-J,H,Ganga,J,Farakka,15.3,22.25,25.14,25
2026-06-29,06:00,I-A,I,Punpun,A,Sripalpur,44.81,50.6,53.91,0
2026-06-29,06:00,J-A,J,Adhwara,A,Sonbarsa,79.2,81.85,83.75,0
2026-06-29,06:00,J-B,J,Adhwara,B,Sundarpur,58.5,61.7,64.1,108
2026-06-29,06:00,J-C,J,Adhwara,C,Pupri,50.95,55.79,56.95,50
2026-06-29,06:00,K-A,K,Khiroi,A,Kamtaul,46.98,50,53.05,0
2026-06-29,06:00,K-B,K,Khiroi,B,Ekmighat,41.56,46.94,49.52,50
2026-06-29,06:00,L-A,L,Mahananda,A,Taibpur,65.28,66,67.26,0
2026-06-29,06:00,L-B,L,Mahananda,B,Dhangaraghat,35.29,35.65,38.2,50
2026-06-29,06:00,M-A,M,Ghaghra,A,Darauli,55.63,60.82,61.82,0
2026-06-29,06:00,M-B,M,Ghaghra,B,Gangpur Siswan,51.45,57.04,58.26,50
2026-06-29,14:00,A-A,A,Gandak,A,Khada,94.98,96,97.5,0
2026-06-29,14:00,A-B,A,Gandak,B,Chatia,65.01,69.15,70.04,25
2026-06-29,14:00,A-C,A,Gandak,C,Dumaria Ghat,61.12,62.22,64.36,25
2026-06-29,14:00,A-D,A,Gandak,D,Rewa Ghat,51.48,54.41,55.46,25
2026-06-29,14:00,A-E,A,Gandak,E,Hajipur,44.75,50.32,50.93,25
2026-06-29,14:00,B-A,B,Kosi,A,Basua,46.69,47.75,49.24,0
2026-06-29,14:00,B-B,B,Kosi,B,Baltara,32.58,33.85,36.4,25
2026-06-29,14:00,B-C,B,Kosi,C,Kursela,25.18,30,32.1,25
2026-06-29,14:00,C-A,C,Bagmati,A,Dheng,69.21,71,73.47,0
2026-06-29,14:00,C-B,C,Bagmati,B,Sonakhan,67.68,68.8,72.05,25
2026-06-29,14:00,C-C,C,Bagmati,C,Dubadhar,59.9,61.28,63.75,50
2026-06-29,14:00,C-D,C,Bagmati,D,Kansar,56.92,59.06,60.86,25
2026-06-29,14:00,C-E,C,Bagmati,E,Kataunjha,53.1,55,58.36,25
2026-06-29,14:00,C-F,C,Bagmati,F,Benibad,46.88,48.68,50.12,28
2026-06-29,14:00,C-G,C,Bagmati,G,Hayaghat,40.15,45.72,48.96,25
2026-06-29,14:00,D-A,D,Burhi Gandak,A,Sikandarpur,45.42,52.53,54.29,0
2026-06-29,14:00,D-B,D,Burhi Gandak,B,Samastipur,39.84,45.73,49.38,33
2026-06-29,14:00,D-C,D,Burhi Gandak,C,Rosara,36.49,42.63,46.56,25
2026-06-29,14:00,D-D,D,Burhi Gandak,D,Khagaria,30.09,36.58,39.22,25
2026-06-29,14:00,E-A,E,Kamla Balan,A,Jainagar,67.3,68.5,71.35,0
2026-06-29,14:00,E-B,E,Kamla Balan,B,Jhanjharpur,49.19,50.5,53.11,100
2026-06-29,14:00,F-A,F,Bhuthi Balan,A,Ekma,68.59,69.5,72.1,0
2026-06-29,14:00,G-A,G,Lalbakeya,A,Gowabari,69.25,71.15,73.86,0
2026-06-29,14:00,H-A,H,Ganga,A,Allahabad,70.72,84.73,88.03,0
2026-06-29,14:00,H-B,H,Ganga,B,Varanasi,58.35,71.26,73.9,67
2026-06-29,14:00,H-C,H,Ganga,C,Buxar,48.89,60.32,62.09,50
2026-06-29,14:00,H-D,H,Ganga,D,Digha,42.92,50.45,52.52,50
2026-06-29,14:00,H-E,H,Ganga,E,Gandhi Ghat,42.61,48.6,50.52,25
2026-06-29,14:00,H-F,H,Ganga,F,Hathidah,34.51,41.76,43.52,50
2026-06-29,14:00,H-G,H,Ganga,G,Munger,30.84,39.33,40.99,25
2026-06-29,14:00,H-H,H,Ganga,H,Bhagalpur,26.17,33.68,34.86,25
2026-06-29,14:00,H-I,H,Ganga,I,Kahalgaon,25.58,31.09,32.87,25
2026-06-29,14:00,H-J,H,Ganga,J,Farakka,15.26,22.25,25.14,25
2026-06-29,14:00,I-A,I,Punpun,A,Sripalpur,44.84,50.6,53.91,0
2026-06-29,14:00,J-A,J,Adhwara,A,Sonbarsa,79.2,81.85,83.75,0
2026-06-29,14:00,J-B,J,Adhwara,B,Sundarpur,58.54,61.7,64.1,108
2026-06-29,14:00,J-C,J,Adhwara,C,Pupri,50.95,55.79,56.95,50
2026-06-29,14:00,K-A,K,Khiroi,A,Kamtaul,47.01,50,53.05,0
2026-06-29,14:00,K-B,K,Khiroi,B,Ekmighat,41.84,46.94,49.52,50
2026-06-29,14:00,L-A,L,Mahananda,A,Taibpur,64.95,66,67.26,0
2026-06-29,14:00,L-B,L,Mahananda,B,Dhangaraghat,35.4,35.65,38.2,50
2026-06-29,14:00,M-A,M,Ghaghra,A,Darauli,55.62,60.82,61.82,0
2026-06-29,14:00,M-B,M,Ghaghra,B,Gangpur Siswan,51.45,57.04,58.26,50
2026-06-30,06:00,A-A,A,Gandak,A,Khada,94.86,96,97.5,0
2026-06-30,06:00,A-B,A,Gandak,B,Chatia,65.01,69.15,70.04,25
2026-06-30,06:00,A-C,A,Gandak,C,Dumaria Ghat,61.21,62.22,64.36,25
2026-06-30,06:00,A-D,A,Gandak,D,Rewa Ghat,51.54,54.41,55.46,25
2026-06-30,06:00,A-E,A,Gandak,E,Hajipur,44.83,50.32,50.93,25
2026-06-30,06:00,B-A,B,Kosi,A,Basua,46.69,47.75,49.24,0
2026-06-30,06:00,B-B,B,Kosi,B,Baltara,32.86,33.85,36.4,25
2026-06-30,06:00,B-C,B,Kosi,C,Kursela,25.15,30,32.1,25
2026-06-30,06:00,C-A,C,Bagmati,A,Dheng,69.1,71,73.47,0
2026-06-30,06:00,C-B,C,Bagmati,B,Sonakhan,67.5,68.8,72.05,25
2026-06-30,06:00,C-C,C,Bagmati,C,Dubadhar,59.46,61.28,63.75,50
2026-06-30,06:00,C-D,C,Bagmati,D,Kansar,56.55,59.06,60.86,25
2026-06-30,06:00,C-E,C,Bagmati,E,Kataunjha,53,55,58.36,25
2026-06-30,06:00,C-F,C,Bagmati,F,Benibad,47.28,48.68,50.12,28
2026-06-30,06:00,C-G,C,Bagmati,G,Hayaghat,40.25,45.72,48.96,25
2026-06-30,06:00,D-A,D,Burhi Gandak,A,Sikandarpur,45.42,52.53,54.29,0
2026-06-30,06:00,D-B,D,Burhi Gandak,B,Samastipur,39.84,45.73,49.38,33
2026-06-30,06:00,D-C,D,Burhi Gandak,C,Rosara,36.51,42.63,46.56,25
2026-06-30,06:00,D-D,D,Burhi Gandak,D,Khagaria,30.09,36.58,39.22,25
2026-06-30,06:00,E-A,E,Kamla Balan,A,Jainagar,67.2,68.5,71.35,0
2026-06-30,06:00,E-B,E,Kamla Balan,B,Jhanjharpur,49.37,50.5,53.11,100
2026-06-30,06:00,F-A,F,Bhuthi Balan,A,Ekma,68.59,69.5,72.1,0
2026-06-30,06:00,G-A,G,Lalbakeya,A,Gowabari,69.15,71.15,73.86,0
2026-06-30,06:00,H-A,H,Ganga,A,Allahabad,70.7,84.73,88.03,0
2026-06-30,06:00,H-B,H,Ganga,B,Varanasi,58.34,71.26,73.9,67
2026-06-30,06:00,H-C,H,Ganga,C,Buxar,48.91,60.32,62.09,50
2026-06-30,06:00,H-D,H,Ganga,D,Digha,42.92,50.45,52.52,50
2026-06-30,06:00,H-E,H,Ganga,E,Gandhi Ghat,42.66,48.6,50.52,25
2026-06-30,06:00,H-F,H,Ganga,F,Hathidah,34.45,41.76,43.52,50
2026-06-30,06:00,H-G,H,Ganga,G,Munger,30.92,39.33,40.99,25
2026-06-30,06:00,H-H,H,Ganga,H,Bhagalpur,26.2,33.68,34.86,25
2026-06-30,06:00,H-I,H,Ganga,I,Kahalgaon,25.58,31.09,32.87,25
2026-06-30,06:00,H-J,H,Ganga,J,Farakka,15.27,22.25,25.14,25
2026-06-30,06:00,I-A,I,Punpun,A,Sripalpur,44.88,50.6,53.91,0
2026-06-30,06:00,J-A,J,Adhwara,A,Sonbarsa,78.97,81.85,83.75,0
2026-06-30,06:00,J-B,J,Adhwara,B,Sundarpur,58.54,61.7,64.1,108
2026-06-30,06:00,J-C,J,Adhwara,C,Pupri,50.95,55.79,56.95,50
2026-06-30,06:00,K-A,K,Khiroi,A,Kamtaul,47.06,50,53.05,0
2026-06-30,06:00,K-B,K,Khiroi,B,Ekmighat,41.99,46.94,49.52,50
2026-06-30,06:00,L-A,L,Mahananda,A,Taibpur,64.78,66,67.26,0
2026-06-30,06:00,L-B,L,Mahananda,B,Dhangaraghat,35.09,35.65,38.2,50
2026-06-30,06:00,M-A,M,Ghaghra,A,Darauli,55.61,60.82,61.82,0
2026-06-30,06:00,M-B,M,Ghaghra,B,Gangpur Siswan,51.44,57.04,58.26,50
2026-06-30,14:00,A-A,A,Gandak,A,Khada,94.75,96,97.5,0
2026-06-30,14:00,A-B,A,Gandak,B,Chatia,65.09,69.15,70.04,25
2026-06-30,14:00,A-C,A,Gandak,C,Dumaria Ghat,61.7,62.22,64.36,25
2026-06-30,14:00,A-D,A,Gandak,D,Rewa Ghat,51.61,54.41,55.46,25
2026-06-30,14:00,A-E,A,Gandak,E,Hajipur,44.84,50.32,50.93,25
2026-06-30,14:00,B-A,B,Kosi,A,Basua,46.67,47.75,49.24,0
2026-06-30,14:00,B-B,B,Kosi,B,Baltara,33.04,33.85,36.4,25
2026-06-30,14:00,B-C,B,Kosi,C,Kursela,25.3,30,32.1,25
2026-06-30,14:00,C-A,C,Bagmati,A,Dheng,69.22,71,73.47,0
2026-06-30,14:00,C-B,C,Bagmati,B,Sonakhan,67.57,68.8,72.05,25
2026-06-30,14:00,C-C,C,Bagmati,C,Dubadhar,59.38,61.28,63.75,50
2026-06-30,14:00,C-D,C,Bagmati,D,Kansar,56.43,59.06,60.86,25
2026-06-30,14:00,C-E,C,Bagmati,E,Kataunjha,52.95,55,58.36,25
2026-06-30,14:00,C-F,C,Bagmati,F,Benibad,47.21,48.68,50.12,28
2026-06-30,14:00,C-G,C,Bagmati,G,Hayaghat,40.5,45.72,48.96,25
2026-06-30,14:00,D-A,D,Burhi Gandak,A,Sikandarpur,45.5,52.53,54.29,0
2026-06-30,14:00,D-B,D,Burhi Gandak,B,Samastipur,39.84,45.73,49.38,33
2026-06-30,14:00,D-C,D,Burhi Gandak,C,Rosara,36.51,42.63,46.56,25
2026-06-30,14:00,D-D,D,Burhi Gandak,D,Khagaria,30.09,36.58,39.22,25
2026-06-30,14:00,E-A,E,Kamla Balan,A,Jainagar,67.2,68.5,71.35,0
2026-06-30,14:00,E-B,E,Kamla Balan,B,Jhanjharpur,49.35,50.5,53.11,100
2026-06-30,14:00,F-A,F,Bhuthi Balan,A,Ekma,68.59,69.5,72.1,0
2026-06-30,14:00,G-A,G,Lalbakeya,A,Gowabari,69.15,71.15,73.86,0
2026-06-30,14:00,H-A,H,Ganga,A,Allahabad,70.7,84.73,88.03,0
2026-06-30,14:00,H-B,H,Ganga,B,Varanasi,58.33,71.26,73.9,67
2026-06-30,14:00,H-C,H,Ganga,C,Buxar,48.89,60.32,62.09,50
2026-06-30,14:00,H-D,H,Ganga,D,Digha,42.96,50.45,52.52,50
2026-06-30,14:00,H-E,H,Ganga,E,Gandhi Ghat,42.72,48.6,50.52,25
2026-06-30,14:00,H-F,H,Ganga,F,Hathidah,34.43,41.76,43.52,50
2026-06-30,14:00,H-G,H,Ganga,G,Munger,30.95,39.33,40.99,25
2026-06-30,14:00,H-H,H,Ganga,H,Bhagalpur,26.2,33.68,34.86,25
2026-06-30,14:00,H-I,H,Ganga,I,Kahalgaon,25.58,31.09,32.87,25
2026-06-30,14:00,H-J,H,Ganga,J,Farakka,15.27,22.25,25.14,25
2026-06-30,14:00,I-A,I,Punpun,A,Sripalpur,44.9,50.6,53.91,0
2026-06-30,14:00,J-A,J,Adhwara,A,Sonbarsa,78.7,81.85,83.75,0
2026-06-30,14:00,J-B,J,Adhwara,B,Sundarpur,58.54,61.7,64.1,108
2026-06-30,14:00,J-C,J,Adhwara,C,Pupri,50.93,55.79,56.95,50
2026-06-30,14:00,K-A,K,Khiroi,A,Kamtaul,47.1,50,53.05,0
2026-06-30,14:00,K-B,K,Khiroi,B,Ekmighat,41.95,46.94,49.52,50
2026-06-30,14:00,L-A,L,Mahananda,A,Taibpur,64.8,66,67.26,0
2026-06-30,14:00,L-B,L,Mahananda,B,Dhangaraghat,34.95,35.65,38.2,50
2026-06-30,14:00,M-A,M,Ghaghra,A,Darauli,55.6,60.82,61.82,0
2026-06-30,14:00,M-B,M,Ghaghra,B,Gangpur Siswan,51.43,57.04,58.26,50
2026-07-01,06:00,A-A,A,Gandak,A,Khada,94.62,96,97.5,0
2026-07-01,06:00,A-B,A,Gandak,B,Chatia,65.46,69.15,70.04,25
2026-07-01,06:00,A-C,A,Gandak,C,Dumaria Ghat,61.87,62.22,64.36,25
2026-07-01,06:00,A-D,A,Gandak,D,Rewa Ghat,51.79,54.41,55.46,25
2026-07-01,06:00,A-E,A,Gandak,E,Hajipur,45.02,50.32,50.93,25
2026-07-01,06:00,B-A,B,Kosi,A,Basua,46.9,47.75,49.24,0
2026-07-01,06:00,B-B,B,Kosi,B,Baltara,33.16,33.85,36.4,25
2026-07-01,06:00,B-C,B,Kosi,C,Kursela,25.46,30,32.1,25
2026-07-01,06:00,C-A,C,Bagmati,A,Dheng,69.85,71,73.47,0
2026-07-01,06:00,C-B,C,Bagmati,B,Sonakhan,68.25,68.8,72.05,25
2026-07-01,06:00,C-C,C,Bagmati,C,Dubadhar,60.16,61.28,63.75,50
2026-07-01,06:00,C-D,C,Bagmati,D,Kansar,57.05,59.06,60.86,25
2026-07-01,06:00,C-E,C,Bagmati,E,Kataunjha,53.3,55,58.36,25
2026-07-01,06:00,C-F,C,Bagmati,F,Benibad,47.21,48.68,50.12,28
2026-07-01,06:00,C-G,C,Bagmati,G,Hayaghat,40.77,45.72,48.96,25
2026-07-01,06:00,D-A,D,Burhi Gandak,A,Sikandarpur,45.66,52.53,54.29,0
2026-07-01,06:00,D-B,D,Burhi Gandak,B,Samastipur,39.84,45.73,49.38,33
2026-07-01,06:00,D-C,D,Burhi Gandak,C,Rosara,36.54,42.63,46.56,25
2026-07-01,06:00,D-D,D,Burhi Gandak,D,Khagaria,30.09,36.58,39.22,25
2026-07-01,06:00,E-A,E,Kamla Balan,A,Jainagar,67.1,68.5,71.35,0
2026-07-01,06:00,E-B,E,Kamla Balan,B,Jhanjharpur,49.18,50.5,53.11,100
2026-07-01,06:00,F-A,F,Bhuthi Balan,A,Ekma,68.59,69.5,72.1,0
2026-07-01,06:00,G-A,G,Lalbakeya,A,Gowabari,69.9,71.15,73.86,0
2026-07-01,06:00,H-A,H,Ganga,A,Allahabad,70.72,84.73,88.03,0
2026-07-01,06:00,H-B,H,Ganga,B,Varanasi,58.31,71.26,73.9,67
2026-07-01,06:00,H-C,H,Ganga,C,Buxar,48.84,60.32,62.09,50
2026-07-01,06:00,H-D,H,Ganga,D,Digha,43.08,50.45,52.52,50
2026-07-01,06:00,H-E,H,Ganga,E,Gandhi Ghat,43.06,48.6,50.52,25
2026-07-01,06:00,H-F,H,Ganga,F,Hathidah,34.42,41.76,43.52,50
2026-07-01,06:00,H-G,H,Ganga,G,Munger,30.91,39.33,40.99,25
2026-07-01,06:00,H-H,H,Ganga,H,Bhagalpur,26.2,33.68,34.86,25
2026-07-01,06:00,H-I,H,Ganga,I,Kahalgaon,25.59,31.09,32.87,25
2026-07-01,06:00,H-J,H,Ganga,J,Farakka,15.72,22.25,25.14,25
2026-07-01,06:00,I-A,I,Punpun,A,Sripalpur,44.91,50.6,53.91,0
2026-07-01,06:00,J-A,J,Adhwara,A,Sonbarsa,78.65,81.85,83.75,0
2026-07-01,06:00,J-B,J,Adhwara,B,Sundarpur,58.5,61.7,64.1,108
2026-07-01,06:00,J-C,J,Adhwara,C,Pupri,50.93,55.79,56.95,50
2026-07-01,06:00,K-A,K,Khiroi,A,Kamtaul,47.26,50,53.05,0
2026-07-01,06:00,K-B,K,Khiroi,B,Ekmighat,41.96,46.94,49.52,50
2026-07-01,06:00,L-A,L,Mahananda,A,Taibpur,65.04,66,67.26,0
2026-07-01,06:00,L-B,L,Mahananda,B,Dhangaraghat,34.82,35.65,38.2,50
2026-07-01,06:00,M-A,M,Ghaghra,A,Darauli,55.59,60.82,61.82,0
2026-07-01,06:00,M-B,M,Ghaghra,B,Gangpur Siswan,51.42,57.04,58.26,50
2026-07-01,14:00,A-A,A,Gandak,A,Khada,94.56,96,97.5,0
2026-07-01,14:00,A-B,A,Gandak,B,Chatia,65.54,69.15,70.04,25
2026-07-01,14:00,A-C,A,Gandak,C,Dumaria Ghat,61.77,62.22,64.36,25
2026-07-01,14:00,A-D,A,Gandak,D,Rewa Ghat,52.08,54.41,55.46,25
2026-07-01,14:00,A-E,A,Gandak,E,Hajipur,45.34,50.32,50.93,25
2026-07-01,14:00,B-A,B,Kosi,A,Basua,46.92,47.75,49.24,0
2026-07-01,14:00,B-B,B,Kosi,B,Baltara,33.14,33.85,36.4,25
2026-07-01,14:00,B-C,B,Kosi,C,Kursela,25.44,30,32.1,25
2026-07-01,14:00,C-A,C,Bagmati,A,Dheng,69.54,71,73.47,0
2026-07-01,14:00,C-B,C,Bagmati,B,Sonakhan,67.96,68.8,72.05,25
2026-07-01,14:00,C-C,C,Bagmati,C,Dubadhar,60.19,61.28,63.75,50
2026-07-01,14:00,C-D,C,Bagmati,D,Kansar,57.3,59.06,60.86,25
2026-07-01,14:00,C-E,C,Bagmati,E,Kataunjha,53.52,55,58.36,25
2026-07-01,14:00,C-F,C,Bagmati,F,Benibad,47.17,48.68,50.12,28
2026-07-01,14:00,C-G,C,Bagmati,G,Hayaghat,40.72,45.72,48.96,25
2026-07-01,14:00,D-A,D,Burhi Gandak,A,Sikandarpur,45.66,52.53,54.29,0
2026-07-01,14:00,D-B,D,Burhi Gandak,B,Samastipur,39.84,45.73,49.38,33
2026-07-01,14:00,D-C,D,Burhi Gandak,C,Rosara,36.55,42.63,46.56,25
2026-07-01,14:00,D-D,D,Burhi Gandak,D,Khagaria,30.09,36.58,39.22,25
2026-07-01,14:00,E-A,E,Kamla Balan,A,Jainagar,67.1,68.5,71.35,0
2026-07-01,14:00,E-B,E,Kamla Balan,B,Jhanjharpur,49.18,50.5,53.11,100
2026-07-01,14:00,F-A,F,Bhuthi Balan,A,Ekma,68.59,69.5,72.1,0
2026-07-01,14:00,G-A,G,Lalbakeya,A,Gowabari,69.7,71.15,73.86,0
2026-07-01,14:00,H-A,H,Ganga,A,Allahabad,70.72,84.73,88.03,0
2026-07-01,14:00,H-B,H,Ganga,B,Varanasi,58.31,71.26,73.9,67
2026-07-01,14:00,H-C,H,Ganga,C,Buxar,48.83,60.32,62.09,50
2026-07-01,14:00,H-D,H,Ganga,D,Digha,43.3,50.45,52.52,50
2026-07-01,14:00,H-E,H,Ganga,E,Gandhi Ghat,43.23,48.6,50.52,25
2026-07-01,14:00,H-F,H,Ganga,F,Hathidah,34.43,41.76,43.52,50
2026-07-01,14:00,H-G,H,Ganga,G,Munger,30.88,39.33,40.99,25
2026-07-01,14:00,H-H,H,Ganga,H,Bhagalpur,26.21,33.68,34.86,25
2026-07-01,14:00,H-I,H,Ganga,I,Kahalgaon,25.58,31.09,32.87,25
2026-07-01,14:00,H-J,H,Ganga,J,Farakka,15.77,22.25,25.14,25
2026-07-01,14:00,I-A,I,Punpun,A,Sripalpur,44.91,50.6,53.91,0
2026-07-01,14:00,J-A,J,Adhwara,A,Sonbarsa,78.65,81.85,83.75,0
2026-07-01,14:00,J-B,J,Adhwara,B,Sundarpur,58.5,61.7,64.1,108
2026-07-01,14:00,J-C,J,Adhwara,C,Pupri,50.93,55.79,56.95,50
2026-07-01,14:00,K-A,K,Khiroi,A,Kamtaul,47.3,50,53.05,0
2026-07-01,14:00,K-B,K,Khiroi,B,Ekmighat,41.94,46.94,49.52,50
2026-07-01,14:00,L-A,L,Mahananda,A,Taibpur,64.8,66,67.26,0
2026-07-01,14:00,L-B,L,Mahananda,B,Dhangaraghat,35.08,35.65,38.2,50
2026-07-01,14:00,M-A,M,Ghaghra,A,Darauli,55.58,60.82,61.82,0
2026-07-01,14:00,M-B,M,Ghaghra,B,Gangpur Siswan,51.41,57.04,58.26,50
2026-07-02,06:00,A-A,A,Gandak,A,Khada,94.77,96,97.5,0
2026-07-02,06:00,A-B,A,Gandak,B,Chatia,65.66,69.15,70.04,25
2026-07-02,06:00,A-C,A,Gandak,C,Dumaria Ghat,61.59,62.22,64.36,25
2026-07-02,06:00,A-D,A,Gandak,D,Rewa Ghat,52.13,54.41,55.46,25
2026-07-02,06:00,A-E,A,Gandak,E,Hajipur,45.3,50.32,50.93,25
2026-07-02,06:00,B-A,B,Kosi,A,Basua,46.79,47.75,49.24,0
2026-07-02,06:00,B-B,B,Kosi,B,Baltara,33.3,33.85,36.4,25
2026-07-02,06:00,B-C,B,Kosi,C,Kursela,25.5,30,32.1,25
2026-07-02,06:00,C-A,C,Bagmati,A,Dheng,69.35,71,73.47,0
2026-07-02,06:00,C-B,C,Bagmati,B,Sonakhan,67.75,68.8,72.05,25
2026-07-02,06:00,C-C,C,Bagmati,C,Dubadhar,59.83,61.28,63.75,50
2026-07-02,06:00,C-D,C,Bagmati,D,Kansar,56.9,59.06,60.86,25
2026-07-02,06:00,C-E,C,Bagmati,E,Kataunjha,53.45,55,58.36,25
2026-07-02,06:00,C-F,C,Bagmati,F,Benibad,48.2,48.68,50.12,28
2026-07-02,06:00,C-G,C,Bagmati,G,Hayaghat,40.87,45.72,48.96,25
2026-07-02,06:00,D-A,D,Burhi Gandak,A,Sikandarpur,45.58,52.53,54.29,0
2026-07-02,06:00,D-B,D,Burhi Gandak,B,Samastipur,39.84,45.73,49.38,33
2026-07-02,06:00,D-C,D,Burhi Gandak,C,Rosara,36.58,42.63,46.56,25
2026-07-02,06:00,D-D,D,Burhi Gandak,D,Khagaria,30.08,36.58,39.22,25
2026-07-02,06:00,E-A,E,Kamla Balan,A,Jainagar,67,68.5,71.35,0
2026-07-02,06:00,E-B,E,Kamla Balan,B,Jhanjharpur,48.95,50.5,53.11,100
2026-07-02,06:00,F-A,F,Bhuthi Balan,A,Ekma,68.59,69.5,72.1,0
2026-07-02,06:00,G-A,G,Lalbakeya,A,Gowabari,69.3,71.15,73.86,0
2026-07-02,06:00,H-A,H,Ganga,A,Allahabad,65.75,84.73,88.03,0
2026-07-02,06:00,H-B,H,Ganga,B,Varanasi,58.3,71.26,73.9,67
2026-07-02,06:00,H-C,H,Ganga,C,Buxar,48.82,60.32,62.09,50
2026-07-02,06:00,H-D,H,Ganga,D,Digha,43.53,50.45,52.52,50
2026-07-02,06:00,H-E,H,Ganga,E,Gandhi Ghat,43.3,48.6,50.52,25
2026-07-02,06:00,H-F,H,Ganga,F,Hathidah,34.58,41.76,43.52,50
2026-07-02,06:00,H-G,H,Ganga,G,Munger,30.83,39.33,40.99,25
2026-07-02,06:00,H-H,H,Ganga,H,Bhagalpur,26.24,33.68,34.86,25
2026-07-02,06:00,H-I,H,Ganga,I,Kahalgaon,25.59,31.09,32.87,25
2026-07-02,06:00,H-J,H,Ganga,J,Farakka,16.09,22.25,25.14,25
2026-07-02,06:00,I-A,I,Punpun,A,Sripalpur,44.92,50.6,53.91,0
2026-07-02,06:00,J-A,J,Adhwara,A,Sonbarsa,78.65,81.85,83.75,0
2026-07-02,06:00,J-B,J,Adhwara,B,Sundarpur,58.5,61.7,64.1,108
2026-07-02,06:00,J-C,J,Adhwara,C,Pupri,50.93,55.79,56.95,50
2026-07-02,06:00,K-A,K,Khiroi,A,Kamtaul,47.38,50,53.05,0
2026-07-02,06:00,K-B,K,Khiroi,B,Ekmighat,41.97,46.94,49.52,50
2026-07-02,06:00,L-A,L,Mahananda,A,Taibpur,64.74,66,67.26,0
2026-07-02,06:00,L-B,L,Mahananda,B,Dhangaraghat,34.99,35.65,38.2,50
2026-07-02,06:00,M-A,M,Ghaghra,A,Darauli,55.57,60.82,61.82,0
2026-07-02,06:00,M-B,M,Ghaghra,B,Gangpur Siswan,51.41,57.04,58.26,50
2026-07-02,14:00,A-A,A,Gandak,A,Khada,94.8,96,97.5,0
2026-07-02,14:00,A-B,A,Gandak,B,Chatia,65.56,69.15,70.04,25
2026-07-02,14:00,A-C,A,Gandak,C,Dumaria Ghat,61.56,62.22,64.36,25
2026-07-02,14:00,A-D,A,Gandak,D,Rewa Ghat,51.98,54.41,55.46,25
2026-07-02,14:00,A-E,A,Gandak,E,Hajipur,45.26,50.32,50.93,25
2026-07-02,14:00,B-A,B,Kosi,A,Basua,46.7,47.75,49.24,0
2026-07-02,14:00,B-B,B,Kosi,B,Baltara,33.27,33.85,36.4,25
2026-07-02,14:00,B-C,B,Kosi,C,Kursela,25.57,30,32.1,25
2026-07-02,14:00,C-A,C,Bagmati,A,Dheng,69.3,71,73.47,0
2026-07-02,14:00,C-B,C,Bagmati,B,Sonakhan,67.6,68.8,72.05,25
2026-07-02,14:00,C-C,C,Bagmati,C,Dubadhar,59.68,61.28,63.75,50
2026-07-02,14:00,C-D,C,Bagmati,D,Kansar,56.75,59.06,60.86,25
2026-07-02,14:00,C-E,C,Bagmati,E,Kataunjha,53.3,55,58.36,25
2026-07-02,14:00,C-F,C,Bagmati,F,Benibad,48.12,48.68,50.12,28
2026-07-02,14:00,C-G,C,Bagmati,G,Hayaghat,41.08,45.72,48.96,25
2026-07-02,14:00,D-A,D,Burhi Gandak,A,Sikandarpur,45.61,52.53,54.29,0
2026-07-02,14:00,D-B,D,Burhi Gandak,B,Samastipur,39.84,45.73,49.38,33
2026-07-02,14:00,D-C,D,Burhi Gandak,C,Rosara,36.61,42.63,46.56,25
2026-07-02,14:00,D-D,D,Burhi Gandak,D,Khagaria,30.07,36.58,39.22,25
2026-07-02,14:00,E-A,E,Kamla Balan,A,Jainagar,67,68.5,71.35,0
2026-07-02,14:00,E-B,E,Kamla Balan,B,Jhanjharpur,48.95,50.5,53.11,100
2026-07-02,14:00,F-A,F,Bhuthi Balan,A,Ekma,68.59,69.5,72.1,0
2026-07-02,14:00,G-A,G,Lalbakeya,A,Gowabari,69.3,71.15,73.86,0
2026-07-02,14:00,H-A,H,Ganga,A,Allahabad,70.76,84.73,88.03,0
2026-07-02,14:00,H-B,H,Ganga,B,Varanasi,58.3,71.26,73.9,67
2026-07-02,14:00,H-C,H,Ganga,C,Buxar,48.82,60.32,62.09,50
2026-07-02,14:00,H-D,H,Ganga,D,Digha,43.53,50.45,52.52,50
2026-07-02,14:00,H-E,H,Ganga,E,Gandhi Ghat,43.24,48.6,50.52,25
2026-07-02,14:00,H-F,H,Ganga,F,Hathidah,34.69,41.76,43.52,50
2026-07-02,14:00,H-G,H,Ganga,G,Munger,30.8,39.33,40.99,25
2026-07-02,14:00,H-H,H,Ganga,H,Bhagalpur,26.25,33.68,34.86,25
2026-07-02,14:00,H-I,H,Ganga,I,Kahalgaon,25.59,31.09,32.87,25
2026-07-02,14:00,H-J,H,Ganga,J,Farakka,16.12,22.25,25.14,25
2026-07-02,14:00,I-A,I,Punpun,A,Sripalpur,44.92,50.6,53.91,0
2026-07-02,14:00,J-A,J,Adhwara,A,Sonbarsa,78.63,81.85,83.75,0
2026-07-02,14:00,J-B,J,Adhwara,B,Sundarpur,58.5,61.7,64.1,108
2026-07-02,14:00,J-C,J,Adhwara,C,Pupri,50.9,55.79,56.95,50
2026-07-02,14:00,K-A,K,Khiroi,A,Kamtaul,47.36,50,53.05,0
2026-07-02,14:00,K-B,K,Khiroi,B,Ekmighat,42.22,46.94,49.52,50
2026-07-02,14:00,L-A,L,Mahananda,A,Taibpur,64.61,66,67.26,0
2026-07-02,14:00,L-B,L,Mahananda,B,Dhangaraghat,34.87,35.65,38.2,50
2026-07-02,14:00,M-A,M,Ghaghra,A,Darauli,55.58,60.82,61.82,0
2026-07-02,14:00,M-B,M,Ghaghra,B,Gangpur Siswan,51.4,57.04,58.26,50
2026-07-03,06:00,A-A,A,Gandak,A,Khada,94.9,96,97.5,0
2026-07-03,06:00,A-B,A,Gandak,B,Chatia,65.45,69.15,70.04,25
2026-07-03,06:00,A-C,A,Gandak,C,Dumaria Ghat,61.41,62.22,64.36,25
2026-07-03,06:00,A-D,A,Gandak,D,Rewa Ghat,51.9,54.41,55.46,25
2026-07-03,06:00,A-E,A,Gandak,E,Hajipur,45.11,50.32,50.93,25
2026-07-03,06:00,B-A,B,Kosi,A,Basua,46.62,47.75,49.24,0
2026-07-03,06:00,B-B,B,Kosi,B,Baltara,33.33,33.85,36.4,25
2026-07-03,06:00,B-C,B,Kosi,C,Kursela,25.63,30,32.1,25
2026-07-03,06:00,C-A,C,Bagmati,A,Dheng,69.5,71,73.47,0
2026-07-03,06:00,C-B,C,Bagmati,B,Sonakhan,67.9,68.8,72.05,25
2026-07-03,06:00,C-C,C,Bagmati,C,Dubadhar,59.56,61.28,63.75,50
2026-07-03,06:00,C-D,C,Bagmati,D,Kansar,56.65,59.06,60.86,25
2026-07-03,06:00,C-E,C,Bagmati,E,Kataunjha,53.1,55,58.36,25
2026-07-03,06:00,C-F,C,Bagmati,F,Benibad,47.62,48.68,50.12,28
2026-07-03,06:00,C-G,C,Bagmati,G,Hayaghat,41.12,45.72,48.96,25
2026-07-03,06:00,D-A,D,Burhi Gandak,A,Sikandarpur,45.65,52.53,54.29,0
2026-07-03,06:00,D-B,D,Burhi Gandak,B,Samastipur,39.84,45.73,49.38,33
2026-07-03,06:00,D-C,D,Burhi Gandak,C,Rosara,36.65,42.63,46.56,25
2026-07-03,06:00,D-D,D,Burhi Gandak,D,Khagaria,30.07,36.58,39.22,25
2026-07-03,06:00,E-A,E,Kamla Balan,A,Jainagar,67,68.5,71.35,0
2026-07-03,06:00,E-B,E,Kamla Balan,B,Jhanjharpur,48.7,50.5,53.11,100
2026-07-03,06:00,F-A,F,Bhuthi Balan,A,Ekma,68.59,69.5,72.1,0
2026-07-03,06:00,G-A,G,Lalbakeya,A,Gowabari,69.05,71.15,73.86,0
2026-07-03,06:00,H-A,H,Ganga,A,Allahabad,70.75,84.73,88.03,0
2026-07-03,06:00,H-B,H,Ganga,B,Varanasi,58.29,71.26,73.9,67
2026-07-03,06:00,H-C,H,Ganga,C,Buxar,48.8,60.32,62.09,50
2026-07-03,06:00,H-D,H,Ganga,D,Digha,43.42,50.45,52.52,50
2026-07-03,06:00,H-E,H,Ganga,E,Gandhi Ghat,43.16,48.6,50.52,25
2026-07-03,06:00,H-F,H,Ganga,F,Hathidah,34.89,41.76,43.52,50
2026-07-03,06:00,H-G,H,Ganga,G,Munger,30.76,39.33,40.99,25
2026-07-03,06:00,H-H,H,Ganga,H,Bhagalpur,26.28,33.68,34.86,25
2026-07-03,06:00,H-I,H,Ganga,I,Kahalgaon,25.6,31.09,32.87,25
2026-07-03,06:00,H-J,H,Ganga,J,Farakka,16.35,22.25,25.14,25
2026-07-03,06:00,I-A,I,Punpun,A,Sripalpur,44.91,50.6,53.91,0
2026-07-03,06:00,J-A,J,Adhwara,A,Sonbarsa,78.63,81.85,83.75,0
2026-07-03,06:00,J-B,J,Adhwara,B,Sundarpur,58.5,61.7,64.1,108
2026-07-03,06:00,J-C,J,Adhwara,C,Pupri,50.9,55.79,56.95,50
2026-07-03,06:00,K-A,K,Khiroi,A,Kamtaul,47.33,50,53.05,0
2026-07-03,06:00,K-B,K,Khiroi,B,Ekmighat,42.23,46.94,49.52,50
2026-07-03,06:00,L-A,L,Mahananda,A,Taibpur,64.51,66,67.26,0
2026-07-03,06:00,L-B,L,Mahananda,B,Dhangaraghat,34.64,35.65,38.2,50
2026-07-03,06:00,M-A,M,Ghaghra,A,Darauli,55.6,60.82,61.82,0
2026-07-03,06:00,M-B,M,Ghaghra,B,Gangpur Siswan,51.39,57.04,58.26,50
2026-07-03,14:00,A-A,A,Gandak,A,Khada,94.72,96,97.5,0
2026-07-03,14:00,A-B,A,Gandak,B,Chatia,65.45,69.15,70.04,25
2026-07-03,14:00,A-C,A,Gandak,C,Dumaria Ghat,61.51,62.22,64.36,25
2026-07-03,14:00,A-D,A,Gandak,D,Rewa Ghat,51.86,54.41,55.46,25
2026-07-03,14:00,A-E,A,Gandak,E,Hajipur,45.04,50.32,50.93,25
2026-07-03,14:00,B-A,B,Kosi,A,Basua,46.6,47.75,49.24,0
2026-07-03,14:00,B-B,B,Kosi,B,Baltara,33.23,33.85,36.4,25
2026-07-03,14:00,B-C,B,Kosi,C,Kursela,25.63,30,32.1,25
2026-07-03,14:00,C-A,C,Bagmati,A,Dheng,69.55,71,73.47,0
2026-07-03,14:00,C-B,C,Bagmati,B,Sonakhan,67.95,68.8,72.05,25
2026-07-03,14:00,C-C,C,Bagmati,C,Dubadhar,59.6,61.28,63.75,50
2026-07-03,14:00,C-D,C,Bagmati,D,Kansar,56.62,59.06,60.86,25
2026-07-03,14:00,C-E,C,Bagmati,E,Kataunjha,53.08,55,58.36,25
2026-07-03,14:00,C-F,C,Bagmati,F,Benibad,47.5,48.68,50.12,28
2026-07-03,14:00,C-G,C,Bagmati,G,Hayaghat,40.96,45.72,48.96,25
2026-07-03,14:00,D-A,D,Burhi Gandak,A,Sikandarpur,45.65,52.53,54.29,0
2026-07-03,14:00,D-B,D,Burhi Gandak,B,Samastipur,39.84,45.73,49.38,33
2026-07-03,14:00,D-C,D,Burhi Gandak,C,Rosara,36.65,42.63,46.56,25
2026-07-03,14:00,D-D,D,Burhi Gandak,D,Khagaria,30.11,36.58,39.22,25
2026-07-03,14:00,E-A,E,Kamla Balan,A,Jainagar,67,68.5,71.35,0
2026-07-03,14:00,E-B,E,Kamla Balan,B,Jhanjharpur,48.7,50.5,53.11,100
2026-07-03,14:00,F-A,F,Bhuthi Balan,A,Ekma,68.59,69.5,72.1,0
2026-07-03,14:00,G-A,G,Lalbakeya,A,Gowabari,69.05,71.15,73.86,0
2026-07-03,14:00,H-A,H,Ganga,A,Allahabad,70.75,84.73,88.03,0
2026-07-03,14:00,H-B,H,Ganga,B,Varanasi,58.29,71.26,73.9,67
2026-07-03,14:00,H-C,H,Ganga,C,Buxar,48.82,60.32,62.09,50
2026-07-03,14:00,H-D,H,Ganga,D,Digha,43.34,50.45,52.52,50
2026-07-03,14:00,H-E,H,Ganga,E,Gandhi Ghat,43.1,48.6,50.52,25
2026-07-03,14:00,H-F,H,Ganga,F,Hathidah,34.92,41.76,43.52,50
2026-07-03,14:00,H-G,H,Ganga,G,Munger,30.76,39.33,40.99,25
2026-07-03,14:00,H-H,H,Ganga,H,Bhagalpur,26.3,33.68,34.86,25
2026-07-03,14:00,H-I,H,Ganga,I,Kahalgaon,25.6,31.09,32.87,25
2026-07-03,14:00,H-J,H,Ganga,J,Farakka,16.34,22.25,25.14,25
2026-07-03,14:00,I-A,I,Punpun,A,Sripalpur,44.91,50.6,53.91,0
2026-07-03,14:00,J-A,J,Adhwara,A,Sonbarsa,78.62,81.85,83.75,0
2026-07-03,14:00,J-B,J,Adhwara,B,Sundarpur,58.5,61.7,64.1,108
2026-07-03,14:00,J-C,J,Adhwara,C,Pupri,50.9,55.79,56.95,50
2026-07-03,14:00,K-A,K,Khiroi,A,Kamtaul,47.31,50,53.05,0
2026-07-03,14:00,K-B,K,Khiroi,B,Ekmighat,42.08,46.94,49.52,50
2026-07-03,14:00,L-A,L,Mahananda,A,Taibpur,64.35,66,67.26,0
2026-07-03,14:00,L-B,L,Mahananda,B,Dhangaraghat,34.52,35.65,38.2,50
2026-07-03,14:00,M-A,M,Ghaghra,A,Darauli,55.74,60.82,61.82,0
2026-07-03,14:00,M-B,M,Ghaghra,B,Gangpur Siswan,51.38,57.04,58.26,50
2026-07-04,06:00,A-A,A,Gandak,A,Khada,94.91,96,97.5,0
2026-07-04,06:00,A-B,A,Gandak,B,Chatia,65.49,69.15,70.04,25
2026-07-04,06:00,A-C,A,Gandak,C,Dumaria Ghat,61.67,62.22,64.36,25
2026-07-04,06:00,A-D,A,Gandak,D,Rewa Ghat,51.86,54.41,55.46,25
2026-07-04,06:00,A-E,A,Gandak,E,Hajipur,45.03,50.32,50.93,25
2026-07-04,06:00,B-A,B,Kosi,A,Basua,46.56,47.75,49.24,0
2026-07-04,06:00,B-B,B,Kosi,B,Baltara,33.15,33.85,36.4,25
2026-07-04,06:00,B-C,B,Kosi,C,Kursela,25.61,30,32.1,25
2026-07-04,06:00,C-A,C,Bagmati,A,Dheng,69.4,71,73.47,0
2026-07-04,06:00,C-B,C,Bagmati,B,Sonakhan,67.8,68.8,72.05,25
2026-07-04,06:00,C-C,C,Bagmati,C,Dubadhar,59.78,61.28,63.75,50
2026-07-04,06:00,C-D,C,Bagmati,D,Kansar,56.85,59.06,60.86,25
2026-07-04,06:00,C-E,C,Bagmati,E,Kataunjha,53.3,55,58.36,25
2026-07-04,06:00,C-F,C,Bagmati,F,Benibad,47.26,48.68,50.12,28
2026-07-04,06:00,C-G,C,Bagmati,G,Hayaghat,40.72,45.72,48.96,25
2026-07-04,06:00,D-A,D,Burhi Gandak,A,Sikandarpur,45.68,52.53,54.29,0
2026-07-04,06:00,D-B,D,Burhi Gandak,B,Samastipur,39.84,45.73,49.38,33
2026-07-04,06:00,D-C,D,Burhi Gandak,C,Rosara,36.65,42.63,46.56,25
2026-07-04,06:00,D-D,D,Burhi Gandak,D,Khagaria,30.15,36.58,39.22,25
2026-07-04,06:00,E-A,E,Kamla Balan,A,Jainagar,67,68.5,71.35,0
2026-07-04,06:00,E-B,E,Kamla Balan,B,Jhanjharpur,48.55,50.5,53.11,100
2026-07-04,06:00,F-A,F,Bhuthi Balan,A,Ekma,68.59,69.5,72.1,0
2026-07-04,06:00,G-A,G,Lalbakeya,A,Gowabari,69.1,71.15,73.86,0
2026-07-04,06:00,H-A,H,Ganga,A,Allahabad,70.74,84.73,88.03,0
2026-07-04,06:00,H-B,H,Ganga,B,Varanasi,58.28,71.26,73.9,67
2026-07-04,06:00,H-C,H,Ganga,C,Buxar,48.88,60.32,62.09,50
2026-07-04,06:00,H-D,H,Ganga,D,Digha,43.3,50.45,52.52,50
2026-07-04,06:00,H-E,H,Ganga,E,Gandhi Ghat,43.16,48.6,50.52,25
2026-07-04,06:00,H-F,H,Ganga,F,Hathidah,34.92,41.76,43.52,50
2026-07-04,06:00,H-G,H,Ganga,G,Munger,30.74,39.33,40.99,25
2026-07-04,06:00,H-H,H,Ganga,H,Bhagalpur,26.36,33.68,34.86,25
2026-07-04,06:00,H-I,H,Ganga,I,Kahalgaon,25.66,31.09,32.87,25
2026-07-04,06:00,H-J,H,Ganga,J,Farakka,16.24,22.25,25.14,25
2026-07-04,06:00,I-A,I,Punpun,A,Sripalpur,44.9,50.6,53.91,0
2026-07-04,06:00,J-A,J,Adhwara,A,Sonbarsa,78.62,81.85,83.75,0
2026-07-04,06:00,J-B,J,Adhwara,B,Sundarpur,58.5,61.7,64.1,108
2026-07-04,06:00,J-C,J,Adhwara,C,Pupri,50.9,55.79,56.95,50
2026-07-04,06:00,K-A,K,Khiroi,A,Kamtaul,47.23,50,53.05,0
2026-07-04,06:00,K-B,K,Khiroi,B,Ekmighat,41.82,46.94,49.52,50
2026-07-04,06:00,L-A,L,Mahananda,A,Taibpur,64.3,66,67.26,0
2026-07-04,06:00,L-B,L,Mahananda,B,Dhangaraghat,34.35,35.65,38.2,50
2026-07-04,06:00,M-A,M,Ghaghra,A,Darauli,55.76,60.82,61.82,0
2026-07-04,06:00,M-B,M,Ghaghra,B,Gangpur Siswan,51.38,57.04,58.26,50
2026-07-04,14:00,A-A,A,Gandak,A,Khada,94.82,96,97.5,0
2026-07-04,14:00,A-B,A,Gandak,B,Chatia,65.63,69.15,70.04,25
2026-07-04,14:00,A-C,A,Gandak,C,Dumaria Ghat,61.63,62.22,64.36,25
2026-07-04,14:00,A-D,A,Gandak,D,Rewa Ghat,51.9,54.41,55.46,25
2026-07-04,14:00,A-E,A,Gandak,E,Hajipur,45.14,50.32,50.93,25
2026-07-04,14:00,B-A,B,Kosi,A,Basua,46.59,47.75,49.24,0
2026-07-04,14:00,B-B,B,Kosi,B,Baltara,32.99,33.85,36.4,25
2026-07-04,14:00,B-C,B,Kosi,C,Kursela,25.59,30,32.1,25
2026-07-04,14:00,C-A,C,Bagmati,A,Dheng,69.3,71,73.47,0
2026-07-04,14:00,C-B,C,Bagmati,B,Sonakhan,67.7,68.8,72.05,25
2026-07-04,14:00,C-C,C,Bagmati,C,Dubadhar,59.68,61.28,63.75,50
2026-07-04,14:00,C-D,C,Bagmati,D,Kansar,56.8,59.06,60.86,25
2026-07-04,14:00,C-E,C,Bagmati,E,Kataunjha,53.28,55,58.36,25
2026-07-04,14:00,C-F,C,Bagmati,F,Benibad,47.26,48.68,50.12,28
2026-07-04,14:00,C-G,C,Bagmati,G,Hayaghat,40.6,45.72,48.96,25
2026-07-04,14:00,D-A,D,Burhi Gandak,A,Sikandarpur,45.68,52.53,54.29,0
2026-07-04,14:00,D-B,D,Burhi Gandak,B,Samastipur,39.84,45.73,49.38,33
2026-07-04,14:00,D-C,D,Burhi Gandak,C,Rosara,36.65,42.63,46.56,25
2026-07-04,14:00,D-D,D,Burhi Gandak,D,Khagaria,30.19,36.58,39.22,25
2026-07-04,14:00,E-A,E,Kamla Balan,A,Jainagar,67,68.5,71.35,0
2026-07-04,14:00,E-B,E,Kamla Balan,B,Jhanjharpur,48.55,50.5,53.11,100
2026-07-04,14:00,F-A,F,Bhuthi Balan,A,Ekma,68.59,69.5,72.1,0
2026-07-04,14:00,G-A,G,Lalbakeya,A,Gowabari,69.1,71.15,73.86,0
2026-07-04,14:00,H-A,H,Ganga,A,Allahabad,70.74,84.73,88.03,0
2026-07-04,14:00,H-B,H,Ganga,B,Varanasi,58.27,71.26,73.9,67
2026-07-04,14:00,H-C,H,Ganga,C,Buxar,48.89,60.32,62.09,50
2026-07-04,14:00,H-D,H,Ganga,D,Digha,43.34,50.45,52.52,50
2026-07-04,14:00,H-E,H,Ganga,E,Gandhi Ghat,43.19,48.6,50.52,25
2026-07-04,14:00,H-F,H,Ganga,F,Hathidah,34.88,41.76,43.52,50
2026-07-04,14:00,H-G,H,Ganga,G,Munger,30.76,39.33,40.99,25
2026-07-04,14:00,H-H,H,Ganga,H,Bhagalpur,26.38,33.68,34.86,25
2026-07-04,14:00,H-I,H,Ganga,I,Kahalgaon,25.68,31.09,32.87,25
2026-07-04,14:00,H-J,H,Ganga,J,Farakka,16.12,22.25,25.14,25
2026-07-04,14:00,I-A,I,Punpun,A,Sripalpur,44.9,50.6,53.91,0
2026-07-04,14:00,J-A,J,Adhwara,A,Sonbarsa,78.62,81.85,83.75,0
2026-07-04,14:00,J-B,J,Adhwara,B,Sundarpur,58.5,61.7,64.1,108
2026-07-04,14:00,J-C,J,Adhwara,C,Pupri,50.9,55.79,56.95,50
2026-07-04,14:00,K-A,K,Khiroi,A,Kamtaul,47.19,50,53.05,0
2026-07-04,14:00,K-B,K,Khiroi,B,Ekmighat,41.8,46.94,49.52,50
2026-07-04,14:00,L-A,L,Mahananda,A,Taibpur,64.24,66,67.26,0
2026-07-04,14:00,L-B,L,Mahananda,B,Dhangaraghat,34.27,35.65,38.2,50
2026-07-04,14:00,M-A,M,Ghaghra,A,Darauli,55.76,60.82,61.82,0
2026-07-04,14:00,M-B,M,Ghaghra,B,Gangpur Siswan,51.41,57.04,58.26,50
2026-07-05,06:00,A-A,A,Gandak,A,Khada,94.88,96,97.5,0
2026-07-05,06:00,A-B,A,Gandak,B,Chatia,65.56,69.15,70.04,25
2026-07-05,06:00,A-C,A,Gandak,C,Dumaria Ghat,61.8,62.22,64.36,25
2026-07-05,06:00,A-D,A,Gandak,D,Rewa Ghat,52.02,54.41,55.46,25
2026-07-05,06:00,A-E,A,Gandak,E,Hajipur,45.23,50.32,50.93,25
2026-07-05,06:00,B-A,B,Kosi,A,Basua,46.67,47.75,49.24,0
2026-07-05,06:00,B-B,B,Kosi,B,Baltara,32.97,33.85,36.4,25
2026-07-05,06:00,B-C,B,Kosi,C,Kursela,25.56,30,32.1,25
2026-07-05,06:00,C-A,C,Bagmati,A,Dheng,69.4,71,73.47,0
2026-07-05,06:00,C-B,C,Bagmati,B,Sonakhan,67.8,68.8,72.05,25
2026-07-05,06:00,C-C,C,Bagmati,C,Dubadhar,59.46,61.28,63.75,50
2026-07-05,06:00,C-D,C,Bagmati,D,Kansar,56.6,59.06,60.86,25
2026-07-05,06:00,C-E,C,Bagmati,E,Kataunjha,53.15,55,58.36,25
2026-07-05,06:00,C-F,C,Bagmati,F,Benibad,47.56,48.68,50.12,28
2026-07-05,06:00,C-G,C,Bagmati,G,Hayaghat,40.62,45.72,48.96,25
2026-07-05,06:00,D-A,D,Burhi Gandak,A,Sikandarpur,45.6,52.53,54.29,0
2026-07-05,06:00,D-B,D,Burhi Gandak,B,Samastipur,39.85,45.73,49.38,33
2026-07-05,06:00,D-C,D,Burhi Gandak,C,Rosara,36.65,42.63,46.56,25
2026-07-05,06:00,D-D,D,Burhi Gandak,D,Khagaria,30.32,36.58,39.22,25
2026-07-05,06:00,E-A,E,Kamla Balan,A,Jainagar,67,68.5,71.35,0
2026-07-05,06:00,E-B,E,Kamla Balan,B,Jhanjharpur,48.52,50.5,53.11,100
2026-07-05,06:00,F-A,F,Bhuthi Balan,A,Ekma,68.59,69.5,72.1,0
2026-07-05,06:00,G-A,G,Lalbakeya,A,Gowabari,69,71.15,73.86,0
2026-07-05,06:00,H-A,H,Ganga,A,Allahabad,70.75,84.73,88.03,0
2026-07-05,06:00,H-B,H,Ganga,B,Varanasi,58.26,71.26,73.9,67
2026-07-05,06:00,H-C,H,Ganga,C,Buxar,48.86,60.32,62.09,50
2026-07-05,06:00,H-D,H,Ganga,D,Digha,43.44,50.45,52.52,50
2026-07-05,06:00,H-E,H,Ganga,E,Gandhi Ghat,43.27,48.6,50.52,25
2026-07-05,06:00,H-F,H,Ganga,F,Hathidah,34.81,41.76,43.52,50
2026-07-05,06:00,H-G,H,Ganga,G,Munger,30.89,39.33,40.99,25
2026-07-05,06:00,H-H,H,Ganga,H,Bhagalpur,26.5,33.68,34.86,25
2026-07-05,06:00,H-I,H,Ganga,I,Kahalgaon,25.73,31.09,32.87,25
2026-07-05,06:00,H-J,H,Ganga,J,Farakka,16,22.25,25.14,25
2026-07-05,06:00,I-A,I,Punpun,A,Sripalpur,44.89,50.6,53.91,0
2026-07-05,06:00,J-A,J,Adhwara,A,Sonbarsa,78.62,81.85,83.75,0
2026-07-05,06:00,J-B,J,Adhwara,B,Sundarpur,58.5,61.7,64.1,108
2026-07-05,06:00,J-C,J,Adhwara,C,Pupri,50.92,55.79,56.95,50
2026-07-05,06:00,K-A,K,Khiroi,A,Kamtaul,47.16,50,53.05,0
2026-07-05,06:00,K-B,K,Khiroi,B,Ekmighat,41.73,46.94,49.52,50
2026-07-05,06:00,L-A,L,Mahananda,A,Taibpur,64.18,66,67.26,0
2026-07-05,06:00,L-B,L,Mahananda,B,Dhangaraghat,34.21,35.65,38.2,50
2026-07-05,06:00,M-A,M,Ghaghra,A,Darauli,55.76,60.82,61.82,0
2026-07-05,06:00,M-B,M,Ghaghra,B,Gangpur Siswan,51.41,57.04,58.26,50
2026-07-05,14:00,A-A,A,Gandak,A,Khada,94.7,96,97.5,0
2026-07-05,14:00,A-B,A,Gandak,B,Chatia,65.64,69.15,70.04,25
2026-07-05,14:00,A-C,A,Gandak,C,Dumaria Ghat,61.84,62.22,64.36,25
2026-07-05,14:00,A-D,A,Gandak,D,Rewa Ghat,52.05,54.41,55.46,25
2026-07-05,14:00,A-E,A,Gandak,E,Hajipur,45.23,50.32,50.93,25
2026-07-05,14:00,B-A,B,Kosi,A,Basua,46.71,47.75,49.24,0
2026-07-05,14:00,B-B,B,Kosi,B,Baltara,33.1,33.85,36.4,25
2026-07-05,14:00,B-C,B,Kosi,C,Kursela,25.55,30,32.1,25
2026-07-05,14:00,C-A,C,Bagmati,A,Dheng,69.3,71,73.47,0
2026-07-05,14:00,C-B,C,Bagmati,B,Sonakhan,67.7,68.8,72.05,25
2026-07-05,14:00,C-C,C,Bagmati,C,Dubadhar,59.52,61.28,63.75,50
2026-07-05,14:00,C-D,C,Bagmati,D,Kansar,56.47,59.06,60.86,25
2026-07-05,14:00,C-E,C,Bagmati,E,Kataunjha,53.1,55,58.36,25
2026-07-05,14:00,C-F,C,Bagmati,F,Benibad,47.5,48.68,50.12,28
2026-07-05,14:00,C-G,C,Bagmati,G,Hayaghat,40.73,45.72,48.96,25
2026-07-05,14:00,D-A,D,Burhi Gandak,A,Sikandarpur,45.6,52.53,54.29,0
2026-07-05,14:00,D-B,D,Burhi Gandak,B,Samastipur,39.89,45.73,49.38,33
2026-07-05,14:00,D-C,D,Burhi Gandak,C,Rosara,36.65,42.63,46.56,25
2026-07-05,14:00,D-D,D,Burhi Gandak,D,Khagaria,30.33,36.58,39.22,25
2026-07-05,14:00,E-A,E,Kamla Balan,A,Jainagar,67,68.5,71.35,0
2026-07-05,14:00,E-B,E,Kamla Balan,B,Jhanjharpur,48.52,50.5,53.11,100
2026-07-05,14:00,F-A,F,Bhuthi Balan,A,Ekma,68.59,69.5,72.1,0
2026-07-05,14:00,G-A,G,Lalbakeya,A,Gowabari,69,71.15,73.86,0
2026-07-05,14:00,H-A,H,Ganga,A,Allahabad,70.75,84.73,88.03,0
2026-07-05,14:00,H-B,H,Ganga,B,Varanasi,58.26,71.26,73.9,67
2026-07-05,14:00,H-C,H,Ganga,C,Buxar,48.85,60.32,62.09,50
2026-07-05,14:00,H-D,H,Ganga,D,Digha,43.46,50.45,52.52,50
2026-07-05,14:00,H-E,H,Ganga,E,Gandhi Ghat,43.28,48.6,50.52,25
2026-07-05,14:00,H-F,H,Ganga,F,Hathidah,34.79,41.76,43.52,50
2026-07-05,14:00,H-G,H,Ganga,G,Munger,31.03,39.33,40.99,25
2026-07-05,14:00,H-H,H,Ganga,H,Bhagalpur,26.54,33.68,34.86,25
2026-07-05,14:00,H-I,H,Ganga,I,Kahalgaon,25.73,31.09,32.87,25
2026-07-05,14:00,H-J,H,Ganga,J,Farakka,15.93,22.25,25.14,25
2026-07-05,14:00,I-A,I,Punpun,A,Sripalpur,44.9,50.6,53.91,0
2026-07-05,14:00,J-A,J,Adhwara,A,Sonbarsa,78.62,81.85,83.75,0
2026-07-05,14:00,J-B,J,Adhwara,B,Sundarpur,58.5,61.7,64.1,108
2026-07-05,14:00,J-C,J,Adhwara,C,Pupri,50.9,55.79,56.95,50
2026-07-05,14:00,K-A,K,Khiroi,A,Kamtaul,47.15,50,53.05,0
2026-07-05,14:00,K-B,K,Khiroi,B,Ekmighat,41.73,46.94,49.52,50
2026-07-05,14:00,L-A,L,Mahananda,A,Taibpur,64.18,66,67.26,0
2026-07-05,14:00,L-B,L,Mahananda,B,Dhangaraghat,34.12,35.65,38.2,50
2026-07-05,14:00,M-A,M,Ghaghra,A,Darauli,55.74,60.82,61.82,0
2026-07-05,14:00,M-B,M,Ghaghra,B,Gangpur Siswan,51.38,57.04,58.26,50
2026-07-06,06:00,A-A,A,Gandak,A,Khada,95.22,96,97.5,0
2026-07-06,06:00,A-B,A,Gandak,B,Chatia,65.76,69.15,70.04,25
2026-07-06,06:00,A-C,A,Gandak,C,Dumaria Ghat,61.84,62.22,64.36,25
2026-07-06,06:00,A-D,A,Gandak,D,Rewa Ghat,52.12,54.41,55.46,25
2026-07-06,06:00,A-E,A,Gandak,E,Hajipur,45.31,50.32,50.93,25
2026-07-06,06:00,B-A,B,Kosi,A,Basua,46.6,47.75,49.24,0
2026-07-06,06:00,B-B,B,Kosi,B,Baltara,33.2,33.85,36.4,25
2026-07-06,06:00,B-C,B,Kosi,C,Kursela,25.64,30,32.1,25
2026-07-06,06:00,C-A,C,Bagmati,A,Dheng,69.42,71,73.47,0
2026-07-06,06:00,C-B,C,Bagmati,B,Sonakhan,67.82,68.8,72.05,25
2026-07-06,06:00,C-C,C,Bagmati,C,Dubadhar,59.71,61.28,63.75,50
2026-07-06,06:00,C-D,C,Bagmati,D,Kansar,56.7,59.06,60.86,25
2026-07-06,06:00,C-E,C,Bagmati,E,Kataunjha,53.1,55,58.36,25
2026-07-06,06:00,C-F,C,Bagmati,F,Benibad,47.34,48.68,50.12,28
2026-07-06,06:00,C-G,C,Bagmati,G,Hayaghat,40.62,45.72,48.96,25
2026-07-06,06:00,D-A,D,Burhi Gandak,A,Sikandarpur,45.58,52.53,54.29,0
2026-07-06,06:00,D-B,D,Burhi Gandak,B,Samastipur,39.95,45.73,49.38,33
2026-07-06,06:00,D-C,D,Burhi Gandak,C,Rosara,36.65,42.63,46.56,25
2026-07-06,06:00,D-D,D,Burhi Gandak,D,Khagaria,30.34,36.58,39.22,25
2026-07-06,06:00,E-A,E,Kamla Balan,A,Jainagar,67,68.5,71.35,0
2026-07-06,06:00,E-B,E,Kamla Balan,B,Jhanjharpur,48.5,50.5,53.11,100
2026-07-06,06:00,F-A,F,Bhuthi Balan,A,Ekma,68.59,69.5,72.1,0
2026-07-06,06:00,G-A,G,Lalbakeya,A,Gowabari,68.9,71.15,73.86,0
2026-07-06,06:00,H-A,H,Ganga,A,Allahabad,70.76,84.73,88.03,0
2026-07-06,06:00,H-B,H,Ganga,B,Varanasi,58.26,71.26,73.9,67
2026-07-06,06:00,H-C,H,Ganga,C,Buxar,48.81,60.32,62.09,50
2026-07-06,06:00,H-D,H,Ganga,D,Digha,43.58,50.45,52.52,50
2026-07-06,06:00,H-E,H,Ganga,E,Gandhi Ghat,43.45,48.6,50.52,25
2026-07-06,06:00,H-F,H,Ganga,F,Hathidah,34.8,41.76,43.52,50
2026-07-06,06:00,H-G,H,Ganga,G,Munger,31.35,39.33,40.99,25
2026-07-06,06:00,H-H,H,Ganga,H,Bhagalpur,26.66,33.68,34.86,25
2026-07-06,06:00,H-I,H,Ganga,I,Kahalgaon,25.75,31.09,32.87,25
2026-07-06,06:00,H-J,H,Ganga,J,Farakka,15.89,22.25,25.14,25
2026-07-06,06:00,I-A,I,Punpun,A,Sripalpur,44.94,50.6,53.91,0
2026-07-06,06:00,J-A,J,Adhwara,A,Sonbarsa,78.64,81.85,83.75,0
2026-07-06,06:00,J-B,J,Adhwara,B,Sundarpur,58.5,61.7,64.1,108
2026-07-06,06:00,J-C,J,Adhwara,C,Pupri,50.9,55.79,56.95,50
2026-07-06,06:00,K-A,K,Khiroi,A,Kamtaul,47.04,50,53.05,0
2026-07-06,06:00,K-B,K,Khiroi,B,Ekmighat,41.63,46.94,49.52,50
2026-07-06,06:00,L-A,L,Mahananda,A,Taibpur,64.25,66,67.26,0
2026-07-06,06:00,L-B,L,Mahananda,B,Dhangaraghat,33.98,35.65,38.2,50
2026-07-06,06:00,M-A,M,Ghaghra,A,Darauli,55.76,60.82,61.82,0
2026-07-06,06:00,M-B,M,Ghaghra,B,Gangpur Siswan,51.37,57.04,58.26,50
2026-07-06,14:00,A-A,A,Gandak,A,Khada,95.19,96,97.5,0
2026-07-06,14:00,A-B,A,Gandak,B,Chatia,65.7,69.15,70.04,25
2026-07-06,14:00,A-C,A,Gandak,C,Dumaria Ghat,61.82,62.22,64.36,25
2026-07-06,14:00,A-D,A,Gandak,D,Rewa Ghat,52.18,54.41,55.46,25
2026-07-06,14:00,A-E,A,Gandak,E,Hajipur,45.35,50.32,50.93,25
2026-07-06,14:00,B-A,B,Kosi,A,Basua,46.6,47.75,49.24,0
2026-07-06,14:00,B-B,B,Kosi,B,Baltara,33.18,33.85,36.4,25
2026-07-06,14:00,B-C,B,Kosi,C,Kursela,25.67,30,32.1,25
2026-07-06,14:00,C-A,C,Bagmati,A,Dheng,69.35,71,73.47,0
2026-07-06,14:00,C-B,C,Bagmati,B,Sonakhan,67.75,68.8,72.05,25
2026-07-06,14:00,C-C,C,Bagmati,C,Dubadhar,59.77,61.28,63.75,50
2026-07-06,14:00,C-D,C,Bagmati,D,Kansar,56.86,59.06,60.86,25
2026-07-06,14:00,C-E,C,Bagmati,E,Kataunjha,53.2,55,58.36,25
2026-07-06,14:00,C-F,C,Bagmati,F,Benibad,47.26,48.68,50.12,28
2026-07-06,14:00,C-G,C,Bagmati,G,Hayaghat,40.56,45.72,48.96,25
2026-07-06,14:00,D-A,D,Burhi Gandak,A,Sikandarpur,45.5,52.53,54.29,0
2026-07-06,14:00,D-B,D,Burhi Gandak,B,Samastipur,39.99,45.73,49.38,33
2026-07-06,14:00,D-C,D,Burhi Gandak,C,Rosara,36.65,42.63,46.56,25
2026-07-06,14:00,D-D,D,Burhi Gandak,D,Khagaria,30.34,36.58,39.22,25
2026-07-06,14:00,E-A,E,Kamla Balan,A,Jainagar,67,68.5,71.35,0
2026-07-06,14:00,E-B,E,Kamla Balan,B,Jhanjharpur,48.5,50.5,53.11,100
2026-07-06,14:00,F-A,F,Bhuthi Balan,A,Ekma,68.59,69.5,72.1,0
2026-07-06,14:00,G-A,G,Lalbakeya,A,Gowabari,68.9,71.15,73.86,0
2026-07-06,14:00,H-A,H,Ganga,A,Allahabad,70.74,84.73,88.03,0
2026-07-06,14:00,H-B,H,Ganga,B,Varanasi,58.26,71.26,73.9,67
2026-07-06,14:00,H-C,H,Ganga,C,Buxar,48.78,60.32,62.09,50
2026-07-06,14:00,H-D,H,Ganga,D,Digha,43.66,50.45,52.52,50
2026-07-06,14:00,H-E,H,Ganga,E,Gandhi Ghat,43.46,48.6,50.52,25
2026-07-06,14:00,H-F,H,Ganga,F,Hathidah,34.83,41.76,43.52,50
2026-07-06,14:00,H-G,H,Ganga,G,Munger,31.39,39.33,40.99,25
2026-07-06,14:00,H-H,H,Ganga,H,Bhagalpur,26.7,33.68,34.86,25
2026-07-06,14:00,H-I,H,Ganga,I,Kahalgaon,25.87,31.09,32.87,25
2026-07-06,14:00,H-J,H,Ganga,J,Farakka,15.93,22.25,25.14,25
2026-07-06,14:00,I-A,I,Punpun,A,Sripalpur,44.95,50.6,53.91,0
2026-07-06,14:00,J-A,J,Adhwara,A,Sonbarsa,78.72,81.85,83.75,0
2026-07-06,14:00,J-B,J,Adhwara,B,Sundarpur,58.5,61.7,64.1,108
2026-07-06,14:00,J-C,J,Adhwara,C,Pupri,50.9,55.79,56.95,50
2026-07-06,14:00,K-A,K,Khiroi,A,Kamtaul,46.98,50,53.05,0
2026-07-06,14:00,K-B,K,Khiroi,B,Ekmighat,41.56,46.94,49.52,50
2026-07-06,14:00,L-A,L,Mahananda,A,Taibpur,64.15,66,67.26,0
2026-07-06,14:00,L-B,L,Mahananda,B,Dhangaraghat,34,35.65,38.2,50
2026-07-06,14:00,M-A,M,Ghaghra,A,Darauli,55.88,60.82,61.82,0
2026-07-06,14:00,M-B,M,Ghaghra,B,Gangpur Siswan,51.37,57.04,58.26,50
2026-07-07,06:00,A-A,A,Gandak,A,Khada,94.86,96,97.5,0
2026-07-07,06:00,A-B,A,Gandak,B,Chatia,65.7,69.15,70.04,25
2026-07-07,06:00,A-C,A,Gandak,C,Dumaria Ghat,62.16,62.22,64.36,25
2026-07-07,06:00,A-D,A,Gandak,D,Rewa Ghat,52.13,54.41,55.46,25
2026-07-07,06:00,A-E,A,Gandak,E,Hajipur,45.3,50.32,50.93,25
2026-07-07,06:00,B-A,B,Kosi,A,Basua,46.67,47.75,49.24,0
2026-07-07,06:00,B-B,B,Kosi,B,Baltara,33.07,33.85,36.4,25
2026-07-07,06:00,B-C,B,Kosi,C,Kursela,25.7,30,32.1,25
2026-07-07,06:00,C-A,C,Bagmati,A,Dheng,69.05,71,73.47,0
2026-07-07,06:00,C-B,C,Bagmati,B,Sonakhan,67.45,68.8,72.05,25
2026-07-07,06:00,C-C,C,Bagmati,C,Dubadhar,59.39,61.28,63.75,50
2026-07-07,06:00,C-D,C,Bagmati,D,Kansar,56.55,59.06,60.86,25
2026-07-07,06:00,C-E,C,Bagmati,E,Kataunjha,53.1,55,58.36,25
2026-07-07,06:00,C-F,C,Bagmati,F,Benibad,47.18,48.68,50.12,28
2026-07-07,06:00,C-G,C,Bagmati,G,Hayaghat,40.48,45.72,48.96,25
2026-07-07,06:00,D-A,D,Burhi Gandak,A,Sikandarpur,45.49,52.53,54.29,0
2026-07-07,06:00,D-B,D,Burhi Gandak,B,Samastipur,40.05,45.73,49.38,33
2026-07-07,06:00,D-C,D,Burhi Gandak,C,Rosara,36.65,42.63,46.56,25
2026-07-07,06:00,D-D,D,Burhi Gandak,D,Khagaria,30.36,36.58,39.22,25
2026-07-07,06:00,E-A,E,Kamla Balan,A,Jainagar,67,68.5,71.35,0
2026-07-07,06:00,E-B,E,Kamla Balan,B,Jhanjharpur,48.4,50.5,53.11,100
2026-07-07,06:00,F-A,F,Bhuthi Balan,A,Ekma,68.59,69.5,72.1,0
2026-07-07,06:00,G-A,G,Lalbakeya,A,Gowabari,69,71.15,73.86,0
2026-07-07,06:00,H-A,H,Ganga,A,Allahabad,70.74,84.73,88.03,0
2026-07-07,06:00,H-B,H,Ganga,B,Varanasi,58.33,71.26,73.9,67
2026-07-07,06:00,H-C,H,Ganga,C,Buxar,48.73,60.32,62.09,50
2026-07-07,06:00,H-D,H,Ganga,D,Digha,43.72,50.45,52.52,50
2026-07-07,06:00,H-E,H,Ganga,E,Gandhi Ghat,43.49,48.6,50.52,25
2026-07-07,06:00,H-F,H,Ganga,F,Hathidah,34.89,41.76,43.52,50
2026-07-07,06:00,H-G,H,Ganga,G,Munger,31.26,39.33,40.99,25
2026-07-07,06:00,H-H,H,Ganga,H,Bhagalpur,26.72,33.68,34.86,25
2026-07-07,06:00,H-I,H,Ganga,I,Kahalgaon,25.95,31.09,32.87,25
2026-07-07,06:00,H-J,H,Ganga,J,Farakka,16.01,22.25,25.14,25
2026-07-07,06:00,I-A,I,Punpun,A,Sripalpur,44.98,50.6,53.91,0
2026-07-07,06:00,J-A,J,Adhwara,A,Sonbarsa,78.81,81.85,83.75,0
2026-07-07,06:00,J-B,J,Adhwara,B,Sundarpur,58.5,61.7,64.1,108
2026-07-07,06:00,J-C,J,Adhwara,C,Pupri,50.9,55.79,56.95,50
2026-07-07,06:00,K-A,K,Khiroi,A,Kamtaul,46.96,50,53.05,0
2026-07-07,06:00,K-B,K,Khiroi,B,Ekmighat,41.65,46.94,49.52,50
2026-07-07,06:00,L-A,L,Mahananda,A,Taibpur,64.09,66,67.26,0
2026-07-07,06:00,L-B,L,Mahananda,B,Dhangaraghat,34.07,35.65,38.2,50
2026-07-07,06:00,M-A,M,Ghaghra,A,Darauli,55.99,60.82,61.82,0
2026-07-07,06:00,M-B,M,Ghaghra,B,Gangpur Siswan,51.38,57.04,58.26,50
2026-07-07,14:00,A-A,A,Gandak,A,Khada,94.75,96,97.5,0
2026-07-07,14:00,A-B,A,Gandak,B,Chatia,65.94,69.15,70.04,25
2026-07-07,14:00,A-C,A,Gandak,C,Dumaria Ghat,62.28,62.22,64.36,25
2026-07-07,14:00,A-D,A,Gandak,D,Rewa Ghat,52.53,54.41,55.46,25
2026-07-07,14:00,A-E,A,Gandak,E,Hajipur,45.53,50.32,50.93,25
2026-07-07,14:00,B-A,B,Kosi,A,Basua,46.71,47.75,49.24,0
2026-07-07,14:00,B-B,B,Kosi,B,Baltara,33.03,33.85,36.4,25
2026-07-07,14:00,B-C,B,Kosi,C,Kursela,25.66,30,32.1,25
2026-07-07,14:00,C-A,C,Bagmati,A,Dheng,68.93,71,73.47,0
2026-07-07,14:00,C-B,C,Bagmati,B,Sonakhan,67.33,68.8,72.05,25
2026-07-07,14:00,C-C,C,Bagmati,C,Dubadhar,59.29,61.28,63.75,50
2026-07-07,14:00,C-D,C,Bagmati,D,Kansar,56.45,59.06,60.86,25
2026-07-07,14:00,C-E,C,Bagmati,E,Kataunjha,53,55,58.36,25
2026-07-07,14:00,C-F,C,Bagmati,F,Benibad,47.39,48.68,50.12,28
2026-07-07,14:00,C-G,C,Bagmati,G,Hayaghat,40.48,45.72,48.96,25
2026-07-07,14:00,D-A,D,Burhi Gandak,A,Sikandarpur,45.47,52.53,54.29,0
2026-07-07,14:00,D-B,D,Burhi Gandak,B,Samastipur,40.05,45.73,49.38,33
2026-07-07,14:00,D-C,D,Burhi Gandak,C,Rosara,36.65,42.63,46.56,25
2026-07-07,14:00,D-D,D,Burhi Gandak,D,Khagaria,30.36,36.58,39.22,25
2026-07-07,14:00,E-A,E,Kamla Balan,A,Jainagar,67,68.5,71.35,0
2026-07-07,14:00,E-B,E,Kamla Balan,B,Jhanjharpur,48.4,50.5,53.11,100
2026-07-07,14:00,F-A,F,Bhuthi Balan,A,Ekma,68.59,69.5,72.1,0
2026-07-07,14:00,G-A,G,Lalbakeya,A,Gowabari,69,71.15,73.86,0
2026-07-07,14:00,H-A,H,Ganga,A,Allahabad,70.73,84.73,88.03,0
2026-07-07,14:00,H-B,H,Ganga,B,Varanasi,58.36,71.26,73.9,67
2026-07-07,14:00,H-C,H,Ganga,C,Buxar,48.73,60.32,62.09,50
2026-07-07,14:00,H-D,H,Ganga,D,Digha,43.72,50.45,52.52,50
2026-07-07,14:00,H-E,H,Ganga,E,Gandhi Ghat,43.56,48.6,50.52,25
2026-07-07,14:00,H-F,H,Ganga,F,Hathidah,34.93,41.76,43.52,50
2026-07-07,14:00,H-G,H,Ganga,G,Munger,31.3,39.33,40.99,25
2026-07-07,14:00,H-H,H,Ganga,H,Bhagalpur,26.73,33.68,34.86,25
2026-07-07,14:00,H-I,H,Ganga,I,Kahalgaon,25.95,31.09,32.87,25
2026-07-07,14:00,H-J,H,Ganga,J,Farakka,16.03,22.25,25.14,25
2026-07-07,14:00,I-A,I,Punpun,A,Sripalpur,44.98,50.6,53.91,0
2026-07-07,14:00,J-A,J,Adhwara,A,Sonbarsa,78.8,81.85,83.75,0
2026-07-07,14:00,J-B,J,Adhwara,B,Sundarpur,58.5,61.7,64.1,108
2026-07-07,14:00,J-C,J,Adhwara,C,Pupri,50.9,55.79,56.95,50
2026-07-07,14:00,K-A,K,Khiroi,A,Kamtaul,46.96,50,53.05,0
2026-07-07,14:00,K-B,K,Khiroi,B,Ekmighat,41.57,46.94,49.52,50
2026-07-07,14:00,L-A,L,Mahananda,A,Taibpur,64.18,66,67.26,0
2026-07-07,14:00,L-B,L,Mahananda,B,Dhangaraghat,33.96,35.65,38.2,50
2026-07-07,14:00,M-A,M,Ghaghra,A,Darauli,56,60.82,61.82,0
2026-07-07,14:00,M-B,M,Ghaghra,B,Gangpur Siswan,51.54,57.04,58.26,50
2026-07-08,06:00,A-A,A,Gandak,A,Khada,94.82,96,97.5,0
2026-07-08,06:00,A-B,A,Gandak,B,Chatia,66.1,69.15,70.04,25
2026-07-08,06:00,A-C,A,Gandak,C,Dumaria Ghat,62.13,62.22,64.36,25
2026-07-08,06:00,A-D,A,Gandak,D,Rewa Ghat,52.73,54.41,55.46,25
2026-07-08,06:00,A-E,A,Gandak,E,Hajipur,45.81,50.32,50.93,25
2026-07-08,06:00,B-A,B,Kosi,A,Basua,46.74,47.75,49.24,0
2026-07-08,06:00,B-B,B,Kosi,B,Baltara,33.02,33.85,36.4,25
2026-07-08,06:00,B-C,B,Kosi,C,Kursela,25.7,30,32.1,25
2026-07-08,06:00,C-A,C,Bagmati,A,Dheng,69.1,71,73.47,0
2026-07-08,06:00,C-B,C,Bagmati,B,Sonakhan,67.5,68.8,72.05,25
2026-07-08,06:00,C-C,C,Bagmati,C,Dubadhar,59.15,61.28,63.75,50
2026-07-08,06:00,C-D,C,Bagmati,D,Kansar,56.2,59.06,60.86,25
2026-07-08,06:00,C-E,C,Bagmati,E,Kataunjha,52.85,55,58.36,25
2026-07-08,06:00,C-F,C,Bagmati,F,Benibad,47.27,48.68,50.12,28
2026-07-08,06:00,C-G,C,Bagmati,G,Hayaghat,40.66,45.72,48.96,25
2026-07-08,06:00,D-A,D,Burhi Gandak,A,Sikandarpur,45.47,52.53,54.29,0
2026-07-08,06:00,D-B,D,Burhi Gandak,B,Samastipur,40.05,45.73,49.38,33
2026-07-08,06:00,D-C,D,Burhi Gandak,C,Rosara,36.65,42.63,46.56,25
2026-07-08,06:00,D-D,D,Burhi Gandak,D,Khagaria,30.36,36.58,39.22,25
2026-07-08,06:00,E-A,E,Kamla Balan,A,Jainagar,67,68.5,71.35,0
2026-07-08,06:00,E-B,E,Kamla Balan,B,Jhanjharpur,48.5,50.5,53.11,100
2026-07-08,06:00,F-A,F,Bhuthi Balan,A,Ekma,68.59,69.5,72.1,0
2026-07-08,06:00,G-A,G,Lalbakeya,A,Gowabari,69,71.15,73.86,0
2026-07-08,06:00,H-A,H,Ganga,A,Allahabad,70.76,84.73,88.03,0
2026-07-08,06:00,H-B,H,Ganga,B,Varanasi,58.36,71.26,73.9,67
2026-07-08,06:00,H-C,H,Ganga,C,Buxar,48.73,60.32,62.09,50
2026-07-08,06:00,H-D,H,Ganga,D,Digha,43.9,50.45,52.52,50
2026-07-08,06:00,H-E,H,Ganga,E,Gandhi Ghat,43.86,48.6,50.52,25
2026-07-08,06:00,H-F,H,Ganga,F,Hathidah,35.01,41.76,43.52,50
2026-07-08,06:00,H-G,H,Ganga,G,Munger,31.38,39.33,40.99,25
2026-07-08,06:00,H-H,H,Ganga,H,Bhagalpur,26.71,33.68,34.86,25
2026-07-08,06:00,H-I,H,Ganga,I,Kahalgaon,25.95,31.09,32.87,25
2026-07-08,06:00,H-J,H,Ganga,J,Farakka,16.04,22.25,25.14,25
2026-07-08,06:00,I-A,I,Punpun,A,Sripalpur,44.97,50.6,53.91,0
2026-07-08,06:00,J-A,J,Adhwara,A,Sonbarsa,78.8,81.85,83.75,0
2026-07-08,06:00,J-B,J,Adhwara,B,Sundarpur,58.5,61.7,64.1,108
2026-07-08,06:00,J-C,J,Adhwara,C,Pupri,50.9,55.79,56.95,50
2026-07-08,06:00,K-A,K,Khiroi,A,Kamtaul,46.95,50,53.05,0
2026-07-08,06:00,K-B,K,Khiroi,B,Ekmighat,41.47,46.94,49.52,50
2026-07-08,06:00,L-A,L,Mahananda,A,Taibpur,64.45,66,67.26,0
2026-07-08,06:00,L-B,L,Mahananda,B,Dhangaraghat,33.85,35.65,38.2,50
2026-07-08,06:00,M-A,M,Ghaghra,A,Darauli,56.41,60.82,61.82,0
2026-07-08,06:00,M-B,M,Ghaghra,B,Gangpur Siswan,51.87,57.04,58.26,50
2026-07-08,14:00,A-A,A,Gandak,A,Khada,94.79,96,97.5,0
2026-07-08,14:00,A-B,A,Gandak,B,Chatia,66.02,69.15,70.04,25
2026-07-08,14:00,A-C,A,Gandak,C,Dumaria Ghat,62.02,62.22,64.36,25
2026-07-08,14:00,A-D,A,Gandak,D,Rewa Ghat,52.68,54.41,55.46,25
2026-07-08,14:00,A-E,A,Gandak,E,Hajipur,45.91,50.32,50.93,25
2026-07-08,14:00,B-A,B,Kosi,A,Basua,46.72,47.75,49.24,0
2026-07-08,14:00,B-B,B,Kosi,B,Baltara,32.99,33.85,36.4,25
2026-07-08,14:00,B-C,B,Kosi,C,Kursela,25.66,30,32.1,25
2026-07-08,14:00,C-A,C,Bagmati,A,Dheng,68.9,71,73.47,0
2026-07-08,14:00,C-B,C,Bagmati,B,Sonakhan,67.3,68.8,72.05,25
2026-07-08,14:00,C-C,C,Bagmati,C,Dubadhar,59.26,61.28,63.75,50
2026-07-08,14:00,C-D,C,Bagmati,D,Kansar,56.2,59.06,60.86,25
2026-07-08,14:00,C-E,C,Bagmati,E,Kataunjha,52.82,55,58.36,25
2026-07-08,14:00,C-F,C,Bagmati,F,Benibad,47.19,48.68,50.12,28
2026-07-08,14:00,C-G,C,Bagmati,G,Hayaghat,40.63,45.72,48.96,25
2026-07-08,14:00,D-A,D,Burhi Gandak,A,Sikandarpur,45.46,52.53,54.29,0
2026-07-08,14:00,D-B,D,Burhi Gandak,B,Samastipur,40.05,45.73,49.38,33
2026-07-08,14:00,D-C,D,Burhi Gandak,C,Rosara,36.65,42.63,46.56,25
2026-07-08,14:00,D-D,D,Burhi Gandak,D,Khagaria,30.38,36.58,39.22,25
2026-07-08,14:00,E-A,E,Kamla Balan,A,Jainagar,67,68.5,71.35,0
2026-07-08,14:00,E-B,E,Kamla Balan,B,Jhanjharpur,48.5,50.5,53.11,100
2026-07-08,14:00,F-A,F,Bhuthi Balan,A,Ekma,68.59,69.5,72.1,0
2026-07-08,14:00,G-A,G,Lalbakeya,A,Gowabari,69,71.15,73.86,0
2026-07-08,14:00,H-A,H,Ganga,A,Allahabad,70.78,84.73,88.03,0
2026-07-08,14:00,H-B,H,Ganga,B,Varanasi,58.34,71.26,73.9,67
2026-07-08,14:00,H-C,H,Ganga,C,Buxar,48.73,60.32,62.09,50
2026-07-08,14:00,H-D,H,Ganga,D,Digha,44.1,50.45,52.52,50
2026-07-08,14:00,H-E,H,Ganga,E,Gandhi Ghat,43.91,48.6,50.52,25
2026-07-08,14:00,H-F,H,Ganga,F,Hathidah,35.07,41.76,43.52,50
2026-07-08,14:00,H-G,H,Ganga,G,Munger,31.42,39.33,40.99,25
2026-07-08,14:00,H-H,H,Ganga,H,Bhagalpur,26.69,33.68,34.86,25
2026-07-08,14:00,H-I,H,Ganga,I,Kahalgaon,25.93,31.09,32.87,25
2026-07-08,14:00,H-J,H,Ganga,J,Farakka,16.04,22.25,25.14,25
2026-07-08,14:00,I-A,I,Punpun,A,Sripalpur,44.99,50.6,53.91,0
2026-07-08,14:00,J-A,J,Adhwara,A,Sonbarsa,78.8,81.85,83.75,0
2026-07-08,14:00,J-B,J,Adhwara,B,Sundarpur,58.5,61.7,64.1,108
2026-07-08,14:00,J-C,J,Adhwara,C,Pupri,50.9,55.79,56.95,50
2026-07-08,14:00,K-A,K,Khiroi,A,Kamtaul,46.82,50,53.05,0
2026-07-08,14:00,K-B,K,Khiroi,B,Ekmighat,41.31,46.94,49.52,50
2026-07-08,14:00,L-A,L,Mahananda,A,Taibpur,64.48,66,67.26,0
2026-07-08,14:00,L-B,L,Mahananda,B,Dhangaraghat,34.25,35.65,38.2,50
2026-07-08,14:00,M-A,M,Ghaghra,A,Darauli,56.62,60.82,61.82,0
2026-07-08,14:00,M-B,M,Ghaghra,B,Gangpur Siswan,52.22,57.04,58.26,50
2026-07-09,06:00,A-A,A,Gandak,A,Khada,94.99,96,97.5,0
2026-07-09,06:00,A-B,A,Gandak,B,Chatia,65.86,69.15,70.04,25
2026-07-09,06:00,A-C,A,Gandak,C,Dumaria Ghat,61.87,62.22,64.36,25
2026-07-09,06:00,A-D,A,Gandak,D,Rewa Ghat,52.52,54.41,55.46,25
2026-07-09,06:00,A-E,A,Gandak,E,Hajipur,45.79,50.32,50.93,25
2026-07-09,06:00,B-A,B,Kosi,A,Basua,46.68,47.75,49.24,0
2026-07-09,06:00,B-B,B,Kosi,B,Baltara,32.99,33.85,36.4,25
2026-07-09,06:00,B-C,B,Kosi,C,Kursela,25.7,30,32.1,25
2026-07-09,06:00,C-A,C,Bagmati,A,Dheng,68.8,71,73.47,0
2026-07-09,06:00,C-B,C,Bagmati,B,Sonakhan,67.2,68.8,72.05,25
2026-07-09,06:00,C-C,C,Bagmati,C,Dubadhar,59.03,61.28,63.75,50
2026-07-09,06:00,C-D,C,Bagmati,D,Kansar,56.1,59.06,60.86,25
2026-07-09,06:00,C-E,C,Bagmati,E,Kataunjha,52.8,55,58.36,25
2026-07-09,06:00,C-F,C,Bagmati,F,Benibad,47.03,48.68,50.12,28
2026-07-09,06:00,C-G,C,Bagmati,G,Hayaghat,40.47,45.72,48.96,25
2026-07-09,06:00,D-A,D,Burhi Gandak,A,Sikandarpur,45.45,52.53,54.29,0
2026-07-09,06:00,D-B,D,Burhi Gandak,B,Samastipur,40.05,45.73,49.38,33
2026-07-09,06:00,D-C,D,Burhi Gandak,C,Rosara,36.66,42.63,46.56,25
2026-07-09,06:00,D-D,D,Burhi Gandak,D,Khagaria,30.43,36.58,39.22,25
2026-07-09,06:00,E-A,E,Kamla Balan,A,Jainagar,67,68.5,71.35,0
2026-07-09,06:00,E-B,E,Kamla Balan,B,Jhanjharpur,48.45,50.5,53.11,100
2026-07-09,06:00,F-A,F,Bhuthi Balan,A,Ekma,68.59,69.5,72.1,0
2026-07-09,06:00,G-A,G,Lalbakeya,A,Gowabari,68.9,71.15,73.86,0
2026-07-09,06:00,H-A,H,Ganga,A,Allahabad,70.78,84.73,88.03,0
2026-07-09,06:00,H-B,H,Ganga,B,Varanasi,58.36,71.26,73.9,67
2026-07-09,06:00,H-C,H,Ganga,C,Buxar,48.74,60.32,62.09,50
2026-07-09,06:00,H-D,H,Ganga,D,Digha,44.17,50.45,52.52,50
2026-07-09,06:00,H-E,H,Ganga,E,Gandhi Ghat,43.89,48.6,50.52,25
2026-07-09,06:00,H-F,H,Ganga,F,Hathidah,35.35,41.76,43.52,50
2026-07-09,06:00,H-G,H,Ganga,G,Munger,31.5,39.33,40.99,25
2026-07-09,06:00,H-H,H,Ganga,H,Bhagalpur,26.68,33.68,34.86,25
2026-07-09,06:00,H-I,H,Ganga,I,Kahalgaon,25.94,31.09,32.87,25
2026-07-09,06:00,H-J,H,Ganga,J,Farakka,16.12,22.25,25.14,25
2026-07-09,06:00,I-A,I,Punpun,A,Sripalpur,45.03,50.6,53.91,0
2026-07-09,06:00,J-A,J,Adhwara,A,Sonbarsa,78.7,81.85,83.75,0
2026-07-09,06:00,J-B,J,Adhwara,B,Sundarpur,58.5,61.7,64.1,108
2026-07-09,06:00,J-C,J,Adhwara,C,Pupri,50.9,55.79,56.95,50
2026-07-09,06:00,K-A,K,Khiroi,A,Kamtaul,46.82,50,53.05,0
2026-07-09,06:00,K-B,K,Khiroi,B,Ekmighat,41.22,46.94,49.52,50
2026-07-09,06:00,L-A,L,Mahananda,A,Taibpur,64.37,66,67.26,0
2026-07-09,06:00,L-B,L,Mahananda,B,Dhangaraghat,34.62,35.65,38.2,50
2026-07-09,06:00,M-A,M,Ghaghra,A,Darauli,56.82,60.82,61.82,0
2026-07-09,06:00,M-B,M,Ghaghra,B,Gangpur Siswan,52.55,57.04,58.26,50
2026-07-09,14:00,A-A,A,Gandak,A,Khada,95.2,96,97.5,0
2026-07-09,14:00,A-B,A,Gandak,B,Chatia,65.78,69.15,70.04,25
2026-07-09,14:00,A-C,A,Gandak,C,Dumaria Ghat,61.84,62.22,64.36,25
2026-07-09,14:00,A-D,A,Gandak,D,Rewa Ghat,52.15,54.41,55.46,25
2026-07-09,14:00,A-E,A,Gandak,E,Hajipur,45.7,50.32,50.93,25
2026-07-09,14:00,B-A,B,Kosi,A,Basua,46.66,47.75,49.24,0
2026-07-09,14:00,B-B,B,Kosi,B,Baltara,32.98,33.85,36.4,25
2026-07-09,14:00,B-C,B,Kosi,C,Kursela,25.71,30,32.1,25
2026-07-09,14:00,C-A,C,Bagmati,A,Dheng,68.7,71,73.47,0
2026-07-09,14:00,C-B,C,Bagmati,B,Sonakhan,67.1,68.8,72.05,25
2026-07-09,14:00,C-C,C,Bagmati,C,Dubadhar,59.02,61.28,63.75,50
2026-07-09,14:00,C-D,C,Bagmati,D,Kansar,56.09,59.06,60.86,25
2026-07-09,14:00,C-E,C,Bagmati,E,Kataunjha,52.75,55,58.36,25
2026-07-09,14:00,C-F,C,Bagmati,F,Benibad,46.99,48.68,50.12,28
2026-07-09,14:00,C-G,C,Bagmati,G,Hayaghat,40.39,45.72,48.96,25
2026-07-09,14:00,D-A,D,Burhi Gandak,A,Sikandarpur,45.37,52.53,54.29,0
2026-07-09,14:00,D-B,D,Burhi Gandak,B,Samastipur,40.05,45.73,49.38,33
2026-07-09,14:00,D-C,D,Burhi Gandak,C,Rosara,36.66,42.63,46.56,25
2026-07-09,14:00,D-D,D,Burhi Gandak,D,Khagaria,30.46,36.58,39.22,25
2026-07-09,14:00,E-A,E,Kamla Balan,A,Jainagar,67,68.5,71.35,0
2026-07-09,14:00,E-B,E,Kamla Balan,B,Jhanjharpur,48.45,50.5,53.11,100
2026-07-09,14:00,F-A,F,Bhuthi Balan,A,Ekma,68.59,69.5,72.1,0
2026-07-09,14:00,G-A,G,Lalbakeya,A,Gowabari,68.9,71.15,73.86,0
2026-07-09,14:00,H-A,H,Ganga,A,Allahabad,70.78,84.73,88.03,0
2026-07-09,14:00,H-B,H,Ganga,B,Varanasi,58.38,71.26,73.9,67
2026-07-09,14:00,H-C,H,Ganga,C,Buxar,48.82,60.32,62.09,50
2026-07-09,14:00,H-D,H,Ganga,D,Digha,44.15,50.45,52.52,50
2026-07-09,14:00,H-E,H,Ganga,E,Gandhi Ghat,43.82,48.6,50.52,25
2026-07-09,14:00,H-F,H,Ganga,F,Hathidah,35.42,41.76,43.52,50
2026-07-09,14:00,H-G,H,Ganga,G,Munger,31.54,39.33,40.99,25
2026-07-09,14:00,H-H,H,Ganga,H,Bhagalpur,26.7,33.68,34.86,25
2026-07-09,14:00,H-I,H,Ganga,I,Kahalgaon,25.97,31.09,32.87,25
2026-07-09,14:00,H-J,H,Ganga,J,Farakka,16.19,22.25,25.14,25
2026-07-09,14:00,I-A,I,Punpun,A,Sripalpur,45.03,50.6,53.91,0
2026-07-09,14:00,J-A,J,Adhwara,A,Sonbarsa,78.79,81.85,83.75,0
2026-07-09,14:00,J-B,J,Adhwara,B,Sundarpur,58.5,61.7,64.1,108
2026-07-09,14:00,J-C,J,Adhwara,C,Pupri,50.9,55.79,56.95,50
2026-07-09,14:00,K-A,K,Khiroi,A,Kamtaul,46.81,50,53.05,0
2026-07-09,14:00,K-B,K,Khiroi,B,Ekmighat,41.11,46.94,49.52,50
2026-07-09,14:00,L-A,L,Mahananda,A,Taibpur,65.54,66,67.26,0
2026-07-09,14:00,L-B,L,Mahananda,B,Dhangaraghat,34.9,35.65,38.2,50
2026-07-09,14:00,M-A,M,Ghaghra,A,Darauli,56.92,60.82,61.82,0
2026-07-09,14:00,M-B,M,Ghaghra,B,Gangpur Siswan,52.77,57.04,58.26,50
2026-07-10,06:00,A-A,A,Gandak,A,Khada,95.18,96,97.5,0
2026-07-10,06:00,A-B,A,Gandak,B,Chatia,65.7,69.15,70.04,25
2026-07-10,06:00,A-C,A,Gandak,C,Dumaria Ghat,62,62.22,64.36,25
2026-07-10,06:00,A-D,A,Gandak,D,Rewa Ghat,51.91,54.41,55.46,25
2026-07-10,06:00,A-E,A,Gandak,E,Hajipur,45.66,50.32,50.93,25
2026-07-10,06:00,B-A,B,Kosi,A,Basua,46.72,47.75,49.24,0
2026-07-10,06:00,B-B,B,Kosi,B,Baltara,32.95,33.85,36.4,25
2026-07-10,06:00,B-C,B,Kosi,C,Kursela,25.71,30,32.1,25
2026-07-10,06:00,C-A,C,Bagmati,A,Dheng,69.15,71,73.47,0
2026-07-10,06:00,C-B,C,Bagmati,B,Sonakhan,67.55,68.8,72.05,25
2026-07-10,06:00,C-C,C,Bagmati,C,Dubadhar,59.46,61.28,63.75,50
2026-07-10,06:00,C-D,C,Bagmati,D,Kansar,56.2,59.06,60.86,25
2026-07-10,06:00,C-E,C,Bagmati,E,Kataunjha,52.7,55,58.36,25
2026-07-10,06:00,C-F,C,Bagmati,F,Benibad,46.99,48.68,50.12,28
2026-07-10,06:00,C-G,C,Bagmati,G,Hayaghat,40.35,45.72,48.96,25
2026-07-10,06:00,D-A,D,Burhi Gandak,A,Sikandarpur,45.36,52.53,54.29,0
2026-07-10,06:00,D-B,D,Burhi Gandak,B,Samastipur,40.05,45.73,49.38,33
2026-07-10,06:00,D-C,D,Burhi Gandak,C,Rosara,36.66,42.63,46.56,25
2026-07-10,06:00,D-D,D,Burhi Gandak,D,Khagaria,30.54,36.58,39.22,25
2026-07-10,06:00,E-A,E,Kamla Balan,A,Jainagar,67,68.5,71.35,0
2026-07-10,06:00,E-B,E,Kamla Balan,B,Jhanjharpur,48.5,50.5,53.11,100
2026-07-10,06:00,F-A,F,Bhuthi Balan,A,Ekma,68.59,69.5,72.1,0
2026-07-10,06:00,G-A,G,Lalbakeya,A,Gowabari,69.4,71.15,73.86,0
2026-07-10,06:00,H-A,H,Ganga,A,Allahabad,70.81,84.73,88.03,0
2026-07-10,06:00,H-B,H,Ganga,B,Varanasi,58.41,71.26,73.9,67
2026-07-10,06:00,H-C,H,Ganga,C,Buxar,48.9,60.32,62.09,50
2026-07-10,06:00,H-D,H,Ganga,D,Digha,44.12,50.45,52.52,50
2026-07-10,06:00,H-E,H,Ganga,E,Gandhi Ghat,43.82,48.6,50.52,25
2026-07-10,06:00,H-F,H,Ganga,F,Hathidah,35.51,41.76,43.52,50
2026-07-10,06:00,H-G,H,Ganga,G,Munger,31.62,39.33,40.99,25
2026-07-10,06:00,H-H,H,Ganga,H,Bhagalpur,26.73,33.68,34.86,25
2026-07-10,06:00,H-I,H,Ganga,I,Kahalgaon,25.98,31.09,32.87,25
2026-07-10,06:00,H-J,H,Ganga,J,Farakka,16.22,22.25,25.14,25
2026-07-10,06:00,I-A,I,Punpun,A,Sripalpur,45.02,50.6,53.91,0
2026-07-10,06:00,J-A,J,Adhwara,A,Sonbarsa,78.79,81.85,83.75,0
2026-07-10,06:00,J-B,J,Adhwara,B,Sundarpur,58.45,61.7,64.1,108
2026-07-10,06:00,J-C,J,Adhwara,C,Pupri,50.9,55.79,56.95,50
2026-07-10,06:00,K-A,K,Khiroi,A,Kamtaul,46.81,50,53.05,0
2026-07-10,06:00,K-B,K,Khiroi,B,Ekmighat,40.98,46.94,49.52,50
2026-07-10,06:00,L-A,L,Mahananda,A,Taibpur,64.86,66,67.26,0
2026-07-10,06:00,L-B,L,Mahananda,B,Dhangaraghat,35.8,35.65,38.2,50
2026-07-10,06:00,M-A,M,Ghaghra,A,Darauli,57.08,60.82,61.82,0
2026-07-10,06:00,M-B,M,Ghaghra,B,Gangpur Siswan,53.45,57.04,58.26,50
2026-07-10,14:00,A-A,A,Gandak,A,Khada,95.06,96,97.5,0
2026-07-10,14:00,A-B,A,Gandak,B,Chatia,65.84,69.15,70.04,25
2026-07-10,14:00,A-C,A,Gandak,C,Dumaria Ghat,62.38,62.22,64.36,25
2026-07-10,14:00,A-D,A,Gandak,D,Rewa Ghat,52.19,54.41,55.46,25
2026-07-10,14:00,A-E,A,Gandak,E,Hajipur,45.8,50.32,50.93,25
2026-07-10,14:00,B-A,B,Kosi,A,Basua,46.74,47.75,49.24,0
2026-07-10,14:00,B-B,B,Kosi,B,Baltara,33.09,33.85,36.4,25
2026-07-10,14:00,B-C,B,Kosi,C,Kursela,25.75,30,32.1,25
2026-07-10,14:00,C-A,C,Bagmati,A,Dheng,69.15,71,73.47,0
2026-07-10,14:00,C-B,C,Bagmati,B,Sonakhan,67.55,68.8,72.05,25
2026-07-10,14:00,C-C,C,Bagmati,C,Dubadhar,59.53,61.28,63.75,50
2026-07-10,14:00,C-D,C,Bagmati,D,Kansar,56.55,59.06,60.86,25
2026-07-10,14:00,C-E,C,Bagmati,E,Kataunjha,53.05,55,58.36,25
2026-07-10,14:00,C-F,C,Bagmati,F,Benibad,46.99,48.68,50.12,28
2026-07-10,14:00,C-G,C,Bagmati,G,Hayaghat,40.33,45.72,48.96,25
2026-07-10,14:00,D-A,D,Burhi Gandak,A,Sikandarpur,45.34,52.53,54.29,0
2026-07-10,14:00,D-B,D,Burhi Gandak,B,Samastipur,40.05,45.73,49.38,33
2026-07-10,14:00,D-C,D,Burhi Gandak,C,Rosara,36.66,42.63,46.56,25
2026-07-10,14:00,D-D,D,Burhi Gandak,D,Khagaria,30.62,36.58,39.22,25
2026-07-10,14:00,E-A,E,Kamla Balan,A,Jainagar,67,68.5,71.35,0
2026-07-10,14:00,E-B,E,Kamla Balan,B,Jhanjharpur,48.5,50.5,53.11,100
2026-07-10,14:00,F-A,F,Bhuthi Balan,A,Ekma,68.59,69.5,72.1,0
2026-07-10,14:00,G-A,G,Lalbakeya,A,Gowabari,69.35,71.15,73.86,0
2026-07-10,14:00,H-A,H,Ganga,A,Allahabad,70.85,84.73,88.03,0
2026-07-10,14:00,H-B,H,Ganga,B,Varanasi,58.44,71.26,73.9,67
2026-07-10,14:00,H-C,H,Ganga,C,Buxar,48.9,60.32,62.09,50
2026-07-10,14:00,H-D,H,Ganga,D,Digha,44.2,50.45,52.52,50
2026-07-10,14:00,H-E,H,Ganga,E,Gandhi Ghat,43.98,48.6,50.52,25
2026-07-10,14:00,H-F,H,Ganga,F,Hathidah,35.57,41.76,43.52,50
2026-07-10,14:00,H-G,H,Ganga,G,Munger,31.68,39.33,40.99,25
2026-07-10,14:00,H-H,H,Ganga,H,Bhagalpur,26.77,33.68,34.86,25
2026-07-10,14:00,H-I,H,Ganga,I,Kahalgaon,26,31.09,32.87,25
2026-07-10,14:00,H-J,H,Ganga,J,Farakka,16.27,22.25,25.14,25
2026-07-10,14:00,I-A,I,Punpun,A,Sripalpur,45.02,50.6,53.91,0
2026-07-10,14:00,J-A,J,Adhwara,A,Sonbarsa,78.75,81.85,83.75,0
2026-07-10,14:00,J-B,J,Adhwara,B,Sundarpur,58.45,61.7,64.1,108
2026-07-10,14:00,J-C,J,Adhwara,C,Pupri,50.9,55.79,56.95,50
2026-07-10,14:00,K-A,K,Khiroi,A,Kamtaul,46.8,50,53.05,0
2026-07-10,14:00,K-B,K,Khiroi,B,Ekmighat,41.02,46.94,49.52,50
2026-07-10,14:00,L-A,L,Mahananda,A,Taibpur,64.86,66,67.26,0
2026-07-10,14:00,L-B,L,Mahananda,B,Dhangaraghat,35.54,35.65,38.2,50
2026-07-10,14:00,M-A,M,Ghaghra,A,Darauli,57.09,60.82,61.82,0
2026-07-10,14:00,M-B,M,Ghaghra,B,Gangpur Siswan,53.69,57.04,58.26,50
2026-07-11,06:00,A-A,A,Gandak,A,Khada,94.92,96,97.5,0
2026-07-11,06:00,A-B,A,Gandak,B,Chatia,66.2,69.15,70.04,25
2026-07-11,06:00,A-C,A,Gandak,C,Dumaria Ghat,62.46,62.22,64.36,25
2026-07-11,06:00,A-D,A,Gandak,D,Rewa Ghat,52.57,54.41,55.46,25
2026-07-11,06:00,A-E,A,Gandak,E,Hajipur,46.26,50.32,50.93,25
2026-07-11,06:00,B-A,B,Kosi,A,Basua,46.93,47.75,49.24,0
2026-07-11,06:00,B-B,B,Kosi,B,Baltara,33.22,33.85,36.4,25
2026-07-11,06:00,B-C,B,Kosi,C,Kursela,25.83,30,32.1,25
2026-07-11,06:00,C-A,C,Bagmati,A,Dheng,69.4,71,73.47,0
2026-07-11,06:00,C-B,C,Bagmati,B,Sonakhan,67.8,68.8,72.05,25
2026-07-11,06:00,C-C,C,Bagmati,C,Dubadhar,59.63,61.28,63.75,50
2026-07-11,06:00,C-D,C,Bagmati,D,Kansar,56.6,59.06,60.86,25
2026-07-11,06:00,C-E,C,Bagmati,E,Kataunjha,53.15,55,58.36,25
2026-07-11,06:00,C-F,C,Bagmati,F,Benibad,47.28,48.68,50.12,28
2026-07-11,06:00,C-G,C,Bagmati,G,Hayaghat,40.28,45.72,48.96,25
2026-07-11,06:00,D-A,D,Burhi Gandak,A,Sikandarpur,45.32,52.53,54.29,0
2026-07-11,06:00,D-B,D,Burhi Gandak,B,Samastipur,40.05,45.73,49.38,33
2026-07-11,06:00,D-C,D,Burhi Gandak,C,Rosara,36.66,42.63,46.56,25
2026-07-11,06:00,D-D,D,Burhi Gandak,D,Khagaria,30.69,36.58,39.22,25
2026-07-11,06:00,E-A,E,Kamla Balan,A,Jainagar,67,68.5,71.35,0
2026-07-11,06:00,E-B,E,Kamla Balan,B,Jhanjharpur,48.7,50.5,53.11,100
2026-07-11,06:00,F-A,F,Bhuthi Balan,A,Ekma,68.59,69.5,72.1,0
2026-07-11,06:00,G-A,G,Lalbakeya,A,Gowabari,70.4,71.15,73.86,0
2026-07-11,06:00,H-A,H,Ganga,A,Allahabad,71,84.73,88.03,0
2026-07-11,06:00,H-B,H,Ganga,B,Varanasi,58.51,71.26,73.9,67
2026-07-11,06:00,H-C,H,Ganga,C,Buxar,48.9,60.32,62.09,50
2026-07-11,06:00,H-D,H,Ganga,D,Digha,44.46,50.45,52.52,50
2026-07-11,06:00,H-E,H,Ganga,E,Gandhi Ghat,44.38,48.6,50.52,25
2026-07-11,06:00,H-F,H,Ganga,F,Hathidah,35.65,41.76,43.52,50
2026-07-11,06:00,H-G,H,Ganga,G,Munger,31.94,39.33,40.99,25
2026-07-11,06:00,H-H,H,Ganga,H,Bhagalpur,26.85,33.68,34.86,25
2026-07-11,06:00,H-I,H,Ganga,I,Kahalgaon,26.1,31.09,32.87,25
2026-07-11,06:00,H-J,H,Ganga,J,Farakka,16.5,22.25,25.14,25
2026-07-11,06:00,I-A,I,Punpun,A,Sripalpur,45.01,50.6,53.91,0
2026-07-11,06:00,J-A,J,Adhwara,A,Sonbarsa,78.75,81.85,83.75,0
2026-07-11,06:00,J-B,J,Adhwara,B,Sundarpur,58.45,61.7,64.1,108
2026-07-11,06:00,J-C,J,Adhwara,C,Pupri,50.92,55.79,56.95,50
2026-07-11,06:00,K-A,K,Khiroi,A,Kamtaul,46.8,50,53.05,0
2026-07-11,06:00,K-B,K,Khiroi,B,Ekmighat,41.05,46.94,49.52,50
2026-07-11,06:00,L-A,L,Mahananda,A,Taibpur,64.7,66,67.26,0
2026-07-11,06:00,L-B,L,Mahananda,B,Dhangaraghat,35.1,35.65,38.2,50
2026-07-11,06:00,M-A,M,Ghaghra,A,Darauli,57.27,60.82,61.82,0
2026-07-11,06:00,M-B,M,Ghaghra,B,Gangpur Siswan,54.01,57.04,58.26,50
2026-07-11,14:00,A-A,A,Gandak,A,Khada,94.98,96,97.5,0
2026-07-11,14:00,A-B,A,Gandak,B,Chatia,66.2,69.15,70.04,25
2026-07-11,14:00,A-C,A,Gandak,C,Dumaria Ghat,62.24,62.22,64.36,25
2026-07-11,14:00,A-D,A,Gandak,D,Rewa Ghat,52.79,54.41,55.46,25
2026-07-11,14:00,A-E,A,Gandak,E,Hajipur,46.27,50.32,50.93,25
2026-07-11,14:00,B-A,B,Kosi,A,Basua,46.91,47.75,49.24,0
2026-07-11,14:00,B-B,B,Kosi,B,Baltara,33.27,33.85,36.4,25
2026-07-11,14:00,B-C,B,Kosi,C,Kursela,25.97,30,32.1,25
2026-07-11,14:00,C-A,C,Bagmati,A,Dheng,69.65,71,73.47,0
2026-07-11,14:00,C-B,C,Bagmati,B,Sonakhan,68.05,68.8,72.05,25
2026-07-11,14:00,C-C,C,Bagmati,C,Dubadhar,59.98,61.28,63.75,50
2026-07-11,14:00,C-D,C,Bagmati,D,Kansar,56.9,59.06,60.86,25
2026-07-11,14:00,C-E,C,Bagmati,E,Kataunjha,53.3,55,58.36,25
2026-07-11,14:00,C-F,C,Bagmati,F,Benibad,47.36,48.68,50.12,28
2026-07-11,14:00,C-G,C,Bagmati,G,Hayaghat,40.35,45.72,48.96,25
2026-07-11,14:00,D-A,D,Burhi Gandak,A,Sikandarpur,45.32,52.53,54.29,0
2026-07-11,14:00,D-B,D,Burhi Gandak,B,Samastipur,40.05,45.73,49.38,33
2026-07-11,14:00,D-C,D,Burhi Gandak,C,Rosara,36.66,42.63,46.56,25
2026-07-11,14:00,D-D,D,Burhi Gandak,D,Khagaria,30.82,36.58,39.22,25
2026-07-11,14:00,E-A,E,Kamla Balan,A,Jainagar,67.08,68.5,71.35,0
2026-07-11,14:00,E-B,E,Kamla Balan,B,Jhanjharpur,48.7,50.5,53.11,100
2026-07-11,14:00,F-A,F,Bhuthi Balan,A,Ekma,68.59,69.5,72.1,0
2026-07-11,14:00,G-A,G,Lalbakeya,A,Gowabari,70.2,71.15,73.86,0
2026-07-11,14:00,H-A,H,Ganga,A,Allahabad,71.1,84.73,88.03,0
2026-07-11,14:00,H-B,H,Ganga,B,Varanasi,58.55,71.26,73.9,67
2026-07-11,14:00,H-C,H,Ganga,C,Buxar,48.9,60.32,62.09,50
2026-07-11,14:00,H-D,H,Ganga,D,Digha,44.7,50.45,52.52,50
2026-07-11,14:00,H-E,H,Ganga,E,Gandhi Ghat,44.58,48.6,50.52,25
2026-07-11,14:00,H-F,H,Ganga,F,Hathidah,35.79,41.76,43.52,50
2026-07-11,14:00,H-G,H,Ganga,G,Munger,32.1,39.33,40.99,25
2026-07-11,14:00,H-H,H,Ganga,H,Bhagalpur,26.89,33.68,34.86,25
2026-07-11,14:00,H-I,H,Ganga,I,Kahalgaon,26.26,31.09,32.87,25
2026-07-11,14:00,H-J,H,Ganga,J,Farakka,16.6,22.25,25.14,25
2026-07-11,14:00,I-A,I,Punpun,A,Sripalpur,45.04,50.6,53.91,0
2026-07-11,14:00,J-A,J,Adhwara,A,Sonbarsa,78.67,81.85,83.75,0
2026-07-11,14:00,J-B,J,Adhwara,B,Sundarpur,58.45,61.7,64.1,108
2026-07-11,14:00,J-C,J,Adhwara,C,Pupri,50.92,55.79,56.95,50
2026-07-11,14:00,K-A,K,Khiroi,A,Kamtaul,46.8,50,53.05,0
2026-07-11,14:00,K-B,K,Khiroi,B,Ekmighat,41.07,46.94,49.52,50
2026-07-11,14:00,L-A,L,Mahananda,A,Taibpur,64.69,66,67.26,0
2026-07-11,14:00,L-B,L,Mahananda,B,Dhangaraghat,35.06,35.65,38.2,50
2026-07-11,14:00,M-A,M,Ghaghra,A,Darauli,57.43,60.82,61.82,0
2026-07-11,14:00,M-B,M,Ghaghra,B,Gangpur Siswan,54.17,57.04,58.26,50
2026-07-12,06:00,A-A,A,Gandak,A,Khada,94.98,96,97.5,0
2026-07-12,06:00,A-B,A,Gandak,B,Chatia,66.14,69.15,70.04,25
2026-07-12,06:00,A-C,A,Gandak,C,Dumaria Ghat,62.2,62.22,64.36,25
2026-07-12,06:00,A-D,A,Gandak,D,Rewa Ghat,53,54.41,55.46,25
2026-07-12,06:00,A-E,A,Gandak,E,Hajipur,46.31,50.32,50.93,25
2026-07-12,06:00,B-A,B,Kosi,A,Basua,46.84,47.75,49.24,0
2026-07-12,06:00,B-B,B,Kosi,B,Baltara,33.31,33.85,36.4,25
2026-07-12,06:00,B-C,B,Kosi,C,Kursela,26.12,30,32.1,25
2026-07-12,06:00,C-A,C,Bagmati,A,Dheng,69.95,71,73.47,0
2026-07-12,06:00,C-B,C,Bagmati,B,Sonakhan,68.35,68.8,72.05,25
2026-07-12,06:00,C-C,C,Bagmati,C,Dubadhar,60.33,61.28,63.75,50
2026-07-12,06:00,C-D,C,Bagmati,D,Kansar,57.55,59.06,60.86,25
2026-07-12,06:00,C-E,C,Bagmati,E,Kataunjha,53.7,55,58.36,25
2026-07-12,06:00,C-F,C,Bagmati,F,Benibad,47.66,48.68,50.12,28
2026-07-12,06:00,C-G,C,Bagmati,G,Hayaghat,40.57,45.72,48.96,25
2026-07-12,06:00,D-A,D,Burhi Gandak,A,Sikandarpur,45.32,52.53,54.29,0
2026-07-12,06:00,D-B,D,Burhi Gandak,B,Samastipur,40.05,45.73,49.38,33
2026-07-12,06:00,D-C,D,Burhi Gandak,C,Rosara,36.66,42.63,46.56,25
2026-07-12,06:00,D-D,D,Burhi Gandak,D,Khagaria,30.86,36.58,39.22,25
2026-07-12,06:00,E-A,E,Kamla Balan,A,Jainagar,67.3,68.5,71.35,0
2026-07-12,06:00,E-B,E,Kamla Balan,B,Jhanjharpur,49.15,50.5,53.11,100
2026-07-12,06:00,F-A,F,Bhuthi Balan,A,Ekma,68.59,69.5,72.1,0
2026-07-12,06:00,G-A,G,Lalbakeya,A,Gowabari,70.15,71.15,73.86,0
2026-07-12,06:00,H-A,H,Ganga,A,Allahabad,71.86,84.73,88.03,0
2026-07-12,06:00,H-B,H,Ganga,B,Varanasi,58.6,71.26,73.9,67
2026-07-12,06:00,H-C,H,Ganga,C,Buxar,48.9,60.32,62.09,50
2026-07-12,06:00,H-D,H,Ganga,D,Digha,44.91,50.45,52.52,50
2026-07-12,06:00,H-E,H,Ganga,E,Gandhi Ghat,44.71,48.6,50.52,25
2026-07-12,06:00,H-F,H,Ganga,F,Hathidah,36.19,41.76,43.52,50
2026-07-12,06:00,H-G,H,Ganga,G,Munger,32.42,39.33,40.99,25
2026-07-12,06:00,H-H,H,Ganga,H,Bhagalpur,27.01,33.68,34.86,25
2026-07-12,06:00,H-I,H,Ganga,I,Kahalgaon,26.46,31.09,32.87,25
2026-07-12,06:00,H-J,H,Ganga,J,Farakka,16.97,22.25,25.14,25
2026-07-12,06:00,I-A,I,Punpun,A,Sripalpur,45.12,50.6,53.91,0
2026-07-12,06:00,J-A,J,Adhwara,A,Sonbarsa,78.56,81.85,83.75,0
2026-07-12,06:00,J-B,J,Adhwara,B,Sundarpur,58.4,61.7,64.1,108
2026-07-12,06:00,J-C,J,Adhwara,C,Pupri,50.92,55.79,56.95,50
2026-07-12,06:00,K-A,K,Khiroi,A,Kamtaul,46.8,50,53.05,0
2026-07-12,06:00,K-B,K,Khiroi,B,Ekmighat,41.27,46.94,49.52,50
2026-07-12,06:00,L-A,L,Mahananda,A,Taibpur,64.78,66,67.26,0
2026-07-12,06:00,L-B,L,Mahananda,B,Dhangaraghat,34.9,35.65,38.2,50
2026-07-12,06:00,M-A,M,Ghaghra,A,Darauli,57.62,60.82,61.82,0
2026-07-12,06:00,M-B,M,Ghaghra,B,Gangpur Siswan,54.25,57.04,58.26,50
2026-07-12,14:00,A-A,A,Gandak,A,Khada,94.85,96,97.5,0
2026-07-12,14:00,A-B,A,Gandak,B,Chatia,66.06,69.15,70.04,25
2026-07-12,14:00,A-C,A,Gandak,C,Dumaria Ghat,62.15,62.22,64.36,25
2026-07-12,14:00,A-D,A,Gandak,D,Rewa Ghat,53,54.41,55.46,25
2026-07-12,14:00,A-E,A,Gandak,E,Hajipur,46.31,50.32,50.93,25
2026-07-12,14:00,B-A,B,Kosi,A,Basua,46.83,47.75,49.24,0
2026-07-12,14:00,B-B,B,Kosi,B,Baltara,33.3,33.85,36.4,25
2026-07-12,14:00,B-C,B,Kosi,C,Kursela,26.12,30,32.1,25
2026-07-12,14:00,C-A,C,Bagmati,A,Dheng,69.66,71,73.47,0
2026-07-12,14:00,C-B,C,Bagmati,B,Sonakhan,68.06,68.8,72.05,25
2026-07-12,14:00,C-C,C,Bagmati,C,Dubadhar,60.19,61.28,63.75,50
2026-07-12,14:00,C-D,C,Bagmati,D,Kansar,57.35,59.06,60.86,25
2026-07-12,14:00,C-E,C,Bagmati,E,Kataunjha,53.95,55,58.36,25
2026-07-12,14:00,C-F,C,Bagmati,F,Benibad,48.41,48.68,50.12,28
2026-07-12,14:00,C-G,C,Bagmati,G,Hayaghat,40.71,45.72,48.96,25
2026-07-12,14:00,D-A,D,Burhi Gandak,A,Sikandarpur,45.3,52.53,54.29,0
2026-07-12,14:00,D-B,D,Burhi Gandak,B,Samastipur,40.05,45.73,49.38,33
2026-07-12,14:00,D-C,D,Burhi Gandak,C,Rosara,36.66,42.63,46.56,25
2026-07-12,14:00,D-D,D,Burhi Gandak,D,Khagaria,30.96,36.58,39.22,25
2026-07-12,14:00,E-A,E,Kamla Balan,A,Jainagar,67.95,68.5,71.35,0
2026-07-12,14:00,E-B,E,Kamla Balan,B,Jhanjharpur,49.3,50.5,53.11,100
2026-07-12,14:00,F-A,F,Bhuthi Balan,A,Ekma,68.9,69.5,72.1,0
2026-07-12,14:00,G-A,G,Lalbakeya,A,Gowabari,70.1,71.15,73.86,0
2026-07-12,14:00,H-A,H,Ganga,A,Allahabad,72.3,84.73,88.03,0
2026-07-12,14:00,H-B,H,Ganga,B,Varanasi,58.58,71.26,73.9,67
2026-07-12,14:00,H-C,H,Ganga,C,Buxar,48.91,60.32,62.09,50
2026-07-12,14:00,H-D,H,Ganga,D,Digha,44.95,50.45,52.52,50
2026-07-12,14:00,H-E,H,Ganga,E,Gandhi Ghat,44.74,48.6,50.52,25
2026-07-12,14:00,H-F,H,Ganga,F,Hathidah,36.35,41.76,43.52,50
2026-07-12,14:00,H-G,H,Ganga,G,Munger,32.58,39.33,40.99,25
2026-07-12,14:00,H-H,H,Ganga,H,Bhagalpur,27.08,33.68,34.86,25
2026-07-12,14:00,H-I,H,Ganga,I,Kahalgaon,26.5,31.09,32.87,25
2026-07-12,14:00,H-J,H,Ganga,J,Farakka,16.89,22.25,25.14,25
2026-07-12,14:00,I-A,I,Punpun,A,Sripalpur,45.19,50.6,53.91,0
2026-07-12,14:00,J-A,J,Adhwara,A,Sonbarsa,78.4,81.85,83.75,0
2026-07-12,14:00,J-B,J,Adhwara,B,Sundarpur,58.4,61.7,64.1,108
2026-07-12,14:00,J-C,J,Adhwara,C,Pupri,50.9,55.79,56.95,50
2026-07-12,14:00,K-A,K,Khiroi,A,Kamtaul,46.79,50,53.05,0
2026-07-12,14:00,K-B,K,Khiroi,B,Ekmighat,41.57,46.94,49.52,50
2026-07-12,14:00,L-A,L,Mahananda,A,Taibpur,64.77,66,67.26,0
2026-07-12,14:00,L-B,L,Mahananda,B,Dhangaraghat,34.78,35.65,38.2,50
2026-07-12,14:00,M-A,M,Ghaghra,A,Darauli,58.1,60.82,61.82,0
2026-07-12,14:00,M-B,M,Ghaghra,B,Gangpur Siswan,54.33,57.04,58.26,50
2026-07-13,06:00,A-A,A,Gandak,A,Khada,94.97,96,97.5,0
2026-07-13,06:00,A-B,A,Gandak,B,Chatia,66,69.15,70.04,25
2026-07-13,06:00,A-C,A,Gandak,C,Dumaria Ghat,62.09,62.22,64.36,25
2026-07-13,06:00,A-D,A,Gandak,D,Rewa Ghat,52.96,54.41,55.46,25
2026-07-13,06:00,A-E,A,Gandak,E,Hajipur,46.24,50.32,50.93,25
2026-07-13,06:00,B-A,B,Kosi,A,Basua,46.89,47.75,49.24,0
2026-07-13,06:00,B-B,B,Kosi,B,Baltara,33.47,33.85,36.4,25
2026-07-13,06:00,B-C,B,Kosi,C,Kursela,26.21,30,32.1,25
2026-07-13,06:00,C-A,C,Bagmati,A,Dheng,69.85,71,73.47,0
2026-07-13,06:00,C-B,C,Bagmati,B,Sonakhan,68.25,68.8,72.05,25
2026-07-13,06:00,C-C,C,Bagmati,C,Dubadhar,60.28,61.28,63.75,50
2026-07-13,06:00,C-D,C,Bagmati,D,Kansar,57.35,59.06,60.86,25
2026-07-13,06:00,C-E,C,Bagmati,E,Kataunjha,54,55,58.36,25
2026-07-13,06:00,C-F,C,Bagmati,F,Benibad,48.68,48.68,50.12,28
2026-07-13,06:00,C-G,C,Bagmati,G,Hayaghat,41.15,45.72,48.96,25
2026-07-13,06:00,D-A,D,Burhi Gandak,A,Sikandarpur,45.3,52.53,54.29,0
2026-07-13,06:00,D-B,D,Burhi Gandak,B,Samastipur,40.05,45.73,49.38,33
2026-07-13,06:00,D-C,D,Burhi Gandak,C,Rosara,36.66,42.63,46.56,25
2026-07-13,06:00,D-D,D,Burhi Gandak,D,Khagaria,31.28,36.58,39.22,25
2026-07-13,06:00,E-A,E,Kamla Balan,A,Jainagar,67.35,68.5,71.35,0
2026-07-13,06:00,E-B,E,Kamla Balan,B,Jhanjharpur,49.7,50.5,53.11,100
2026-07-13,06:00,F-A,F,Bhuthi Balan,A,Ekma,68.59,69.5,72.1,0
2026-07-13,06:00,G-A,G,Lalbakeya,A,Gowabari,70,71.15,73.86,0
2026-07-13,06:00,H-A,H,Ganga,A,Allahabad,72.96,84.73,88.03,0
2026-07-13,06:00,H-B,H,Ganga,B,Varanasi,58.55,71.26,73.9,67
2026-07-13,06:00,H-C,H,Ganga,C,Buxar,48.95,60.32,62.09,50
2026-07-13,06:00,H-D,H,Ganga,D,Digha,45.03,50.45,52.52,50
2026-07-13,06:00,H-E,H,Ganga,E,Gandhi Ghat,44.8,48.6,50.52,25
2026-07-13,06:00,H-F,H,Ganga,F,Hathidah,36.58,41.76,43.52,50
2026-07-13,06:00,H-G,H,Ganga,G,Munger,32.9,39.33,40.99,25
2026-07-13,06:00,H-H,H,Ganga,H,Bhagalpur,27.32,33.68,34.86,25
2026-07-13,06:00,H-I,H,Ganga,I,Kahalgaon,26.68,31.09,32.87,25
2026-07-13,06:00,H-J,H,Ganga,J,Farakka,16.9,22.25,25.14,25
2026-07-13,06:00,I-A,I,Punpun,A,Sripalpur,45.35,50.6,53.91,0
2026-07-13,06:00,J-A,J,Adhwara,A,Sonbarsa,78.4,81.85,83.75,0
2026-07-13,06:00,J-B,J,Adhwara,B,Sundarpur,58.4,61.7,64.1,108
2026-07-13,06:00,J-C,J,Adhwara,C,Pupri,50.9,55.79,56.95,50
2026-07-13,06:00,K-A,K,Khiroi,A,Kamtaul,46.79,50,53.05,0
2026-07-13,06:00,K-B,K,Khiroi,B,Ekmighat,42.33,46.94,49.52,50
2026-07-13,06:00,L-A,L,Mahananda,A,Taibpur,64.8,66,67.26,0
2026-07-13,06:00,L-B,L,Mahananda,B,Dhangaraghat,34.7,35.65,38.2,50
2026-07-13,06:00,M-A,M,Ghaghra,A,Darauli,58.41,60.82,61.82,0
2026-07-13,06:00,M-B,M,Ghaghra,B,Gangpur Siswan,54.41,57.04,58.26,50
2026-07-13,14:00,A-A,A,Gandak,A,Khada,94.99,96,97.5,0
2026-07-13,14:00,A-B,A,Gandak,B,Chatia,66,69.15,70.04,25
2026-07-13,14:00,A-C,A,Gandak,C,Dumaria Ghat,62.09,62.22,64.36,25
2026-07-13,14:00,A-D,A,Gandak,D,Rewa Ghat,52.88,54.41,55.46,25
2026-07-13,14:00,A-E,A,Gandak,E,Hajipur,46.24,50.32,50.93,25
2026-07-13,14:00,B-A,B,Kosi,A,Basua,46.93,47.75,49.24,0
2026-07-13,14:00,B-B,B,Kosi,B,Baltara,33.74,33.85,36.4,25
2026-07-13,14:00,B-C,B,Kosi,C,Kursela,26.42,30,32.1,25
2026-07-13,14:00,C-A,C,Bagmati,A,Dheng,70.4,71,73.47,0
2026-07-13,14:00,C-B,C,Bagmati,B,Sonakhan,68.8,68.8,72.05,25
2026-07-13,14:00,C-C,C,Bagmati,C,Dubadhar,60.25,61.28,63.75,50
2026-07-13,14:00,C-D,C,Bagmati,D,Kansar,57.38,59.06,60.86,25
2026-07-13,14:00,C-E,C,Bagmati,E,Kataunjha,54.05,55,58.36,25
2026-07-13,14:00,C-F,C,Bagmati,F,Benibad,48.6,48.68,50.12,28
2026-07-13,14:00,C-G,C,Bagmati,G,Hayaghat,41.25,45.72,48.96,25
2026-07-13,14:00,D-A,D,Burhi Gandak,A,Sikandarpur,45.3,52.53,54.29,0
2026-07-13,14:00,D-B,D,Burhi Gandak,B,Samastipur,40.05,45.73,49.38,33
2026-07-13,14:00,D-C,D,Burhi Gandak,C,Rosara,36.65,42.63,46.56,25
2026-07-13,14:00,D-D,D,Burhi Gandak,D,Khagaria,31.36,36.58,39.22,25
2026-07-13,14:00,E-A,E,Kamla Balan,A,Jainagar,68.15,68.5,71.35,0
2026-07-13,14:00,E-B,E,Kamla Balan,B,Jhanjharpur,49.46,50.5,53.11,100
2026-07-13,14:00,F-A,F,Bhuthi Balan,A,Ekma,69.05,69.5,72.1,0
2026-07-13,14:00,G-A,G,Lalbakeya,A,Gowabari,70.7,71.15,73.86,0
2026-07-13,14:00,H-A,H,Ganga,A,Allahabad,73.2,84.73,88.03,0
2026-07-13,14:00,H-B,H,Ganga,B,Varanasi,58.64,71.26,73.9,67
2026-07-13,14:00,H-C,H,Ganga,C,Buxar,48.97,60.32,62.09,50
2026-07-13,14:00,H-D,H,Ganga,D,Digha,45.1,50.45,52.52,50
2026-07-13,14:00,H-E,H,Ganga,E,Gandhi Ghat,44.83,48.6,50.52,25
2026-07-13,14:00,H-F,H,Ganga,F,Hathidah,36.65,41.76,43.52,50
2026-07-13,14:00,H-G,H,Ganga,G,Munger,33.06,39.33,40.99,25
2026-07-13,14:00,H-H,H,Ganga,H,Bhagalpur,27.48,33.68,34.86,25
2026-07-13,14:00,H-I,H,Ganga,I,Kahalgaon,26.79,31.09,32.87,25
2026-07-13,14:00,H-J,H,Ganga,J,Farakka,16.94,22.25,25.14,25
2026-07-13,14:00,I-A,I,Punpun,A,Sripalpur,45.43,50.6,53.91,0
2026-07-13,14:00,J-A,J,Adhwara,A,Sonbarsa,79.3,81.85,83.75,0
2026-07-13,14:00,J-B,J,Adhwara,B,Sundarpur,58.35,61.7,64.1,108
2026-07-13,14:00,J-C,J,Adhwara,C,Pupri,50.9,55.79,56.95,50
2026-07-13,14:00,K-A,K,Khiroi,A,Kamtaul,46.79,50,53.05,0
2026-07-13,14:00,K-B,K,Khiroi,B,Ekmighat,42.27,46.94,49.52,50
2026-07-13,14:00,L-A,L,Mahananda,A,Taibpur,64.91,66,67.26,0
2026-07-13,14:00,L-B,L,Mahananda,B,Dhangaraghat,35,35.65,38.2,50
2026-07-13,14:00,M-A,M,Ghaghra,A,Darauli,58.51,60.82,61.82,0
2026-07-13,14:00,M-B,M,Ghaghra,B,Gangpur Siswan,54.43,57.04,58.26,50
2026-07-14,06:00,A-A,A,Gandak,A,Khada,95.18,96,97.5,0
2026-07-14,06:00,A-B,A,Gandak,B,Chatia,66.06,69.15,70.04,25
2026-07-14,06:00,A-C,A,Gandak,C,Dumaria Ghat,62.24,62.22,64.36,25
2026-07-14,06:00,A-D,A,Gandak,D,Rewa Ghat,52.8,54.41,55.46,25
2026-07-14,06:00,A-E,A,Gandak,E,Hajipur,46.17,50.32,50.93,25
2026-07-14,06:00,B-A,B,Kosi,A,Basua,47.06,47.75,49.24,0
2026-07-14,06:00,B-B,B,Kosi,B,Baltara,33.98,33.85,36.4,25
2026-07-14,06:00,B-C,B,Kosi,C,Kursela,26.62,30,32.1,25
2026-07-14,06:00,C-A,C,Bagmati,A,Dheng,71,71,73.47,0
2026-07-14,06:00,C-B,C,Bagmati,B,Sonakhan,68.92,68.8,72.05,25
2026-07-14,06:00,C-C,C,Bagmati,C,Dubadhar,61.12,61.28,63.75,50
2026-07-14,06:00,C-D,C,Bagmati,D,Kansar,58.9,59.06,60.86,25
2026-07-14,06:00,C-E,C,Bagmati,E,Kataunjha,56,55,58.36,25
2026-07-14,06:00,C-F,C,Bagmati,F,Benibad,48.56,48.68,50.12,28
2026-07-14,06:00,C-G,C,Bagmati,G,Hayaghat,41.25,45.72,48.96,25
2026-07-14,06:00,D-A,D,Burhi Gandak,A,Sikandarpur,45.3,52.53,54.29,0
2026-07-14,06:00,D-B,D,Burhi Gandak,B,Samastipur,40.05,45.73,49.38,33
2026-07-14,06:00,D-C,D,Burhi Gandak,C,Rosara,36.65,42.63,46.56,25
2026-07-14,06:00,D-D,D,Burhi Gandak,D,Khagaria,31.58,36.58,39.22,25
2026-07-14,06:00,E-A,E,Kamla Balan,A,Jainagar,68.2,68.5,71.35,0
2026-07-14,06:00,E-B,E,Kamla Balan,B,Jhanjharpur,51.1,50.5,53.11,100
2026-07-14,06:00,F-A,F,Bhuthi Balan,A,Ekma,68.59,69.5,72.1,0
2026-07-14,06:00,G-A,G,Lalbakeya,A,Gowabari,71.4,71.15,73.86,0
2026-07-14,06:00,H-A,H,Ganga,A,Allahabad,73.3,84.73,88.03,0
2026-07-14,06:00,H-B,H,Ganga,B,Varanasi,59.04,71.26,73.9,67
2026-07-14,06:00,H-C,H,Ganga,C,Buxar,48.98,60.32,62.09,50
2026-07-14,06:00,H-D,H,Ganga,D,Digha,45.18,50.45,52.52,50
2026-07-14,06:00,H-E,H,Ganga,E,Gandhi Ghat,44.89,48.6,50.52,25
2026-07-14,06:00,H-F,H,Ganga,F,Hathidah,36.72,41.76,43.52,50
2026-07-14,06:00,H-G,H,Ganga,G,Munger,33.38,39.33,40.99,25
2026-07-14,06:00,H-H,H,Ganga,H,Bhagalpur,27.8,33.68,34.86,25
2026-07-14,06:00,H-I,H,Ganga,I,Kahalgaon,27.18,31.09,32.87,25
2026-07-14,06:00,H-J,H,Ganga,J,Farakka,17.36,22.25,25.14,25
2026-07-14,06:00,I-A,I,Punpun,A,Sripalpur,45.5,50.6,53.91,0
2026-07-14,06:00,J-A,J,Adhwara,A,Sonbarsa,79.4,81.85,83.75,0
2026-07-14,06:00,J-B,J,Adhwara,B,Sundarpur,58.35,61.7,64.1,108
2026-07-14,06:00,J-C,J,Adhwara,C,Pupri,50.92,55.79,56.95,50
2026-07-14,06:00,K-A,K,Khiroi,A,Kamtaul,46.77,50,53.05,0
2026-07-14,06:00,K-B,K,Khiroi,B,Ekmighat,42.36,46.94,49.52,50
2026-07-14,06:00,L-A,L,Mahananda,A,Taibpur,65.06,66,67.26,0
2026-07-14,06:00,L-B,L,Mahananda,B,Dhangaraghat,35.18,35.65,38.2,50
2026-07-14,06:00,M-A,M,Ghaghra,A,Darauli,58.45,60.82,61.82,0
2026-07-14,06:00,M-B,M,Ghaghra,B,Gangpur Siswan,54.32,57.04,58.26,50
2026-07-14,14:00,A-A,A,Gandak,A,Khada,95.62,96,97.5,0
2026-07-14,14:00,A-B,A,Gandak,B,Chatia,66.14,69.15,70.04,25
2026-07-14,14:00,A-C,A,Gandak,C,Dumaria Ghat,62.32,62.22,64.36,25
2026-07-14,14:00,A-D,A,Gandak,D,Rewa Ghat,52.95,54.41,55.46,25
2026-07-14,14:00,A-E,A,Gandak,E,Hajipur,46.31,50.32,50.93,25
2026-07-14,14:00,B-A,B,Kosi,A,Basua,47.06,47.75,49.24,0
2026-07-14,14:00,B-B,B,Kosi,B,Baltara,34.11,33.85,36.4,25
2026-07-14,14:00,B-C,B,Kosi,C,Kursela,26.75,30,32.1,25
2026-07-14,14:00,C-A,C,Bagmati,A,Dheng,71.21,71,73.47,0
2026-07-14,14:00,C-B,C,Bagmati,B,Sonakhan,69.23,68.8,72.05,25
2026-07-14,14:00,C-C,C,Bagmati,C,Dubadhar,61.34,61.28,63.75,50
2026-07-14,14:00,C-D,C,Bagmati,D,Kansar,59.2,59.06,60.86,25
2026-07-14,14:00,C-E,C,Bagmati,E,Kataunjha,56,55,58.36,25
2026-07-14,14:00,C-F,C,Bagmati,F,Benibad,49.5,48.68,50.12,28
2026-07-14,14:00,C-G,C,Bagmati,G,Hayaghat,41.59,45.72,48.96,25
2026-07-14,14:00,D-A,D,Burhi Gandak,A,Sikandarpur,46.16,52.53,54.29,0
2026-07-14,14:00,D-B,D,Burhi Gandak,B,Samastipur,40.05,45.73,49.38,33
2026-07-14,14:00,D-C,D,Burhi Gandak,C,Rosara,36.64,42.63,46.56,25
2026-07-14,14:00,D-D,D,Burhi Gandak,D,Khagaria,31.59,36.58,39.22,25
2026-07-14,14:00,E-A,E,Kamla Balan,A,Jainagar,68.2,68.5,71.35,0
2026-07-14,14:00,E-B,E,Kamla Balan,B,Jhanjharpur,51.05,50.5,53.11,100
2026-07-14,14:00,F-A,F,Bhuthi Balan,A,Ekma,68.59,69.5,72.1,0
2026-07-14,14:00,G-A,G,Lalbakeya,A,Gowabari,71.55,71.15,73.86,0
2026-07-14,14:00,H-A,H,Ganga,A,Allahabad,73.31,84.73,88.03,0
2026-07-14,14:00,H-B,H,Ganga,B,Varanasi,59.32,71.26,73.9,67
2026-07-14,14:00,H-C,H,Ganga,C,Buxar,48.98,60.32,62.09,50
2026-07-14,14:00,H-D,H,Ganga,D,Digha,45.26,50.45,52.52,50
2026-07-14,14:00,H-E,H,Ganga,E,Gandhi Ghat,44.95,48.6,50.52,25
2026-07-14,14:00,H-F,H,Ganga,F,Hathidah,36.78,41.76,43.52,50
2026-07-14,14:00,H-G,H,Ganga,G,Munger,33.46,39.33,40.99,25
2026-07-14,14:00,H-H,H,Ganga,H,Bhagalpur,27.96,33.68,34.86,25
2026-07-14,14:00,H-I,H,Ganga,I,Kahalgaon,27.3,31.09,32.87,25
2026-07-14,14:00,H-J,H,Ganga,J,Farakka,17.43,22.25,25.14,25
2026-07-14,14:00,I-A,I,Punpun,A,Sripalpur,45.49,50.6,53.91,0
2026-07-14,14:00,J-A,J,Adhwara,A,Sonbarsa,79.8,81.85,83.75,0
2026-07-14,14:00,J-B,J,Adhwara,B,Sundarpur,58.55,61.7,64.1,108
2026-07-14,14:00,J-C,J,Adhwara,C,Pupri,50.92,55.79,56.95,50
2026-07-14,14:00,K-A,K,Khiroi,A,Kamtaul,46.77,50,53.05,0
2026-07-14,14:00,K-B,K,Khiroi,B,Ekmighat,42.71,46.94,49.52,50
2026-07-14,14:00,L-A,L,Mahananda,A,Taibpur,64.68,66,67.26,0
2026-07-14,14:00,L-B,L,Mahananda,B,Dhangaraghat,35.53,35.65,38.2,50
2026-07-14,14:00,M-A,M,Ghaghra,A,Darauli,58.47,60.82,61.82,0
2026-07-14,14:00,M-B,M,Ghaghra,B,Gangpur Siswan,54.09,57.04,58.26,50
2026-07-15,06:00,A-A,A,Gandak,A,Khada,95.75,96,97.5,0
2026-07-15,06:00,A-B,A,Gandak,B,Chatia,66.32,69.15,70.04,25
2026-07-15,06:00,A-C,A,Gandak,C,Dumaria Ghat,62.56,62.22,64.36,25
2026-07-15,06:00,A-D,A,Gandak,D,Rewa Ghat,53.14,54.41,55.46,25
2026-07-15,06:00,A-E,A,Gandak,E,Hajipur,46.39,50.32,50.93,25
2026-07-15,06:00,B-A,B,Kosi,A,Basua,46.95,47.75,49.24,0
2026-07-15,06:00,B-B,B,Kosi,B,Baltara,34.27,33.85,36.4,25
2026-07-15,06:00,B-C,B,Kosi,C,Kursela,26.91,30,32.1,25
2026-07-15,06:00,C-A,C,Bagmati,A,Dheng,70.65,71,73.47,0
2026-07-15,06:00,C-B,C,Bagmati,B,Sonakhan,68.65,68.8,72.05,25
2026-07-15,06:00,C-C,C,Bagmati,C,Dubadhar,60.92,61.28,63.75,50
2026-07-15,06:00,C-D,C,Bagmati,D,Kansar,58.75,59.06,60.86,25
2026-07-15,06:00,C-E,C,Bagmati,E,Kataunjha,56,55,58.36,25
2026-07-15,06:00,C-F,C,Bagmati,F,Benibad,49.76,48.68,50.12,28
2026-07-15,06:00,C-G,C,Bagmati,G,Hayaghat,42.36,45.72,48.96,25
2026-07-15,06:00,D-A,D,Burhi Gandak,A,Sikandarpur,47.13,52.53,54.29,0
2026-07-15,06:00,D-B,D,Burhi Gandak,B,Samastipur,40.01,45.73,49.38,33
2026-07-15,06:00,D-C,D,Burhi Gandak,C,Rosara,36.63,42.63,46.56,25
2026-07-15,06:00,D-D,D,Burhi Gandak,D,Khagaria,31.63,36.58,39.22,25
2026-07-15,06:00,E-A,E,Kamla Balan,A,Jainagar,67.8,68.5,71.35,0
2026-07-15,06:00,E-B,E,Kamla Balan,B,Jhanjharpur,50.7,50.5,53.11,100
2026-07-15,06:00,F-A,F,Bhuthi Balan,A,Ekma,68.59,69.5,72.1,0
2026-07-15,06:00,G-A,G,Lalbakeya,A,Gowabari,71.7,71.15,73.86,0
2026-07-15,06:00,H-A,H,Ganga,A,Allahabad,73.18,84.73,88.03,0
2026-07-15,06:00,H-B,H,Ganga,B,Varanasi,59.88,71.26,73.9,67
2026-07-15,06:00,H-C,H,Ganga,C,Buxar,48.99,60.32,62.09,50
2026-07-15,06:00,H-D,H,Ganga,D,Digha,45.42,50.45,52.52,50
2026-07-15,06:00,H-E,H,Ganga,E,Gandhi Ghat,45.16,48.6,50.52,25
2026-07-15,06:00,H-F,H,Ganga,F,Hathidah,36.94,41.76,43.52,50
2026-07-15,06:00,H-G,H,Ganga,G,Munger,33.48,39.33,40.99,25
2026-07-15,06:00,H-H,H,Ganga,H,Bhagalpur,28.12,33.68,34.86,25
2026-07-15,06:00,H-I,H,Ganga,I,Kahalgaon,27.33,31.09,32.87,25
2026-07-15,06:00,H-J,H,Ganga,J,Farakka,17.9,22.25,25.14,25
2026-07-15,06:00,I-A,I,Punpun,A,Sripalpur,45.45,50.6,53.91,0
2026-07-15,06:00,J-A,J,Adhwara,A,Sonbarsa,79.55,81.85,83.75,0
2026-07-15,06:00,J-B,J,Adhwara,B,Sundarpur,58.8,61.7,64.1,108
2026-07-15,06:00,J-C,J,Adhwara,C,Pupri,51.05,55.79,56.95,50
2026-07-15,06:00,K-A,K,Khiroi,A,Kamtaul,46.77,50,53.05,0
2026-07-15,06:00,K-B,K,Khiroi,B,Ekmighat,43.32,46.94,49.52,50
2026-07-15,06:00,L-A,L,Mahananda,A,Taibpur,64.65,66,67.26,0
2026-07-15,06:00,L-B,L,Mahananda,B,Dhangaraghat,35.29,35.65,38.2,50
2026-07-15,06:00,M-A,M,Ghaghra,A,Darauli,58.73,60.82,61.82,0
2026-07-15,06:00,M-B,M,Ghaghra,B,Gangpur Siswan,53.82,57.04,58.26,50
2026-07-15,14:00,A-A,A,Gandak,A,Khada,95.47,96,97.5,0
2026-07-15,14:00,A-B,A,Gandak,B,Chatia,66.56,69.15,70.04,25
2026-07-15,14:00,A-C,A,Gandak,C,Dumaria Ghat,62.82,62.22,64.36,25
2026-07-15,14:00,A-D,A,Gandak,D,Rewa Ghat,53.34,54.41,55.46,25
2026-07-15,14:00,A-E,A,Gandak,E,Hajipur,46.61,50.32,50.93,25
2026-07-15,14:00,B-A,B,Kosi,A,Basua,46.93,47.75,49.24,0
2026-07-15,14:00,B-B,B,Kosi,B,Baltara,34.3,33.85,36.4,25
2026-07-15,14:00,B-C,B,Kosi,C,Kursela,26.95,30,32.1,25
2026-07-15,14:00,C-A,C,Bagmati,A,Dheng,70.55,71,73.47,0
2026-07-15,14:00,C-B,C,Bagmati,B,Sonakhan,68.55,68.8,72.05,25
2026-07-15,14:00,C-C,C,Bagmati,C,Dubadhar,60.93,61.28,63.75,50
2026-07-15,14:00,C-D,C,Bagmati,D,Kansar,58.7,59.06,60.86,25
2026-07-15,14:00,C-E,C,Bagmati,E,Kataunjha,55.85,55,58.36,25
2026-07-15,14:00,C-F,C,Bagmati,F,Benibad,49.76,48.68,50.12,28
2026-07-15,14:00,C-G,C,Bagmati,G,Hayaghat,42.48,45.72,48.96,25
2026-07-15,14:00,D-A,D,Burhi Gandak,A,Sikandarpur,47.35,52.53,54.29,0
2026-07-15,14:00,D-B,D,Burhi Gandak,B,Samastipur,39.97,45.73,49.38,33
2026-07-15,14:00,D-C,D,Burhi Gandak,C,Rosara,36.61,42.63,46.56,25
2026-07-15,14:00,D-D,D,Burhi Gandak,D,Khagaria,31.73,36.58,39.22,25
2026-07-15,14:00,E-A,E,Kamla Balan,A,Jainagar,67.75,68.5,71.35,0
2026-07-15,14:00,E-B,E,Kamla Balan,B,Jhanjharpur,50.15,50.5,53.11,100
2026-07-15,14:00,F-A,F,Bhuthi Balan,A,Ekma,68.59,69.5,72.1,0
2026-07-15,14:00,G-A,G,Lalbakeya,A,Gowabari,71.3,71.15,73.86,0
2026-07-15,14:00,H-A,H,Ganga,A,Allahabad,73.09,84.73,88.03,0
2026-07-15,14:00,H-B,H,Ganga,B,Varanasi,60.12,71.26,73.9,67
2026-07-15,14:00,H-C,H,Ganga,C,Buxar,49,60.32,62.09,50
2026-07-15,14:00,H-D,H,Ganga,D,Digha,45.58,50.45,52.52,50
2026-07-15,14:00,H-E,H,Ganga,E,Gandhi Ghat,45.33,48.6,50.52,25
2026-07-15,14:00,H-F,H,Ganga,F,Hathidah,37.02,41.76,43.52,50
2026-07-15,14:00,H-G,H,Ganga,G,Munger,33.5,39.33,40.99,25
2026-07-15,14:00,H-H,H,Ganga,H,Bhagalpur,28.16,33.68,34.86,25
2026-07-15,14:00,H-I,H,Ganga,I,Kahalgaon,27.35,31.09,32.87,25
2026-07-15,14:00,H-J,H,Ganga,J,Farakka,18.55,22.25,25.14,25
2026-07-15,14:00,I-A,I,Punpun,A,Sripalpur,45.43,50.6,53.91,0
2026-07-15,14:00,J-A,J,Adhwara,A,Sonbarsa,79.2,81.85,83.75,0
2026-07-15,14:00,J-B,J,Adhwara,B,Sundarpur,58.8,61.7,64.1,108
2026-07-15,14:00,J-C,J,Adhwara,C,Pupri,51.25,55.79,56.95,50
2026-07-15,14:00,K-A,K,Khiroi,A,Kamtaul,46.76,50,53.05,0
2026-07-15,14:00,K-B,K,Khiroi,B,Ekmighat,43.44,46.94,49.52,50
2026-07-15,14:00,L-A,L,Mahananda,A,Taibpur,64.52,66,67.26,0
2026-07-15,14:00,L-B,L,Mahananda,B,Dhangaraghat,35.21,35.65,38.2,50
2026-07-15,14:00,M-A,M,Ghaghra,A,Darauli,58.78,60.82,61.82,0
2026-07-15,14:00,M-B,M,Ghaghra,B,Gangpur Siswan,53.8,57.04,58.26,50
2026-07-16,06:00,A-A,A,Gandak,A,Khada,95.25,96,97.5,0
2026-07-16,06:00,A-B,A,Gandak,B,Chatia,66.96,69.15,70.04,25
2026-07-16,06:00,A-C,A,Gandak,C,Dumaria Ghat,62.9,62.22,64.36,25
2026-07-16,06:00,A-D,A,Gandak,D,Rewa Ghat,53.65,54.41,55.46,25
2026-07-16,06:00,A-E,A,Gandak,E,Hajipur,46.7,50.32,50.93,25
2026-07-16,06:00,B-A,B,Kosi,A,Basua,46.83,47.75,49.24,0
2026-07-16,06:00,B-B,B,Kosi,B,Baltara,34.42,33.85,36.4,25
2026-07-16,06:00,B-C,B,Kosi,C,Kursela,27.24,30,32.1,25
2026-07-16,06:00,C-A,C,Bagmati,A,Dheng,70.3,71,73.47,0
2026-07-16,06:00,C-B,C,Bagmati,B,Sonakhan,68.3,68.8,72.05,25
2026-07-16,06:00,C-C,C,Bagmati,C,Dubadhar,60.57,61.28,63.75,50
2026-07-16,06:00,C-D,C,Bagmati,D,Kansar,58.25,59.06,60.86,25
2026-07-16,06:00,C-E,C,Bagmati,E,Kataunjha,55.5,55,58.36,25
2026-07-16,06:00,C-F,C,Bagmati,F,Benibad,49.6,48.68,50.12,28
2026-07-16,06:00,C-G,C,Bagmati,G,Hayaghat,42.42,45.72,48.96,25
2026-07-16,06:00,D-A,D,Burhi Gandak,A,Sikandarpur,47.95,52.53,54.29,0
2026-07-16,06:00,D-B,D,Burhi Gandak,B,Samastipur,40.6,45.73,49.38,33
2026-07-16,06:00,D-C,D,Burhi Gandak,C,Rosara,36.58,42.63,46.56,25
2026-07-16,06:00,D-D,D,Burhi Gandak,D,Khagaria,31.87,36.58,39.22,25
2026-07-16,06:00,E-A,E,Kamla Balan,A,Jainagar,67.6,68.5,71.35,0
2026-07-16,06:00,E-B,E,Kamla Balan,B,Jhanjharpur,50.04,50.5,53.11,100
2026-07-16,06:00,F-A,F,Bhuthi Balan,A,Ekma,68.59,69.5,72.1,0
2026-07-16,06:00,G-A,G,Lalbakeya,A,Gowabari,70.5,71.15,73.86,0
2026-07-16,06:00,H-A,H,Ganga,A,Allahabad,73.15,84.73,88.03,0
2026-07-16,06:00,H-B,H,Ganga,B,Varanasi,60.4,71.26,73.9,67
2026-07-16,06:00,H-C,H,Ganga,C,Buxar,49.37,60.32,62.09,50
2026-07-16,06:00,H-D,H,Ganga,D,Digha,45.82,50.45,52.52,50
2026-07-16,06:00,H-E,H,Ganga,E,Gandhi Ghat,45.57,48.6,50.52,25
2026-07-16,06:00,H-F,H,Ganga,F,Hathidah,37.37,41.76,43.52,50
2026-07-16,06:00,H-G,H,Ganga,G,Munger,33.52,39.33,40.99,25
2026-07-16,06:00,H-H,H,Ganga,H,Bhagalpur,28.16,33.68,34.86,25
2026-07-16,06:00,H-I,H,Ganga,I,Kahalgaon,27.5,31.09,32.87,25
2026-07-16,06:00,H-J,H,Ganga,J,Farakka,18.45,22.25,25.14,25
2026-07-16,06:00,I-A,I,Punpun,A,Sripalpur,45.35,50.6,53.91,0
2026-07-16,06:00,J-A,J,Adhwara,A,Sonbarsa,78.8,81.85,83.75,0
2026-07-16,06:00,J-B,J,Adhwara,B,Sundarpur,58.75,61.7,64.1,108
2026-07-16,06:00,J-C,J,Adhwara,C,Pupri,51.45,55.79,56.95,50
2026-07-16,06:00,K-A,K,Khiroi,A,Kamtaul,46.76,50,53.05,0
2026-07-16,06:00,K-B,K,Khiroi,B,Ekmighat,43.76,46.94,49.52,50
2026-07-16,06:00,L-A,L,Mahananda,A,Taibpur,64.46,66,67.26,0
2026-07-16,06:00,L-B,L,Mahananda,B,Dhangaraghat,34.89,35.65,38.2,50
2026-07-16,06:00,M-A,M,Ghaghra,A,Darauli,58.83,60.82,61.82,0
2026-07-16,06:00,M-B,M,Ghaghra,B,Gangpur Siswan,53.83,57.04,58.26,50
2026-07-16,14:00,A-A,A,Gandak,A,Khada,95.09,96,97.5,0
2026-07-16,14:00,A-B,A,Gandak,B,Chatia,66.99,69.15,70.04,25
2026-07-16,14:00,A-C,A,Gandak,C,Dumaria Ghat,62.9,62.22,64.36,25
2026-07-16,14:00,A-D,A,Gandak,D,Rewa Ghat,53.81,54.41,55.46,25
2026-07-16,14:00,A-E,A,Gandak,E,Hajipur,46.8,50.32,50.93,25
2026-07-16,14:00,B-A,B,Kosi,A,Basua,46.88,47.75,49.24,0
2026-07-16,14:00,B-B,B,Kosi,B,Baltara,34.42,33.85,36.4,25
2026-07-16,14:00,B-C,B,Kosi,C,Kursela,27.24,30,32.1,25
2026-07-16,14:00,C-A,C,Bagmati,A,Dheng,70.16,71,73.47,0
2026-07-16,14:00,C-B,C,Bagmati,B,Sonakhan,68.16,68.8,72.05,25
2026-07-16,14:00,C-C,C,Bagmati,C,Dubadhar,60.33,61.28,63.75,50
2026-07-16,14:00,C-D,C,Bagmati,D,Kansar,58,59.06,60.86,25
2026-07-16,14:00,C-E,C,Bagmati,E,Kataunjha,55.4,55,58.36,25
2026-07-16,14:00,C-F,C,Bagmati,F,Benibad,49.6,48.68,50.12,28
2026-07-16,14:00,C-G,C,Bagmati,G,Hayaghat,42.42,45.72,48.96,25
2026-07-16,14:00,D-A,D,Burhi Gandak,A,Sikandarpur,48.32,52.53,54.29,0
2026-07-16,14:00,D-B,D,Burhi Gandak,B,Samastipur,40.75,45.73,49.38,33
2026-07-16,14:00,D-C,D,Burhi Gandak,C,Rosara,36.76,42.63,46.56,25
2026-07-16,14:00,D-D,D,Burhi Gandak,D,Khagaria,32.01,36.58,39.22,25
2026-07-16,14:00,E-A,E,Kamla Balan,A,Jainagar,67.5,68.5,71.35,0
2026-07-16,14:00,E-B,E,Kamla Balan,B,Jhanjharpur,50.1,50.5,53.11,100
2026-07-16,14:00,F-A,F,Bhuthi Balan,A,Ekma,69.05,69.5,72.1,0
2026-07-16,14:00,G-A,G,Lalbakeya,A,Gowabari,70.25,71.15,73.86,0
2026-07-16,14:00,H-A,H,Ganga,A,Allahabad,73.28,84.73,88.03,0
2026-07-16,14:00,H-B,H,Ganga,B,Varanasi,60.48,71.26,73.9,67
2026-07-16,14:00,H-C,H,Ganga,C,Buxar,49.69,60.32,62.09,50
2026-07-16,14:00,H-D,H,Ganga,D,Digha,45.9,50.45,52.52,50
2026-07-16,14:00,H-E,H,Ganga,E,Gandhi Ghat,45.65,48.6,50.52,25
2026-07-16,14:00,H-F,H,Ganga,F,Hathidah,37.53,41.76,43.52,50
2026-07-16,14:00,H-G,H,Ganga,G,Munger,33.58,39.33,40.99,25
2026-07-16,14:00,H-H,H,Ganga,H,Bhagalpur,28.23,33.68,34.86,25
2026-07-16,14:00,H-I,H,Ganga,I,Kahalgaon,27.52,31.09,32.87,25
2026-07-16,14:00,H-J,H,Ganga,J,Farakka,18.49,22.25,25.14,25
2026-07-16,14:00,I-A,I,Punpun,A,Sripalpur,45.33,50.6,53.91,0
2026-07-16,14:00,J-A,J,Adhwara,A,Sonbarsa,78.8,81.85,83.75,0
2026-07-16,14:00,J-B,J,Adhwara,B,Sundarpur,58.65,61.7,64.1,108
2026-07-16,14:00,J-C,J,Adhwara,C,Pupri,51.45,55.79,56.95,50
2026-07-16,14:00,K-A,K,Khiroi,A,Kamtaul,46.71,50,53.05,0
2026-07-16,14:00,K-B,K,Khiroi,B,Ekmighat,43.96,46.94,49.52,50
2026-07-16,14:00,L-A,L,Mahananda,A,Taibpur,64.52,66,67.26,0
2026-07-16,14:00,L-B,L,Mahananda,B,Dhangaraghat,34.86,35.65,38.2,50
2026-07-16,14:00,M-A,M,Ghaghra,A,Darauli,58.88,60.82,61.82,0
2026-07-16,14:00,M-B,M,Ghaghra,B,Gangpur Siswan,53.83,57.04,58.26,50
2026-07-17,06:00,A-A,A,Gandak,A,Khada,94.88,96,97.5,0
2026-07-17,06:00,A-B,A,Gandak,B,Chatia,66.93,69.15,70.04,25
2026-07-17,06:00,A-C,A,Gandak,C,Dumaria Ghat,62.79,62.22,64.36,25
2026-07-17,06:00,A-D,A,Gandak,D,Rewa Ghat,53.92,54.41,55.46,25
2026-07-17,06:00,A-E,A,Gandak,E,Hajipur,46.83,50.32,50.93,25
2026-07-17,06:00,B-A,B,Kosi,A,Basua,47.06,47.75,49.24,0
2026-07-17,06:00,B-B,B,Kosi,B,Baltara,34.45,33.85,36.4,25
2026-07-17,06:00,B-C,B,Kosi,C,Kursela,27.38,30,32.1,25
2026-07-17,06:00,C-A,C,Bagmati,A,Dheng,70.28,71,73.47,0
2026-07-17,06:00,C-B,C,Bagmati,B,Sonakhan,68.28,68.8,72.05,25
2026-07-17,06:00,C-C,C,Bagmati,C,Dubadhar,60.36,61.28,63.75,50
2026-07-17,06:00,C-D,C,Bagmati,D,Kansar,57.9,59.06,60.86,25
2026-07-17,06:00,C-E,C,Bagmati,E,Kataunjha,55,55,58.36,25
2026-07-17,06:00,C-F,C,Bagmati,F,Benibad,49.6,48.68,50.12,28
2026-07-17,06:00,C-G,C,Bagmati,G,Hayaghat,42.79,45.72,48.96,25
2026-07-17,06:00,D-A,D,Burhi Gandak,A,Sikandarpur,48.75,52.53,54.29,0
2026-07-17,06:00,D-B,D,Burhi Gandak,B,Samastipur,41.45,45.73,49.38,33
2026-07-17,06:00,D-C,D,Burhi Gandak,C,Rosara,37.48,42.63,46.56,25
2026-07-17,06:00,D-D,D,Burhi Gandak,D,Khagaria,32.25,36.58,39.22,25
2026-07-17,06:00,E-A,E,Kamla Balan,A,Jainagar,67.45,68.5,71.35,0
2026-07-17,06:00,E-B,E,Kamla Balan,B,Jhanjharpur,49.7,50.5,53.11,100
2026-07-17,06:00,F-A,F,Bhuthi Balan,A,Ekma,68.59,69.5,72.1,0
2026-07-17,06:00,G-A,G,Lalbakeya,A,Gowabari,70.75,71.15,73.86,0
2026-07-17,06:00,H-A,H,Ganga,A,Allahabad,73.44,84.73,88.03,0
2026-07-17,06:00,H-B,H,Ganga,B,Varanasi,60.53,71.26,73.9,67
2026-07-17,06:00,H-C,H,Ganga,C,Buxar,50.23,60.32,62.09,50
2026-07-17,06:00,H-D,H,Ganga,D,Digha,46.03,50.45,52.52,50
2026-07-17,06:00,H-E,H,Ganga,E,Gandhi Ghat,45.76,48.6,50.52,25
2026-07-17,06:00,H-F,H,Ganga,F,Hathidah,37.77,41.76,43.52,50
2026-07-17,06:00,H-G,H,Ganga,G,Munger,33.74,39.33,40.99,25
2026-07-17,06:00,H-H,H,Ganga,H,Bhagalpur,28.47,33.68,34.86,25
2026-07-17,06:00,H-I,H,Ganga,I,Kahalgaon,27.76,31.09,32.87,25
2026-07-17,06:00,H-J,H,Ganga,J,Farakka,18.48,22.25,25.14,25
2026-07-17,06:00,I-A,I,Punpun,A,Sripalpur,45.28,50.6,53.91,0
2026-07-17,06:00,J-A,J,Adhwara,A,Sonbarsa,78.74,81.85,83.75,0
2026-07-17,06:00,J-B,J,Adhwara,B,Sundarpur,58.6,61.7,64.1,108
2026-07-17,06:00,J-C,J,Adhwara,C,Pupri,51.4,55.79,56.95,50
2026-07-17,06:00,K-A,K,Khiroi,A,Kamtaul,46.55,50,53.05,0
2026-07-17,06:00,K-B,K,Khiroi,B,Ekmighat,44.24,46.94,49.52,50
2026-07-17,06:00,L-A,L,Mahananda,A,Taibpur,64.2,66,67.26,0
2026-07-17,06:00,L-B,L,Mahananda,B,Dhangaraghat,34.71,35.65,38.2,50
2026-07-17,06:00,M-A,M,Ghaghra,A,Darauli,59.03,60.82,61.82,0
2026-07-17,06:00,M-B,M,Ghaghra,B,Gangpur Siswan,53.85,57.04,58.26,50
2026-07-17,14:00,A-A,A,Gandak,A,Khada,94.99,96,97.5,0
2026-07-17,14:00,A-B,A,Gandak,B,Chatia,66.93,69.15,70.04,25
2026-07-17,14:00,A-C,A,Gandak,C,Dumaria Ghat,62.76,62.22,64.36,25
2026-07-17,14:00,A-D,A,Gandak,D,Rewa Ghat,53.82,54.41,55.46,25
2026-07-17,14:00,A-E,A,Gandak,E,Hajipur,46.94,50.32,50.93,25
2026-07-17,14:00,B-A,B,Kosi,A,Basua,46.98,47.75,49.24,0
2026-07-17,14:00,B-B,B,Kosi,B,Baltara,34.47,33.85,36.4,25
2026-07-17,14:00,B-C,B,Kosi,C,Kursela,27.44,30,32.1,25
2026-07-17,14:00,C-A,C,Bagmati,A,Dheng,70.33,71,73.47,0
2026-07-17,14:00,C-B,C,Bagmati,B,Sonakhan,68.33,68.8,72.05,25
2026-07-17,14:00,C-C,C,Bagmati,C,Dubadhar,60.41,61.28,63.75,50
2026-07-17,14:00,C-D,C,Bagmati,D,Kansar,57.75,59.06,60.86,25
2026-07-17,14:00,C-E,C,Bagmati,E,Kataunjha,54.7,55,58.36,25
2026-07-17,14:00,C-F,C,Bagmati,F,Benibad,49.6,48.68,50.12,28
2026-07-17,14:00,C-G,C,Bagmati,G,Hayaghat,43.09,45.72,48.96,25
2026-07-17,14:00,D-A,D,Burhi Gandak,A,Sikandarpur,49.15,52.53,54.29,0
2026-07-17,14:00,D-B,D,Burhi Gandak,B,Samastipur,41.55,45.73,49.38,33
2026-07-17,14:00,D-C,D,Burhi Gandak,C,Rosara,38.1,42.63,46.56,25
2026-07-17,14:00,D-D,D,Burhi Gandak,D,Khagaria,32.39,36.58,39.22,25
2026-07-17,14:00,E-A,E,Kamla Balan,A,Jainagar,67.3,68.5,71.35,0
2026-07-17,14:00,E-B,E,Kamla Balan,B,Jhanjharpur,49.7,50.5,53.11,100
2026-07-17,14:00,F-A,F,Bhuthi Balan,A,Ekma,68.59,69.5,72.1,0
2026-07-17,14:00,G-A,G,Lalbakeya,A,Gowabari,70.5,71.15,73.86,0
2026-07-17,14:00,H-A,H,Ganga,A,Allahabad,73.5,84.73,88.03,0
2026-07-17,14:00,H-B,H,Ganga,B,Varanasi,60.53,71.26,73.9,67
2026-07-17,14:00,H-C,H,Ganga,C,Buxar,50.32,60.32,62.09,50
2026-07-17,14:00,H-D,H,Ganga,D,Digha,46.09,50.45,52.52,50
2026-07-17,14:00,H-E,H,Ganga,E,Gandhi Ghat,45.8,48.6,50.52,25
2026-07-17,14:00,H-F,H,Ganga,F,Hathidah,37.85,41.76,43.52,50
2026-07-17,14:00,H-G,H,Ganga,G,Munger,33.88,39.33,40.99,25
2026-07-17,14:00,H-H,H,Ganga,H,Bhagalpur,28.63,33.68,34.86,25
2026-07-17,14:00,H-I,H,Ganga,I,Kahalgaon,27.84,31.09,32.87,25
2026-07-17,14:00,H-J,H,Ganga,J,Farakka,18.57,22.25,25.14,25
2026-07-17,14:00,I-A,I,Punpun,A,Sripalpur,45.24,50.6,53.91,0
2026-07-17,14:00,J-A,J,Adhwara,A,Sonbarsa,78.66,81.85,83.75,0
2026-07-17,14:00,J-B,J,Adhwara,B,Sundarpur,58.6,61.7,64.1,108
2026-07-17,14:00,J-C,J,Adhwara,C,Pupri,51.38,55.79,56.95,50
2026-07-17,14:00,K-A,K,Khiroi,A,Kamtaul,46.53,50,53.05,0
2026-07-17,14:00,K-B,K,Khiroi,B,Ekmighat,44.28,46.94,49.52,50
2026-07-17,14:00,L-A,L,Mahananda,A,Taibpur,64.17,66,67.26,0
2026-07-17,14:00,L-B,L,Mahananda,B,Dhangaraghat,34.71,35.65,38.2,50
2026-07-17,14:00,M-A,M,Ghaghra,A,Darauli,59.08,60.82,61.82,0
2026-07-17,14:00,M-B,M,Ghaghra,B,Gangpur Siswan,53.87,57.04,58.26,50
2026-07-18,06:00,A-A,A,Gandak,A,Khada,95.19,96,97.5,0
2026-07-18,06:00,A-B,A,Gandak,B,Chatia,66.9,69.15,70.04,25
2026-07-18,06:00,A-C,A,Gandak,C,Dumaria Ghat,62.53,62.22,64.36,25
2026-07-18,06:00,A-D,A,Gandak,D,Rewa Ghat,53.66,54.41,55.46,25
2026-07-18,06:00,A-E,A,Gandak,E,Hajipur,46.83,50.32,50.93,25
2026-07-18,06:00,B-A,B,Kosi,A,Basua,46.95,47.75,49.24,0
2026-07-18,06:00,B-B,B,Kosi,B,Baltara,34.53,33.85,36.4,25
2026-07-18,06:00,B-C,B,Kosi,C,Kursela,27.54,30,32.1,25
2026-07-18,06:00,C-A,C,Bagmati,A,Dheng,70.12,71,73.47,0
2026-07-18,06:00,C-B,C,Bagmati,B,Sonakhan,68.12,68.8,72.05,25
2026-07-18,06:00,C-C,C,Bagmati,C,Dubadhar,60.31,61.28,63.75,50
2026-07-18,06:00,C-D,C,Bagmati,D,Kansar,57.85,59.06,60.86,25
2026-07-18,06:00,C-E,C,Bagmati,E,Kataunjha,54.8,55,58.36,25
2026-07-18,06:00,C-F,C,Bagmati,F,Benibad,49.48,48.68,50.12,28
2026-07-18,06:00,C-G,C,Bagmati,G,Hayaghat,43.5,45.72,48.96,25
2026-07-18,06:00,D-A,D,Burhi Gandak,A,Sikandarpur,49.47,52.53,54.29,0
2026-07-18,06:00,D-B,D,Burhi Gandak,B,Samastipur,42.2,45.73,49.38,33
2026-07-18,06:00,D-C,D,Burhi Gandak,C,Rosara,39.16,42.63,46.56,25
2026-07-18,06:00,D-D,D,Burhi Gandak,D,Khagaria,32.71,36.58,39.22,25
2026-07-18,06:00,E-A,E,Kamla Balan,A,Jainagar,67.4,68.5,71.35,0
2026-07-18,06:00,E-B,E,Kamla Balan,B,Jhanjharpur,49.6,50.5,53.11,100
2026-07-18,06:00,F-A,F,Bhuthi Balan,A,Ekma,68.59,69.5,72.1,0
2026-07-18,06:00,G-A,G,Lalbakeya,A,Gowabari,69.85,71.15,73.86,0
2026-07-18,06:00,H-A,H,Ganga,A,Allahabad,73.54,84.73,88.03,0
2026-07-18,06:00,H-B,H,Ganga,B,Varanasi,60.59,71.26,73.9,67
2026-07-18,06:00,H-C,H,Ganga,C,Buxar,50.81,60.32,62.09,50
2026-07-18,06:00,H-D,H,Ganga,D,Digha,46.17,50.45,52.52,50
2026-07-18,06:00,H-E,H,Ganga,E,Gandhi Ghat,45.85,48.6,50.52,25
2026-07-18,06:00,H-F,H,Ganga,F,Hathidah,38.01,41.76,43.52,50
2026-07-18,06:00,H-G,H,Ganga,G,Munger,34.2,39.33,40.99,25
2026-07-18,06:00,H-H,H,Ganga,H,Bhagalpur,28.87,33.68,34.86,25
2026-07-18,06:00,H-I,H,Ganga,I,Kahalgaon,28.07,31.09,32.87,25
2026-07-18,06:00,H-J,H,Ganga,J,Farakka,18.7,22.25,25.14,25
2026-07-18,06:00,I-A,I,Punpun,A,Sripalpur,45.2,50.6,53.91,0
2026-07-18,06:00,J-A,J,Adhwara,A,Sonbarsa,78.6,81.85,83.75,0
2026-07-18,06:00,J-B,J,Adhwara,B,Sundarpur,58.5,61.7,64.1,108
2026-07-18,06:00,J-C,J,Adhwara,C,Pupri,51.3,55.79,56.95,50
2026-07-18,06:00,K-A,K,Khiroi,A,Kamtaul,46.51,50,53.05,0
2026-07-18,06:00,K-B,K,Khiroi,B,Ekmighat,44.42,46.94,49.52,50
2026-07-18,06:00,L-A,L,Mahananda,A,Taibpur,63.95,66,67.26,0
2026-07-18,06:00,L-B,L,Mahananda,B,Dhangaraghat,34.57,35.65,38.2,50
2026-07-18,06:00,M-A,M,Ghaghra,A,Darauli,59.23,60.82,61.82,0
2026-07-18,06:00,M-B,M,Ghaghra,B,Gangpur Siswan,53.92,57.04,58.26,50
2026-07-18,14:00,A-A,A,Gandak,A,Khada,95,96,97.5,0
2026-07-18,14:00,A-B,A,Gandak,B,Chatia,66.86,69.15,70.04,25
2026-07-18,14:00,A-C,A,Gandak,C,Dumaria Ghat,62.64,62.22,64.36,25
2026-07-18,14:00,A-D,A,Gandak,D,Rewa Ghat,53.66,54.41,55.46,25
2026-07-18,14:00,A-E,A,Gandak,E,Hajipur,46.88,50.32,50.93,25
2026-07-18,14:00,B-A,B,Kosi,A,Basua,46.96,47.75,49.24,0
2026-07-18,14:00,B-B,B,Kosi,B,Baltara,34.53,33.85,36.4,25
2026-07-18,14:00,B-C,B,Kosi,C,Kursela,27.62,30,32.1,25
2026-07-18,14:00,C-A,C,Bagmati,A,Dheng,70.1,71,73.47,0
2026-07-18,14:00,C-B,C,Bagmati,B,Sonakhan,68.1,68.8,72.05,25
2026-07-18,14:00,C-C,C,Bagmati,C,Dubadhar,60.16,61.28,63.75,50
2026-07-18,14:00,C-D,C,Bagmati,D,Kansar,57.7,59.06,60.86,25
2026-07-18,14:00,C-E,C,Bagmati,E,Kataunjha,54.77,55,58.36,25
2026-07-18,14:00,C-F,C,Bagmati,F,Benibad,49.44,48.68,50.12,28
2026-07-18,14:00,C-G,C,Bagmati,G,Hayaghat,43.5,45.72,48.96,25
2026-07-18,14:00,D-A,D,Burhi Gandak,A,Sikandarpur,49.55,52.53,54.29,0
2026-07-18,14:00,D-B,D,Burhi Gandak,B,Samastipur,42.4,45.73,49.38,33
2026-07-18,14:00,D-C,D,Burhi Gandak,C,Rosara,39.51,42.63,46.56,25
2026-07-18,14:00,D-D,D,Burhi Gandak,D,Khagaria,32.75,36.58,39.22,25
2026-07-18,14:00,E-A,E,Kamla Balan,A,Jainagar,67.35,68.5,71.35,0
2026-07-18,14:00,E-B,E,Kamla Balan,B,Jhanjharpur,49.58,50.5,53.11,100
2026-07-18,14:00,F-A,F,Bhuthi Balan,A,Ekma,68.59,69.5,72.1,0
2026-07-18,14:00,G-A,G,Lalbakeya,A,Gowabari,69.8,71.15,73.86,0
2026-07-18,14:00,H-A,H,Ganga,A,Allahabad,73.58,84.73,88.03,0
2026-07-18,14:00,H-B,H,Ganga,B,Varanasi,60.64,71.26,73.9,67
2026-07-18,14:00,H-C,H,Ganga,C,Buxar,50.84,60.32,62.09,50
2026-07-18,14:00,H-D,H,Ganga,D,Digha,46.21,50.45,52.52,50
2026-07-18,14:00,H-E,H,Ganga,E,Gandhi Ghat,45.9,48.6,50.52,25
2026-07-18,14:00,H-F,H,Ganga,F,Hathidah,38.06,41.76,43.52,50
2026-07-18,14:00,H-G,H,Ganga,G,Munger,34.36,39.33,40.99,25
2026-07-18,14:00,H-H,H,Ganga,H,Bhagalpur,29.03,33.68,34.86,25
2026-07-18,14:00,H-I,H,Ganga,I,Kahalgaon,28.23,31.09,32.87,25
2026-07-18,14:00,H-J,H,Ganga,J,Farakka,18.96,22.25,25.14,25
2026-07-18,14:00,I-A,I,Punpun,A,Sripalpur,45.19,50.6,53.91,0
2026-07-18,14:00,J-A,J,Adhwara,A,Sonbarsa,78.6,81.85,83.75,0
2026-07-18,14:00,J-B,J,Adhwara,B,Sundarpur,58.45,61.7,64.1,108
2026-07-18,14:00,J-C,J,Adhwara,C,Pupri,51.25,55.79,56.95,50
2026-07-18,14:00,K-A,K,Khiroi,A,Kamtaul,46.85,50,53.05,0
2026-07-18,14:00,K-B,K,Khiroi,B,Ekmighat,44.46,46.94,49.52,50
2026-07-18,14:00,L-A,L,Mahananda,A,Taibpur,64,66,67.26,0
2026-07-18,14:00,L-B,L,Mahananda,B,Dhangaraghat,34.57,35.65,38.2,50
2026-07-18,14:00,M-A,M,Ghaghra,A,Darauli,59.35,60.82,61.82,0
2026-07-18,14:00,M-B,M,Ghaghra,B,Gangpur Siswan,53.96,57.04,58.26,50
2026-07-19,06:00,A-A,A,Gandak,A,Khada,95.25,96,97.5,0
2026-07-19,06:00,A-B,A,Gandak,B,Chatia,66.78,69.15,70.04,25
2026-07-19,06:00,A-C,A,Gandak,C,Dumaria Ghat,62.78,62.22,64.36,25
2026-07-19,06:00,A-D,A,Gandak,D,Rewa Ghat,53.58,54.41,55.46,25
2026-07-19,06:00,A-E,A,Gandak,E,Hajipur,46.87,50.32,50.93,25
2026-07-19,06:00,B-A,B,Kosi,A,Basua,46.81,47.75,49.24,0
2026-07-19,06:00,B-B,B,Kosi,B,Baltara,34.55,33.85,36.4,25
2026-07-19,06:00,B-C,B,Kosi,C,Kursela,27.78,30,32.1,25
2026-07-19,06:00,C-A,C,Bagmati,A,Dheng,70.75,71,73.47,0
2026-07-19,06:00,C-B,C,Bagmati,B,Sonakhan,68.75,68.8,72.05,25
2026-07-19,06:00,C-C,C,Bagmati,C,Dubadhar,60.48,61.28,63.75,50
2026-07-19,06:00,C-D,C,Bagmati,D,Kansar,57.35,59.06,60.86,25
2026-07-19,06:00,C-E,C,Bagmati,E,Kataunjha,54.35,55,58.36,25
2026-07-19,06:00,C-F,C,Bagmati,F,Benibad,49.36,48.68,50.12,28
2026-07-19,06:00,C-G,C,Bagmati,G,Hayaghat,43.5,45.72,48.96,25
2026-07-19,06:00,D-A,D,Burhi Gandak,A,Sikandarpur,49.8,52.53,54.29,0
2026-07-19,06:00,D-B,D,Burhi Gandak,B,Samastipur,42.7,45.73,49.38,33
2026-07-19,06:00,D-C,D,Burhi Gandak,C,Rosara,40.35,42.63,46.56,25
2026-07-19,06:00,D-D,D,Burhi Gandak,D,Khagaria,33.15,36.58,39.22,25
2026-07-19,06:00,E-A,E,Kamla Balan,A,Jainagar,67.3,68.5,71.35,0
2026-07-19,06:00,E-B,E,Kamla Balan,B,Jhanjharpur,49.78,50.5,53.11,100
2026-07-19,06:00,F-A,F,Bhuthi Balan,A,Ekma,68.59,69.5,72.1,0
2026-07-19,06:00,G-A,G,Lalbakeya,A,Gowabari,70.9,71.15,73.86,0
2026-07-19,06:00,H-A,H,Ganga,A,Allahabad,73.61,84.73,88.03,0
2026-07-19,06:00,H-B,H,Ganga,B,Varanasi,60.75,71.26,73.9,67
2026-07-19,06:00,H-C,H,Ganga,C,Buxar,51.02,60.32,62.09,50
2026-07-19,06:00,H-D,H,Ganga,D,Digha,46.32,50.45,52.52,50
2026-07-19,06:00,H-E,H,Ganga,E,Gandhi Ghat,46.05,48.6,50.52,25
2026-07-19,06:00,H-F,H,Ganga,F,Hathidah,38.21,41.76,43.52,50
2026-07-19,06:00,H-G,H,Ganga,G,Munger,34.52,39.33,40.99,25
2026-07-19,06:00,H-H,H,Ganga,H,Bhagalpur,29.25,33.68,34.86,25
2026-07-19,06:00,H-I,H,Ganga,I,Kahalgaon,28.35,31.09,32.87,25
2026-07-19,06:00,H-J,H,Ganga,J,Farakka,18.91,22.25,25.14,25
2026-07-19,06:00,I-A,I,Punpun,A,Sripalpur,45.19,50.6,53.91,0
2026-07-19,06:00,J-A,J,Adhwara,A,Sonbarsa,79.2,81.85,83.75,0
2026-07-19,06:00,J-B,J,Adhwara,B,Sundarpur,58.34,61.7,64.1,108
2026-07-19,06:00,J-C,J,Adhwara,C,Pupri,51.2,55.79,56.95,50
2026-07-19,06:00,K-A,K,Khiroi,A,Kamtaul,47.62,50,53.05,0
2026-07-19,06:00,K-B,K,Khiroi,B,Ekmighat,44.46,46.94,49.52,50
2026-07-19,06:00,L-A,L,Mahananda,A,Taibpur,64.01,66,67.26,0
2026-07-19,06:00,L-B,L,Mahananda,B,Dhangaraghat,34.54,35.65,38.2,50
2026-07-19,06:00,M-A,M,Ghaghra,A,Darauli,59.51,60.82,61.82,0
2026-07-19,06:00,M-B,M,Ghaghra,B,Gangpur Siswan,54.13,57.04,58.26,50
2026-07-19,14:00,A-A,A,Gandak,A,Khada,95.2,96,97.5,0
2026-07-19,14:00,A-B,A,Gandak,B,Chatia,66.82,69.15,70.04,25
2026-07-19,14:00,A-C,A,Gandak,C,Dumaria Ghat,62.68,62.22,64.36,25
2026-07-19,14:00,A-D,A,Gandak,D,Rewa Ghat,53.55,54.41,55.46,25
2026-07-19,14:00,A-E,A,Gandak,E,Hajipur,46.84,50.32,50.93,25
2026-07-19,14:00,B-A,B,Kosi,A,Basua,46.85,47.75,49.24,0
2026-07-19,14:00,B-B,B,Kosi,B,Baltara,34.48,33.85,36.4,25
2026-07-19,14:00,B-C,B,Kosi,C,Kursela,27.78,30,32.1,25
2026-07-19,14:00,C-A,C,Bagmati,A,Dheng,70.5,71,73.47,0
2026-07-19,14:00,C-B,C,Bagmati,B,Sonakhan,68.5,68.8,72.05,25
2026-07-19,14:00,C-C,C,Bagmati,C,Dubadhar,60.66,61.28,63.75,50
2026-07-19,14:00,C-D,C,Bagmati,D,Kansar,58.4,59.06,60.86,25
2026-07-19,14:00,C-E,C,Bagmati,E,Kataunjha,55.32,55,58.36,25
2026-07-19,14:00,C-F,C,Bagmati,F,Benibad,49.22,48.68,50.12,28
2026-07-19,14:00,C-G,C,Bagmati,G,Hayaghat,43.48,45.72,48.96,25
2026-07-19,14:00,D-A,D,Burhi Gandak,A,Sikandarpur,49.88,52.53,54.29,0
2026-07-19,14:00,D-B,D,Burhi Gandak,B,Samastipur,42.8,45.73,49.38,33
2026-07-19,14:00,D-C,D,Burhi Gandak,C,Rosara,40.51,42.63,46.56,25
2026-07-19,14:00,D-D,D,Burhi Gandak,D,Khagaria,33.27,36.58,39.22,25
2026-07-19,14:00,E-A,E,Kamla Balan,A,Jainagar,67.35,68.5,71.35,0
2026-07-19,14:00,E-B,E,Kamla Balan,B,Jhanjharpur,49.7,50.5,53.11,100
2026-07-19,14:00,F-A,F,Bhuthi Balan,A,Ekma,68.59,69.5,72.1,0
2026-07-19,14:00,G-A,G,Lalbakeya,A,Gowabari,70.85,71.15,73.86,0
2026-07-19,14:00,H-A,H,Ganga,A,Allahabad,73.61,84.73,88.03,0
2026-07-19,14:00,H-B,H,Ganga,B,Varanasi,60.79,71.26,73.9,67
2026-07-19,14:00,H-C,H,Ganga,C,Buxar,51.05,60.32,62.09,50
2026-07-19,14:00,H-D,H,Ganga,D,Digha,46.41,50.45,52.52,50
2026-07-19,14:00,H-E,H,Ganga,E,Gandhi Ghat,46.06,48.6,50.52,25
2026-07-19,14:00,H-F,H,Ganga,F,Hathidah,38.34,41.76,43.52,50
2026-07-19,14:00,H-G,H,Ganga,G,Munger,34.6,39.33,40.99,25
2026-07-19,14:00,H-H,H,Ganga,H,Bhagalpur,29.33,33.68,34.86,25
2026-07-19,14:00,H-I,H,Ganga,I,Kahalgaon,28.39,31.09,32.87,25
2026-07-19,14:00,H-J,H,Ganga,J,Farakka,19.05,22.25,25.14,25
2026-07-19,14:00,I-A,I,Punpun,A,Sripalpur,45.19,50.6,53.91,0
2026-07-19,14:00,J-A,J,Adhwara,A,Sonbarsa,78.87,81.85,83.75,0
2026-07-19,14:00,J-B,J,Adhwara,B,Sundarpur,58.34,61.7,64.1,108
2026-07-19,14:00,J-C,J,Adhwara,C,Pupri,51.18,55.79,56.95,50
2026-07-19,14:00,K-A,K,Khiroi,A,Kamtaul,47.78,50,53.05,0
2026-07-19,14:00,K-B,K,Khiroi,B,Ekmighat,44.36,46.94,49.52,50
2026-07-19,14:00,L-A,L,Mahananda,A,Taibpur,64.65,66,67.26,0
2026-07-19,14:00,L-B,L,Mahananda,B,Dhangaraghat,34.54,35.65,38.2,50
2026-07-19,14:00,M-A,M,Ghaghra,A,Darauli,59.45,60.82,61.82,0
2026-07-19,14:00,M-B,M,Ghaghra,B,Gangpur Siswan,54,57.04,58.26,50
2026-07-20,06:00,A-A,A,Gandak,A,Khada,95.16,96,97.5,0
2026-07-20,06:00,A-B,A,Gandak,B,Chatia,66.95,69.15,70.04,25
2026-07-20,06:00,A-C,A,Gandak,C,Dumaria Ghat,62.74,62.22,64.36,25
2026-07-20,06:00,A-D,A,Gandak,D,Rewa Ghat,53.53,54.41,55.46,25
2026-07-20,06:00,A-E,A,Gandak,E,Hajipur,46.95,50.32,50.93,25
2026-07-20,06:00,B-A,B,Kosi,A,Basua,46.95,47.75,49.24,0
2026-07-20,06:00,B-B,B,Kosi,B,Baltara,34.58,33.85,36.4,25
2026-07-20,06:00,B-C,B,Kosi,C,Kursela,27.84,30,32.1,25
2026-07-20,06:00,C-A,C,Bagmati,A,Dheng,70.55,71,73.47,0
2026-07-20,06:00,C-B,C,Bagmati,B,Sonakhan,68.55,68.8,72.05,25
2026-07-20,06:00,C-C,C,Bagmati,C,Dubadhar,60.43,61.28,63.75,50
2026-07-20,06:00,C-D,C,Bagmati,D,Kansar,58.15,59.06,60.86,25
2026-07-20,06:00,C-E,C,Bagmati,E,Kataunjha,55.25,55,58.36,25
2026-07-20,06:00,C-F,C,Bagmati,F,Benibad,49.73,48.68,50.12,28
2026-07-20,06:00,C-G,C,Bagmati,G,Hayaghat,43.7,45.72,48.96,25
2026-07-20,06:00,D-A,D,Burhi Gandak,A,Sikandarpur,50,52.53,54.29,0
2026-07-20,06:00,D-B,D,Burhi Gandak,B,Samastipur,43,45.73,49.38,33
2026-07-20,06:00,D-C,D,Burhi Gandak,C,Rosara,40.67,42.63,46.56,25
2026-07-20,06:00,D-D,D,Burhi Gandak,D,Khagaria,33.6,36.58,39.22,25
2026-07-20,06:00,E-A,E,Kamla Balan,A,Jainagar,67.3,68.5,71.35,0
2026-07-20,06:00,E-B,E,Kamla Balan,B,Jhanjharpur,49.64,50.5,53.11,100
2026-07-20,06:00,F-A,F,Bhuthi Balan,A,Ekma,68.59,69.5,72.1,0
2026-07-20,06:00,G-A,G,Lalbakeya,A,Gowabari,70.6,71.15,73.86,0
2026-07-20,06:00,H-A,H,Ganga,A,Allahabad,73.43,84.73,88.03,0
2026-07-20,06:00,H-B,H,Ganga,B,Varanasi,60.88,71.26,73.9,67
2026-07-20,06:00,H-C,H,Ganga,C,Buxar,51.27,60.32,62.09,50
2026-07-20,06:00,H-D,H,Ganga,D,Digha,46.49,50.45,52.52,50
2026-07-20,06:00,H-E,H,Ganga,E,Gandhi Ghat,46.11,48.6,50.52,25
2026-07-20,06:00,H-F,H,Ganga,F,Hathidah,38.44,41.76,43.52,50
2026-07-20,06:00,H-G,H,Ganga,G,Munger,34.74,39.33,40.99,25
2026-07-20,06:00,H-H,H,Ganga,H,Bhagalpur,29.49,33.68,34.86,25
2026-07-20,06:00,H-I,H,Ganga,I,Kahalgaon,28.45,31.09,32.87,25
2026-07-20,06:00,H-J,H,Ganga,J,Farakka,19.2,22.25,25.14,25
2026-07-20,06:00,I-A,I,Punpun,A,Sripalpur,45.19,50.6,53.91,0
2026-07-20,06:00,J-A,J,Adhwara,A,Sonbarsa,78.71,81.85,83.75,0
2026-07-20,06:00,J-B,J,Adhwara,B,Sundarpur,58.34,61.7,64.1,108
2026-07-20,06:00,J-C,J,Adhwara,C,Pupri,51.1,55.79,56.95,50
2026-07-20,06:00,K-A,K,Khiroi,A,Kamtaul,48.05,50,53.05,0
2026-07-20,06:00,K-B,K,Khiroi,B,Ekmighat,44.27,46.94,49.52,50
2026-07-20,06:00,L-A,L,Mahananda,A,Taibpur,64.7,66,67.26,0
2026-07-20,06:00,L-B,L,Mahananda,B,Dhangaraghat,35.06,35.65,38.2,50
2026-07-20,06:00,M-A,M,Ghaghra,A,Darauli,59.12,60.82,61.82,0
2026-07-20,06:00,M-B,M,Ghaghra,B,Gangpur Siswan,53.82,57.04,58.26,50
2026-07-20,14:00,A-A,A,Gandak,A,Khada,95.14,96,97.5,0
2026-07-20,14:00,A-B,A,Gandak,B,Chatia,66.95,69.15,70.04,25
2026-07-20,14:00,A-C,A,Gandak,C,Dumaria Ghat,62.76,62.22,64.36,25
2026-07-20,14:00,A-D,A,Gandak,D,Rewa Ghat,53.61,54.41,55.46,25
2026-07-20,14:00,A-E,A,Gandak,E,Hajipur,46.97,50.32,50.93,25
2026-07-20,14:00,B-A,B,Kosi,A,Basua,47.03,47.75,49.24,0
2026-07-20,14:00,B-B,B,Kosi,B,Baltara,34.64,33.85,36.4,25
2026-07-20,14:00,B-C,B,Kosi,C,Kursela,27.92,30,32.1,25
2026-07-20,14:00,C-A,C,Bagmati,A,Dheng,70.6,71,73.47,0
2026-07-20,14:00,C-B,C,Bagmati,B,Sonakhan,68.6,68.8,72.05,25
2026-07-20,14:00,C-C,C,Bagmati,C,Dubadhar,60.48,61.28,63.75,50
2026-07-20,14:00,C-D,C,Bagmati,D,Kansar,58.05,59.06,60.86,25
2026-07-20,14:00,C-E,C,Bagmati,E,Kataunjha,55.2,55,58.36,25
2026-07-20,14:00,C-F,C,Bagmati,F,Benibad,49.76,48.68,50.12,28
2026-07-20,14:00,C-G,C,Bagmati,G,Hayaghat,44,45.72,48.96,25
2026-07-20,14:00,D-A,D,Burhi Gandak,A,Sikandarpur,50,52.53,54.29,0
2026-07-20,14:00,D-B,D,Burhi Gandak,B,Samastipur,43.08,45.73,49.38,33
2026-07-20,14:00,D-C,D,Burhi Gandak,C,Rosara,40.73,42.63,46.56,25
2026-07-20,14:00,D-D,D,Burhi Gandak,D,Khagaria,33.81,36.58,39.22,25
2026-07-20,14:00,E-A,E,Kamla Balan,A,Jainagar,67.3,68.5,71.35,0
2026-07-20,14:00,E-B,E,Kamla Balan,B,Jhanjharpur,49.64,50.5,53.11,100
2026-07-20,14:00,F-A,F,Bhuthi Balan,A,Ekma,68.59,69.5,72.1,0
2026-07-20,14:00,G-A,G,Lalbakeya,A,Gowabari,70.25,71.15,73.86,0
2026-07-20,14:00,H-A,H,Ganga,A,Allahabad,73.34,84.73,88.03,0
2026-07-20,14:00,H-B,H,Ganga,B,Varanasi,60.89,71.26,73.9,67
2026-07-20,14:00,H-C,H,Ganga,C,Buxar,51.35,60.32,62.09,50
2026-07-20,14:00,H-D,H,Ganga,D,Digha,46.52,50.45,52.52,50
2026-07-20,14:00,H-E,H,Ganga,E,Gandhi Ghat,46.14,48.6,50.52,25
2026-07-20,14:00,H-F,H,Ganga,F,Hathidah,38.51,41.76,43.52,50
2026-07-20,14:00,H-G,H,Ganga,G,Munger,34.78,39.33,40.99,25
2026-07-20,14:00,H-H,H,Ganga,H,Bhagalpur,29.65,33.68,34.86,25
2026-07-20,14:00,H-I,H,Ganga,I,Kahalgaon,28.51,31.09,32.87,25
2026-07-20,14:00,H-J,H,Ganga,J,Farakka,19.22,22.25,25.14,25
2026-07-20,14:00,I-A,I,Punpun,A,Sripalpur,45.2,50.6,53.91,0
2026-07-20,14:00,J-A,J,Adhwara,A,Sonbarsa,78.67,81.85,83.75,0
2026-07-20,14:00,J-B,J,Adhwara,B,Sundarpur,58.39,61.7,64.1,108
2026-07-20,14:00,J-C,J,Adhwara,C,Pupri,51.1,55.79,56.95,50
2026-07-20,14:00,K-A,K,Khiroi,A,Kamtaul,48.13,50,53.05,0
2026-07-20,14:00,K-B,K,Khiroi,B,Ekmighat,44.31,46.94,49.52,50
2026-07-20,14:00,L-A,L,Mahananda,A,Taibpur,64.61,66,67.26,0
2026-07-20,14:00,L-B,L,Mahananda,B,Dhangaraghat,35.54,35.65,38.2,50
2026-07-20,14:00,M-A,M,Ghaghra,A,Darauli,59.16,60.82,61.82,0
2026-07-20,14:00,M-B,M,Ghaghra,B,Gangpur Siswan,53.86,57.04,58.26,50
2026-07-21,06:00,A-A,A,Gandak,A,Khada,95.15,96,97.5,0
2026-07-21,06:00,A-B,A,Gandak,B,Chatia,66.88,69.15,70.04,25
2026-07-21,06:00,A-C,A,Gandak,C,Dumaria Ghat,62.64,62.22,64.36,25
2026-07-21,06:00,A-D,A,Gandak,D,Rewa Ghat,53.62,54.41,55.46,25
2026-07-21,06:00,A-E,A,Gandak,E,Hajipur,47.04,50.32,50.93,25
2026-07-21,06:00,B-A,B,Kosi,A,Basua,47.09,47.75,49.24,0
2026-07-21,06:00,B-B,B,Kosi,B,Baltara,34.76,33.85,36.4,25
2026-07-21,06:00,B-C,B,Kosi,C,Kursela,28.16,30,32.1,25
2026-07-21,06:00,C-A,C,Bagmati,A,Dheng,70.48,71,73.47,0
2026-07-21,06:00,C-B,C,Bagmati,B,Sonakhan,68.48,68.8,72.05,25
2026-07-21,06:00,C-C,C,Bagmati,C,Dubadhar,60.25,61.28,63.75,50
2026-07-21,06:00,C-D,C,Bagmati,D,Kansar,58,59.06,60.86,25
2026-07-21,06:00,C-E,C,Bagmati,E,Kataunjha,55.1,55,58.36,25
2026-07-21,06:00,C-F,C,Bagmati,F,Benibad,49.76,48.68,50.12,28
2026-07-21,06:00,C-G,C,Bagmati,G,Hayaghat,44.08,45.72,48.96,25
2026-07-21,06:00,D-A,D,Burhi Gandak,A,Sikandarpur,50.08,52.53,54.29,0
2026-07-21,06:00,D-B,D,Burhi Gandak,B,Samastipur,43.2,45.73,49.38,33
2026-07-21,06:00,D-C,D,Burhi Gandak,C,Rosara,40.81,42.63,46.56,25
2026-07-21,06:00,D-D,D,Burhi Gandak,D,Khagaria,34.02,36.58,39.22,25
2026-07-21,06:00,E-A,E,Kamla Balan,A,Jainagar,67.35,68.5,71.35,0
2026-07-21,06:00,E-B,E,Kamla Balan,B,Jhanjharpur,49.6,50.5,53.11,100
2026-07-21,06:00,F-A,F,Bhuthi Balan,A,Ekma,68.59,69.5,72.1,0
2026-07-21,06:00,G-A,G,Lalbakeya,A,Gowabari,69.85,71.15,73.86,0
2026-07-21,06:00,H-A,H,Ganga,A,Allahabad,73.36,84.73,88.03,0
2026-07-21,06:00,H-B,H,Ganga,B,Varanasi,60.96,71.26,73.9,67
2026-07-21,06:00,H-C,H,Ganga,C,Buxar,51.48,60.32,62.09,50
2026-07-21,06:00,H-D,H,Ganga,D,Digha,46.54,50.45,52.52,50
2026-07-21,06:00,H-E,H,Ganga,E,Gandhi Ghat,46.15,48.6,50.52,25
2026-07-21,06:00,H-F,H,Ganga,F,Hathidah,38.66,41.76,43.52,50
2026-07-21,06:00,H-G,H,Ganga,G,Munger,34.85,39.33,40.99,25
2026-07-21,06:00,H-H,H,Ganga,H,Bhagalpur,29.77,33.68,34.86,25
2026-07-21,06:00,H-I,H,Ganga,I,Kahalgaon,28.75,31.09,32.87,25
2026-07-21,06:00,H-J,H,Ganga,J,Farakka,19.63,22.25,25.14,25
2026-07-21,06:00,I-A,I,Punpun,A,Sripalpur,45.8,50.6,53.91,0
2026-07-21,06:00,J-A,J,Adhwara,A,Sonbarsa,78.6,81.85,83.75,0
2026-07-21,06:00,J-B,J,Adhwara,B,Sundarpur,58.55,61.7,64.1,108
2026-07-21,06:00,J-C,J,Adhwara,C,Pupri,51.2,55.79,56.95,50
2026-07-21,06:00,K-A,K,Khiroi,A,Kamtaul,48.13,50,53.05,0
2026-07-21,06:00,K-B,K,Khiroi,B,Ekmighat,44.34,46.94,49.52,50
2026-07-21,06:00,L-A,L,Mahananda,A,Taibpur,64.37,66,67.26,0
2026-07-21,06:00,L-B,L,Mahananda,B,Dhangaraghat,35.38,35.65,38.2,50
2026-07-21,06:00,M-A,M,Ghaghra,A,Darauli,59.09,60.82,61.82,0
2026-07-21,06:00,M-B,M,Ghaghra,B,Gangpur Siswan,53.72,57.04,58.26,50
2026-07-21,14:00,A-A,A,Gandak,A,Khada,95.18,96,97.5,0
2026-07-21,14:00,A-B,A,Gandak,B,Chatia,66.84,69.15,70.04,25
2026-07-21,14:00,A-C,A,Gandak,C,Dumaria Ghat,62.64,62.22,64.36,25
2026-07-21,14:00,A-D,A,Gandak,D,Rewa Ghat,53.54,54.41,55.46,25
2026-07-21,14:00,A-E,A,Gandak,E,Hajipur,46.98,50.32,50.93,25
2026-07-21,14:00,B-A,B,Kosi,A,Basua,47.12,47.75,49.24,0
2026-07-21,14:00,B-B,B,Kosi,B,Baltara,34.78,33.85,36.4,25
2026-07-21,14:00,B-C,B,Kosi,C,Kursela,28.16,30,32.1,25
2026-07-21,14:00,C-A,C,Bagmati,A,Dheng,70.11,71,73.47,0
2026-07-21,14:00,C-B,C,Bagmati,B,Sonakhan,68.11,68.8,72.05,25
2026-07-21,14:00,C-C,C,Bagmati,C,Dubadhar,60.13,61.28,63.75,50
2026-07-21,14:00,C-D,C,Bagmati,D,Kansar,57.7,59.06,60.86,25
2026-07-21,14:00,C-E,C,Bagmati,E,Kataunjha,54.78,55,58.36,25
2026-07-21,14:00,C-F,C,Bagmati,F,Benibad,49.72,48.68,50.12,28
2026-07-21,14:00,C-G,C,Bagmati,G,Hayaghat,44,45.72,48.96,25
2026-07-21,14:00,D-A,D,Burhi Gandak,A,Sikandarpur,50.1,52.53,54.29,0
2026-07-21,14:00,D-B,D,Burhi Gandak,B,Samastipur,43.24,45.73,49.38,33
2026-07-21,14:00,D-C,D,Burhi Gandak,C,Rosara,40.84,42.63,46.56,25
2026-07-21,14:00,D-D,D,Burhi Gandak,D,Khagaria,34.05,36.58,39.22,25
2026-07-21,14:00,E-A,E,Kamla Balan,A,Jainagar,67.4,68.5,71.35,0
2026-07-21,14:00,E-B,E,Kamla Balan,B,Jhanjharpur,49.6,50.5,53.11,100
2026-07-21,14:00,F-A,F,Bhuthi Balan,A,Ekma,68.59,69.5,72.1,0
2026-07-21,14:00,G-A,G,Lalbakeya,A,Gowabari,70.5,71.15,73.86,0
2026-07-21,14:00,H-A,H,Ganga,A,Allahabad,73.35,84.73,88.03,0
2026-07-21,14:00,H-B,H,Ganga,B,Varanasi,60.97,71.26,73.9,67
2026-07-21,14:00,H-C,H,Ganga,C,Buxar,51.53,60.32,62.09,50
2026-07-21,14:00,H-D,H,Ganga,D,Digha,46.54,50.45,52.52,50
2026-07-21,14:00,H-E,H,Ganga,E,Gandhi Ghat,46.15,48.6,50.52,25
2026-07-21,14:00,H-F,H,Ganga,F,Hathidah,38.67,41.76,43.52,50
2026-07-21,14:00,H-G,H,Ganga,G,Munger,34.89,39.33,40.99,25
2026-07-21,14:00,H-H,H,Ganga,H,Bhagalpur,29.85,33.68,34.86,25
2026-07-21,14:00,H-I,H,Ganga,I,Kahalgaon,28.79,31.09,32.87,25
2026-07-21,14:00,H-J,H,Ganga,J,Farakka,19.91,22.25,25.14,25
2026-07-21,14:00,I-A,I,Punpun,A,Sripalpur,46.44,50.6,53.91,0
2026-07-21,14:00,J-A,J,Adhwara,A,Sonbarsa,78.58,81.85,83.75,0
2026-07-21,14:00,J-B,J,Adhwara,B,Sundarpur,58.5,61.7,64.1,108
2026-07-21,14:00,J-C,J,Adhwara,C,Pupri,51.22,55.79,56.95,50
2026-07-21,14:00,K-A,K,Khiroi,A,Kamtaul,48.05,50,53.05,0
2026-07-21,14:00,K-B,K,Khiroi,B,Ekmighat,44.38,46.94,49.52,50
2026-07-21,14:00,L-A,L,Mahananda,A,Taibpur,64.58,66,67.26,0
2026-07-21,14:00,L-B,L,Mahananda,B,Dhangaraghat,35.55,35.65,38.2,50
2026-07-21,14:00,M-A,M,Ghaghra,A,Darauli,59.15,60.82,61.82,0
2026-07-21,14:00,M-B,M,Ghaghra,B,Gangpur Siswan,53.75,57.04,58.26,50
2026-07-22,06:00,A-A,A,Gandak,A,Khada,95.25,96,97.5,0
2026-07-22,06:00,A-B,A,Gandak,B,Chatia,66.76,69.15,70.04,25
2026-07-22,06:00,A-C,A,Gandak,C,Dumaria Ghat,62.65,62.22,64.36,25
2026-07-22,06:00,A-D,A,Gandak,D,Rewa Ghat,53.5,54.41,55.46,25
2026-07-22,06:00,A-E,A,Gandak,E,Hajipur,46.99,50.32,50.93,25
2026-07-22,06:00,B-A,B,Kosi,A,Basua,47.01,47.75,49.24,0
2026-07-22,06:00,B-B,B,Kosi,B,Baltara,34.86,33.85,36.4,25
2026-07-22,06:00,B-C,B,Kosi,C,Kursela,28.26,30,32.1,25
2026-07-22,06:00,C-A,C,Bagmati,A,Dheng,70.13,71,73.47,0
2026-07-22,06:00,C-B,C,Bagmati,B,Sonakhan,68.13,68.8,72.05,25
2026-07-22,06:00,C-C,C,Bagmati,C,Dubadhar,60.28,61.28,63.75,50
2026-07-22,06:00,C-D,C,Bagmati,D,Kansar,57.75,59.06,60.86,25
2026-07-22,06:00,C-E,C,Bagmati,E,Kataunjha,54.66,55,58.36,25
2026-07-22,06:00,C-F,C,Bagmati,F,Benibad,49.56,48.68,50.12,28
2026-07-22,06:00,C-G,C,Bagmati,G,Hayaghat,43.83,45.72,48.96,25
2026-07-22,06:00,D-A,D,Burhi Gandak,A,Sikandarpur,50.18,52.53,54.29,0
2026-07-22,06:00,D-B,D,Burhi Gandak,B,Samastipur,43.32,45.73,49.38,33
2026-07-22,06:00,D-C,D,Burhi Gandak,C,Rosara,40.89,42.63,46.56,25
2026-07-22,06:00,D-D,D,Burhi Gandak,D,Khagaria,34.22,36.58,39.22,25
2026-07-22,06:00,E-A,E,Kamla Balan,A,Jainagar,67.25,68.5,71.35,0
2026-07-22,06:00,E-B,E,Kamla Balan,B,Jhanjharpur,49.5,50.5,53.11,100
2026-07-22,06:00,F-A,F,Bhuthi Balan,A,Ekma,68.59,69.5,72.1,0
2026-07-22,06:00,G-A,G,Lalbakeya,A,Gowabari,70.3,71.15,73.86,0
2026-07-22,06:00,H-A,H,Ganga,A,Allahabad,73.36,84.73,88.03,0
2026-07-22,06:00,H-B,H,Ganga,B,Varanasi,60.94,71.26,73.9,67
2026-07-22,06:00,H-C,H,Ganga,C,Buxar,51.58,60.32,62.09,50
2026-07-22,06:00,H-D,H,Ganga,D,Digha,46.54,50.45,52.52,50
2026-07-22,06:00,H-E,H,Ganga,E,Gandhi Ghat,46.14,48.6,50.52,25
2026-07-22,06:00,H-F,H,Ganga,F,Hathidah,38.69,41.76,43.52,50
2026-07-22,06:00,H-G,H,Ganga,G,Munger,34.97,39.33,40.99,25
2026-07-22,06:00,H-H,H,Ganga,H,Bhagalpur,30.01,33.68,34.86,25
2026-07-22,06:00,H-I,H,Ganga,I,Kahalgaon,28.87,31.09,32.87,25
2026-07-22,06:00,H-J,H,Ganga,J,Farakka,20,22.25,25.14,25
2026-07-22,06:00,I-A,I,Punpun,A,Sripalpur,47.72,50.6,53.91,0
2026-07-22,06:00,J-A,J,Adhwara,A,Sonbarsa,78.55,81.85,83.75,0
2026-07-22,06:00,J-B,J,Adhwara,B,Sundarpur,58.45,61.7,64.1,108
2026-07-22,06:00,J-C,J,Adhwara,C,Pupri,51.2,55.79,56.95,50
2026-07-22,06:00,K-A,K,Khiroi,A,Kamtaul,47.89,50,53.05,0
2026-07-22,06:00,K-B,K,Khiroi,B,Ekmighat,44.38,46.94,49.52,50
2026-07-22,06:00,L-A,L,Mahananda,A,Taibpur,64.52,66,67.26,0
2026-07-22,06:00,L-B,L,Mahananda,B,Dhangaraghat,35.41,35.65,38.2,50
2026-07-22,06:00,M-A,M,Ghaghra,A,Darauli,59.5,60.82,61.82,0
2026-07-22,06:00,M-B,M,Ghaghra,B,Gangpur Siswan,54.05,57.04,58.26,50
2026-07-22,14:00,A-A,A,Gandak,A,Khada,95.1,96,97.5,0
2026-07-22,14:00,A-B,A,Gandak,B,Chatia,66.76,69.15,70.04,25
2026-07-22,14:00,A-C,A,Gandak,C,Dumaria Ghat,62.64,62.22,64.36,25
2026-07-22,14:00,A-D,A,Gandak,D,Rewa Ghat,53.5,54.41,55.46,25
2026-07-22,14:00,A-E,A,Gandak,E,Hajipur,47.03,50.32,50.93,25
2026-07-22,14:00,B-A,B,Kosi,A,Basua,46.93,47.75,49.24,0
2026-07-22,14:00,B-B,B,Kosi,B,Baltara,34.84,33.85,36.4,25
2026-07-22,14:00,B-C,B,Kosi,C,Kursela,28.29,30,32.1,25
2026-07-22,14:00,C-A,C,Bagmati,A,Dheng,69.97,71,73.47,0
2026-07-22,14:00,C-B,C,Bagmati,B,Sonakhan,68,68.8,72.05,25
2026-07-22,14:00,C-C,C,Bagmati,C,Dubadhar,60.16,61.28,63.75,50
2026-07-22,14:00,C-D,C,Bagmati,D,Kansar,57.7,59.06,60.86,25
2026-07-22,14:00,C-E,C,Bagmati,E,Kataunjha,54.58,55,58.36,25
2026-07-22,14:00,C-F,C,Bagmati,F,Benibad,49.52,48.68,50.12,28
2026-07-22,14:00,C-G,C,Bagmati,G,Hayaghat,43.76,45.72,48.96,25
2026-07-22,14:00,D-A,D,Burhi Gandak,A,Sikandarpur,50.22,52.53,54.29,0
2026-07-22,14:00,D-B,D,Burhi Gandak,B,Samastipur,43.36,45.73,49.38,33
2026-07-22,14:00,D-C,D,Burhi Gandak,C,Rosara,40.91,42.63,46.56,25
2026-07-22,14:00,D-D,D,Burhi Gandak,D,Khagaria,34.27,36.58,39.22,25
2026-07-22,14:00,E-A,E,Kamla Balan,A,Jainagar,67.2,68.5,71.35,0
2026-07-22,14:00,E-B,E,Kamla Balan,B,Jhanjharpur,49.5,50.5,53.11,100
2026-07-22,14:00,F-A,F,Bhuthi Balan,A,Ekma,68.59,69.5,72.1,0
2026-07-22,14:00,G-A,G,Lalbakeya,A,Gowabari,70,71.15,73.86,0
2026-07-22,14:00,H-A,H,Ganga,A,Allahabad,73.36,84.73,88.03,0
2026-07-22,14:00,H-B,H,Ganga,B,Varanasi,60.92,71.26,73.9,67
2026-07-22,14:00,H-C,H,Ganga,C,Buxar,51.61,60.32,62.09,50
2026-07-22,14:00,H-D,H,Ganga,D,Digha,46.55,50.45,52.52,50
2026-07-22,14:00,H-E,H,Ganga,E,Gandhi Ghat,46.21,48.6,50.52,25
2026-07-22,14:00,H-F,H,Ganga,F,Hathidah,38.69,41.76,43.52,50
2026-07-22,14:00,H-G,H,Ganga,G,Munger,35.01,39.33,40.99,25
2026-07-22,14:00,H-H,H,Ganga,H,Bhagalpur,30.05,33.68,34.86,25
2026-07-22,14:00,H-I,H,Ganga,I,Kahalgaon,28.89,31.09,32.87,25
2026-07-22,14:00,H-J,H,Ganga,J,Farakka,20,22.25,25.14,25
2026-07-22,14:00,I-A,I,Punpun,A,Sripalpur,47.72,50.6,53.91,0
2026-07-22,14:00,J-A,J,Adhwara,A,Sonbarsa,78.5,81.85,83.75,0
2026-07-22,14:00,J-B,J,Adhwara,B,Sundarpur,58.45,61.7,64.1,108
2026-07-22,14:00,J-C,J,Adhwara,C,Pupri,51.15,55.79,56.95,50
2026-07-22,14:00,K-A,K,Khiroi,A,Kamtaul,47.83,50,53.05,0
2026-07-22,14:00,K-B,K,Khiroi,B,Ekmighat,44.38,46.94,49.52,50
2026-07-22,14:00,L-A,L,Mahananda,A,Taibpur,64.28,66,67.26,0
2026-07-22,14:00,L-B,L,Mahananda,B,Dhangaraghat,35.45,35.65,38.2,50
2026-07-22,14:00,M-A,M,Ghaghra,A,Darauli,59.78,60.82,61.82,0
2026-07-22,14:00,M-B,M,Ghaghra,B,Gangpur Siswan,54.33,57.04,58.26,50
2026-07-23,06:00,A-A,A,Gandak,A,Khada,95.09,96,97.5,0
2026-07-23,06:00,A-B,A,Gandak,B,Chatia,66.75,69.15,70.04,25
2026-07-23,06:00,A-C,A,Gandak,C,Dumaria Ghat,62.63,62.22,64.36,25
2026-07-23,06:00,A-D,A,Gandak,D,Rewa Ghat,53.51,54.41,55.46,25
2026-07-23,06:00,A-E,A,Gandak,E,Hajipur,47.04,50.32,50.93,25
2026-07-23,06:00,B-A,B,Kosi,A,Basua,46.75,47.75,49.24,0
2026-07-23,06:00,B-B,B,Kosi,B,Baltara,34.72,33.85,36.4,25
2026-07-23,06:00,B-C,B,Kosi,C,Kursela,28.37,30,32.1,25
2026-07-23,06:00,C-A,C,Bagmati,A,Dheng,69.92,71,73.47,0
2026-07-23,06:00,C-B,C,Bagmati,B,Sonakhan,67.94,68.8,72.05,25
2026-07-23,06:00,C-C,C,Bagmati,C,Dubadhar,60.03,61.28,63.75,50
2026-07-23,06:00,C-D,C,Bagmati,D,Kansar,57.58,59.06,60.86,25
2026-07-23,06:00,C-E,C,Bagmati,E,Kataunjha,54.45,55,58.36,25
2026-07-23,06:00,C-F,C,Bagmati,F,Benibad,49.52,48.68,50.12,28
2026-07-23,06:00,C-G,C,Bagmati,G,Hayaghat,43.64,45.72,48.96,25
2026-07-23,06:00,D-A,D,Burhi Gandak,A,Sikandarpur,50.22,52.53,54.29,0
2026-07-23,06:00,D-B,D,Burhi Gandak,B,Samastipur,43.44,45.73,49.38,33
2026-07-23,06:00,D-C,D,Burhi Gandak,C,Rosara,40.97,42.63,46.56,25
2026-07-23,06:00,D-D,D,Burhi Gandak,D,Khagaria,34.34,36.58,39.22,25
2026-07-23,06:00,E-A,E,Kamla Balan,A,Jainagar,67.2,68.5,71.35,0
2026-07-23,06:00,E-B,E,Kamla Balan,B,Jhanjharpur,49.5,50.5,53.11,100
2026-07-23,06:00,F-A,F,Bhuthi Balan,A,Ekma,68.59,69.5,72.1,0
2026-07-23,06:00,G-A,G,Lalbakeya,A,Gowabari,69.6,71.15,73.86,0
2026-07-23,06:00,H-A,H,Ganga,A,Allahabad,73.38,84.73,88.03,0
2026-07-23,06:00,H-B,H,Ganga,B,Varanasi,60.95,71.26,73.9,67
2026-07-23,06:00,H-C,H,Ganga,C,Buxar,51.72,60.32,62.09,50
2026-07-23,06:00,H-D,H,Ganga,D,Digha,46.71,50.45,52.52,50
2026-07-23,06:00,H-E,H,Ganga,E,Gandhi Ghat,46.37,48.6,50.52,25
2026-07-23,06:00,H-F,H,Ganga,F,Hathidah,38.75,41.76,43.52,50
2026-07-23,06:00,H-G,H,Ganga,G,Munger,35.09,39.33,40.99,25
2026-07-23,06:00,H-H,H,Ganga,H,Bhagalpur,30.09,33.68,34.86,25
2026-07-23,06:00,H-I,H,Ganga,I,Kahalgaon,28.95,31.09,32.87,25
2026-07-23,06:00,H-J,H,Ganga,J,Farakka,20,22.25,25.14,25
2026-07-23,06:00,I-A,I,Punpun,A,Sripalpur,47.75,50.6,53.91,0
2026-07-23,06:00,J-A,J,Adhwara,A,Sonbarsa,78.5,81.85,83.75,0
2026-07-23,06:00,J-B,J,Adhwara,B,Sundarpur,58.4,61.7,64.1,108
2026-07-23,06:00,J-C,J,Adhwara,C,Pupri,51.1,55.79,56.95,50
2026-07-23,06:00,K-A,K,Khiroi,A,Kamtaul,47.77,50,53.05,0
2026-07-23,06:00,K-B,K,Khiroi,B,Ekmighat,44.38,46.94,49.52,50
2026-07-23,06:00,L-A,L,Mahananda,A,Taibpur,64.32,66,67.26,0
2026-07-23,06:00,L-B,L,Mahananda,B,Dhangaraghat,35.43,35.65,38.2,50
2026-07-23,06:00,M-A,M,Ghaghra,A,Darauli,59.99,60.82,61.82,0
2026-07-23,06:00,M-B,M,Ghaghra,B,Gangpur Siswan,54.64,57.04,58.26,50
2026-07-23,14:00,A-A,A,Gandak,A,Khada,94.95,96,97.5,0
2026-07-23,14:00,A-B,A,Gandak,B,Chatia,66.74,69.15,70.04,25
2026-07-23,14:00,A-C,A,Gandak,C,Dumaria Ghat,62.54,62.22,64.36,25
2026-07-23,14:00,A-D,A,Gandak,D,Rewa Ghat,53.52,54.41,55.46,25
2026-07-23,14:00,A-E,A,Gandak,E,Hajipur,47.08,50.32,50.93,25
2026-07-23,14:00,B-A,B,Kosi,A,Basua,46.74,47.75,49.24,0
2026-07-23,14:00,B-B,B,Kosi,B,Baltara,34.7,33.85,36.4,25
2026-07-23,14:00,B-C,B,Kosi,C,Kursela,28.29,30,32.1,25
2026-07-23,14:00,C-A,C,Bagmati,A,Dheng,69.92,71,73.47,0
2026-07-23,14:00,C-B,C,Bagmati,B,Sonakhan,67.94,68.8,72.05,25
2026-07-23,14:00,C-C,C,Bagmati,C,Dubadhar,60,61.28,63.75,50
2026-07-23,14:00,C-D,C,Bagmati,D,Kansar,57.4,59.06,60.86,25
2026-07-23,14:00,C-E,C,Bagmati,E,Kataunjha,54.35,55,58.36,25
2026-07-23,14:00,C-F,C,Bagmati,F,Benibad,49.37,48.68,50.12,28
2026-07-23,14:00,C-G,C,Bagmati,G,Hayaghat,43.62,45.72,48.96,25
2026-07-23,14:00,D-A,D,Burhi Gandak,A,Sikandarpur,50.22,52.53,54.29,0
2026-07-23,14:00,D-B,D,Burhi Gandak,B,Samastipur,43.48,45.73,49.38,33
2026-07-23,14:00,D-C,D,Burhi Gandak,C,Rosara,40.99,42.63,46.56,25
2026-07-23,14:00,D-D,D,Burhi Gandak,D,Khagaria,34.37,36.58,39.22,25
2026-07-23,14:00,E-A,E,Kamla Balan,A,Jainagar,67.1,68.5,71.35,0
2026-07-23,14:00,E-B,E,Kamla Balan,B,Jhanjharpur,49.5,50.5,53.11,100
2026-07-23,14:00,F-A,F,Bhuthi Balan,A,Ekma,68.59,69.5,72.1,0
2026-07-23,14:00,G-A,G,Lalbakeya,A,Gowabari,69.8,71.15,73.86,0
2026-07-23,14:00,H-A,H,Ganga,A,Allahabad,73.39,84.73,88.03,0
2026-07-23,14:00,H-B,H,Ganga,B,Varanasi,61.02,71.26,73.9,67
2026-07-23,14:00,H-C,H,Ganga,C,Buxar,51.76,60.32,62.09,50
2026-07-23,14:00,H-D,H,Ganga,D,Digha,46.87,50.45,52.52,50
2026-07-23,14:00,H-E,H,Ganga,E,Gandhi Ghat,46.4,48.6,50.52,25
2026-07-23,14:00,H-F,H,Ganga,F,Hathidah,38.83,41.76,43.52,50
2026-07-23,14:00,H-G,H,Ganga,G,Munger,35.13,39.33,40.99,25
2026-07-23,14:00,H-H,H,Ganga,H,Bhagalpur,30.9,33.68,34.86,25
2026-07-23,14:00,H-I,H,Ganga,I,Kahalgaon,28.95,31.09,32.87,25
2026-07-23,14:00,H-J,H,Ganga,J,Farakka,20.06,22.25,25.14,25
2026-07-23,14:00,I-A,I,Punpun,A,Sripalpur,47.72,50.6,53.91,0
2026-07-23,14:00,J-A,J,Adhwara,A,Sonbarsa,78.5,81.85,83.75,0
2026-07-23,14:00,J-B,J,Adhwara,B,Sundarpur,58.4,61.7,64.1,108
2026-07-23,14:00,J-C,J,Adhwara,C,Pupri,51.1,55.79,56.95,50
2026-07-23,14:00,K-A,K,Khiroi,A,Kamtaul,47.75,50,53.05,0
2026-07-23,14:00,K-B,K,Khiroi,B,Ekmighat,44.3,46.94,49.52,50
2026-07-23,14:00,L-A,L,Mahananda,A,Taibpur,64.56,66,67.26,0
2026-07-23,14:00,L-B,L,Mahananda,B,Dhangaraghat,35.41,35.65,38.2,50
2026-07-23,14:00,M-A,M,Ghaghra,A,Darauli,60.05,60.82,61.82,0
2026-07-23,14:00,M-B,M,Ghaghra,B,Gangpur Siswan,54.71,57.04,58.26,50
2026-07-24,06:00,A-A,A,Gandak,A,Khada,94.96,96,97.5,0
2026-07-24,06:00,A-B,A,Gandak,B,Chatia,66.72,69.15,70.04,25
2026-07-24,06:00,A-C,A,Gandak,C,Dumaria Ghat,62.5,62.22,64.36,25
2026-07-24,06:00,A-D,A,Gandak,D,Rewa Ghat,53.44,54.41,55.46,25
2026-07-24,06:00,A-E,A,Gandak,E,Hajipur,47.1,50.32,50.93,25
2026-07-24,06:00,B-A,B,Kosi,A,Basua,46.7,47.75,49.24,0
2026-07-24,06:00,B-B,B,Kosi,B,Baltara,34.62,33.85,36.4,25
2026-07-24,06:00,B-C,B,Kosi,C,Kursela,28.25,30,32.1,25
2026-07-24,06:00,C-A,C,Bagmati,A,Dheng,69.85,71,73.47,0
2026-07-24,06:00,C-B,C,Bagmati,B,Sonakhan,67.88,68.8,72.05,25
2026-07-24,06:00,C-C,C,Bagmati,C,Dubadhar,59.9,61.28,63.75,50
2026-07-24,06:00,C-D,C,Bagmati,D,Kansar,57.25,59.06,60.86,25
2026-07-24,06:00,C-E,C,Bagmati,E,Kataunjha,54.25,55,58.36,25
2026-07-24,06:00,C-F,C,Bagmati,F,Benibad,49.17,48.68,50.12,28
2026-07-24,06:00,C-G,C,Bagmati,G,Hayaghat,43.38,45.72,48.96,25
2026-07-24,06:00,D-A,D,Burhi Gandak,A,Sikandarpur,50.22,52.53,54.29,0
2026-07-24,06:00,D-B,D,Burhi Gandak,B,Samastipur,43.54,45.73,49.38,33
2026-07-24,06:00,D-C,D,Burhi Gandak,C,Rosara,41.09,42.63,46.56,25
2026-07-24,06:00,D-D,D,Burhi Gandak,D,Khagaria,34.45,36.58,39.22,25
2026-07-24,06:00,E-A,E,Kamla Balan,A,Jainagar,67.1,68.5,71.35,0
2026-07-24,06:00,E-B,E,Kamla Balan,B,Jhanjharpur,49.48,50.5,53.11,100
2026-07-24,06:00,F-A,F,Bhuthi Balan,A,Ekma,68.59,69.5,72.1,0
2026-07-24,06:00,G-A,G,Lalbakeya,A,Gowabari,69.4,71.15,73.86,0
2026-07-24,06:00,H-A,H,Ganga,A,Allahabad,73.48,84.73,88.03,0
2026-07-24,06:00,H-B,H,Ganga,B,Varanasi,61.05,71.26,73.9,67
2026-07-24,06:00,H-C,H,Ganga,C,Buxar,51.8,60.32,62.09,50
2026-07-24,06:00,H-D,H,Ganga,D,Digha,46.96,50.45,52.52,50
2026-07-24,06:00,H-E,H,Ganga,E,Gandhi Ghat,46.53,48.6,50.52,25
2026-07-24,06:00,H-F,H,Ganga,F,Hathidah,38.99,41.76,43.52,50
2026-07-24,06:00,H-G,H,Ganga,G,Munger,35.19,39.33,40.99,25
2026-07-24,06:00,H-H,H,Ganga,H,Bhagalpur,30.11,33.68,34.86,25
2026-07-24,06:00,H-I,H,Ganga,I,Kahalgaon,29,31.09,32.87,25
2026-07-24,06:00,H-J,H,Ganga,J,Farakka,20.08,22.25,25.14,25
2026-07-24,06:00,I-A,I,Punpun,A,Sripalpur,47.69,50.6,53.91,0
2026-07-24,06:00,J-A,J,Adhwara,A,Sonbarsa,78.49,81.85,83.75,0
2026-07-24,06:00,J-B,J,Adhwara,B,Sundarpur,58.4,61.7,64.1,108
2026-07-24,06:00,J-C,J,Adhwara,C,Pupri,51.1,55.79,56.95,50
2026-07-24,06:00,K-A,K,Khiroi,A,Kamtaul,47.71,50,53.05,0
2026-07-24,06:00,K-B,K,Khiroi,B,Ekmighat,44.1,46.94,49.52,50
2026-07-24,06:00,L-A,L,Mahananda,A,Taibpur,64.48,66,67.26,0
2026-07-24,06:00,L-B,L,Mahananda,B,Dhangaraghat,35.29,35.65,38.2,50
2026-07-24,06:00,M-A,M,Ghaghra,A,Darauli,60.13,60.82,61.82,0
2026-07-24,06:00,M-B,M,Ghaghra,B,Gangpur Siswan,54.8,57.04,58.26,50
2026-07-24,14:00,A-A,A,Gandak,A,Khada,94.94,96,97.5,0
2026-07-24,14:00,A-B,A,Gandak,B,Chatia,66.68,69.15,70.04,25
2026-07-24,14:00,A-C,A,Gandak,C,Dumaria Ghat,62.44,62.22,64.36,25
2026-07-24,14:00,A-D,A,Gandak,D,Rewa Ghat,53.37,54.41,55.46,25
2026-07-24,14:00,A-E,A,Gandak,E,Hajipur,47.14,50.32,50.93,25
2026-07-24,14:00,B-A,B,Kosi,A,Basua,46.74,47.75,49.24,0
2026-07-24,14:00,B-B,B,Kosi,B,Baltara,34.57,33.85,36.4,25
2026-07-24,14:00,B-C,B,Kosi,C,Kursela,28.34,30,32.1,25
2026-07-24,14:00,C-A,C,Bagmati,A,Dheng,69.7,71,73.47,0
2026-07-24,14:00,C-B,C,Bagmati,B,Sonakhan,67.78,68.8,72.05,25
2026-07-24,14:00,C-C,C,Bagmati,C,Dubadhar,59.86,61.28,63.75,50
2026-07-24,14:00,C-D,C,Bagmati,D,Kansar,57.2,59.06,60.86,25
2026-07-24,14:00,C-E,C,Bagmati,E,Kataunjha,54.12,55,58.36,25
2026-07-24,14:00,C-F,C,Bagmati,F,Benibad,49.01,48.68,50.12,28
2026-07-24,14:00,C-G,C,Bagmati,G,Hayaghat,43.26,45.72,48.96,25
2026-07-24,14:00,D-A,D,Burhi Gandak,A,Sikandarpur,50.06,52.53,54.29,0
2026-07-24,14:00,D-B,D,Burhi Gandak,B,Samastipur,43.58,45.73,49.38,33
2026-07-24,14:00,D-C,D,Burhi Gandak,C,Rosara,41.17,42.63,46.56,25
2026-07-24,14:00,D-D,D,Burhi Gandak,D,Khagaria,34.47,36.58,39.22,25
2026-07-24,14:00,E-A,E,Kamla Balan,A,Jainagar,67.05,68.5,71.35,0
2026-07-24,14:00,E-B,E,Kamla Balan,B,Jhanjharpur,49.45,50.5,53.11,100
2026-07-24,14:00,F-A,F,Bhuthi Balan,A,Ekma,68.59,69.5,72.1,0
2026-07-24,14:00,G-A,G,Lalbakeya,A,Gowabari,69.35,71.15,73.86,0
2026-07-24,14:00,H-A,H,Ganga,A,Allahabad,73.5,84.73,88.03,0
2026-07-24,14:00,H-B,H,Ganga,B,Varanasi,61.07,71.26,73.9,67
2026-07-24,14:00,H-C,H,Ganga,C,Buxar,51.85,60.32,62.09,50
2026-07-24,14:00,H-D,H,Ganga,D,Digha,47,50.45,52.52,50
2026-07-24,14:00,H-E,H,Ganga,E,Gandhi Ghat,46.55,48.6,50.52,25
2026-07-24,14:00,H-F,H,Ganga,F,Hathidah,39.07,41.76,43.52,50
2026-07-24,14:00,H-G,H,Ganga,G,Munger,35.19,39.33,40.99,25
2026-07-24,14:00,H-H,H,Ganga,H,Bhagalpur,30.15,33.68,34.86,25
2026-07-24,14:00,H-I,H,Ganga,I,Kahalgaon,29.02,31.09,32.87,25
2026-07-24,14:00,H-J,H,Ganga,J,Farakka,20.11,22.25,25.14,25
2026-07-24,14:00,I-A,I,Punpun,A,Sripalpur,47.67,50.6,53.91,0
2026-07-24,14:00,J-A,J,Adhwara,A,Sonbarsa,78.47,81.85,83.75,0
2026-07-24,14:00,J-B,J,Adhwara,B,Sundarpur,58.4,61.7,64.1,108
2026-07-24,14:00,J-C,J,Adhwara,C,Pupri,51.1,55.79,56.95,50
2026-07-24,14:00,K-A,K,Khiroi,A,Kamtaul,47.7,50,53.05,0
2026-07-24,14:00,K-B,K,Khiroi,B,Ekmighat,43.91,46.94,49.52,50
2026-07-24,14:00,L-A,L,Mahananda,A,Taibpur,64.22,66,67.26,0
2026-07-24,14:00,L-B,L,Mahananda,B,Dhangaraghat,35.29,35.65,38.2,50
2026-07-24,14:00,M-A,M,Ghaghra,A,Darauli,60.14,60.82,61.82,0
2026-07-24,14:00,M-B,M,Ghaghra,B,Gangpur Siswan,54.85,57.04,58.26,50
2026-07-25,06:00,A-A,A,Gandak,A,Khada,94.87,96,97.5,0
2026-07-25,06:00,A-B,A,Gandak,B,Chatia,66.6,69.15,70.04,25
2026-07-25,06:00,A-C,A,Gandak,C,Dumaria Ghat,62.36,62.22,64.36,25
2026-07-25,06:00,A-D,A,Gandak,D,Rewa Ghat,53.34,54.41,55.46,25
2026-07-25,06:00,A-E,A,Gandak,E,Hajipur,47.14,50.32,50.93,25
2026-07-25,06:00,B-A,B,Kosi,A,Basua,46.65,47.75,49.24,0
2026-07-25,06:00,B-B,B,Kosi,B,Baltara,34.6,33.85,36.4,25
2026-07-25,06:00,B-C,B,Kosi,C,Kursela,28.44,30,32.1,25
2026-07-25,06:00,C-A,C,Bagmati,A,Dheng,69.95,71,73.47,0
2026-07-25,06:00,C-B,C,Bagmati,B,Sonakhan,68.2,68.8,72.05,25
2026-07-25,06:00,C-C,C,Bagmati,C,Dubadhar,60.06,61.28,63.75,50
2026-07-25,06:00,C-D,C,Bagmati,D,Kansar,57.2,59.06,60.86,25
2026-07-25,06:00,C-E,C,Bagmati,E,Kataunjha,54.45,55,58.36,25
2026-07-25,06:00,C-F,C,Bagmati,F,Benibad,48.81,48.68,50.12,28
2026-07-25,06:00,C-G,C,Bagmati,G,Hayaghat,43.1,45.72,48.96,25
2026-07-25,06:00,D-A,D,Burhi Gandak,A,Sikandarpur,49.82,52.53,54.29,0
2026-07-25,06:00,D-B,D,Burhi Gandak,B,Samastipur,43.64,45.73,49.38,33
2026-07-25,06:00,D-C,D,Burhi Gandak,C,Rosara,41.27,42.63,46.56,25
2026-07-25,06:00,D-D,D,Burhi Gandak,D,Khagaria,34.59,36.58,39.22,25
2026-07-25,06:00,E-A,E,Kamla Balan,A,Jainagar,67,68.5,71.35,0
2026-07-25,06:00,E-B,E,Kamla Balan,B,Jhanjharpur,49.25,50.5,53.11,100
2026-07-25,06:00,F-A,F,Bhuthi Balan,A,Ekma,68.59,69.5,72.1,0
2026-07-25,06:00,G-A,G,Lalbakeya,A,Gowabari,69.3,71.15,73.86,0
2026-07-25,06:00,H-A,H,Ganga,A,Allahabad,73.64,84.73,88.03,0
2026-07-25,06:00,H-B,H,Ganga,B,Varanasi,61.07,71.26,73.9,67
2026-07-25,06:00,H-C,H,Ganga,C,Buxar,51.86,60.32,62.09,50
2026-07-25,06:00,H-D,H,Ganga,D,Digha,47.1,50.45,52.52,50
2026-07-25,06:00,H-E,H,Ganga,E,Gandhi Ghat,46.59,48.6,50.52,25
2026-07-25,06:00,H-F,H,Ganga,F,Hathidah,39.21,41.76,43.52,50
2026-07-25,06:00,H-G,H,Ganga,G,Munger,35.19,39.33,40.99,25
2026-07-25,06:00,H-H,H,Ganga,H,Bhagalpur,30.21,33.68,34.86,25
2026-07-25,06:00,H-I,H,Ganga,I,Kahalgaon,29.07,31.09,32.87,25
2026-07-25,06:00,H-J,H,Ganga,J,Farakka,20.11,22.25,25.14,25
2026-07-25,06:00,I-A,I,Punpun,A,Sripalpur,47.62,50.6,53.91,0
2026-07-25,06:00,J-A,J,Adhwara,A,Sonbarsa,78.45,81.85,83.75,0
2026-07-25,06:00,J-B,J,Adhwara,B,Sundarpur,58.4,61.7,64.1,108
2026-07-25,06:00,J-C,J,Adhwara,C,Pupri,51.1,55.79,56.95,50
2026-07-25,06:00,K-A,K,Khiroi,A,Kamtaul,47.67,50,53.05,0
2026-07-25,06:00,K-B,K,Khiroi,B,Ekmighat,43.63,46.94,49.52,50
2026-07-25,06:00,L-A,L,Mahananda,A,Taibpur,64.04,66,67.26,0
2026-07-25,06:00,L-B,L,Mahananda,B,Dhangaraghat,35.12,35.65,38.2,50
2026-07-25,06:00,M-A,M,Ghaghra,A,Darauli,60.18,60.82,61.82,0
2026-07-25,06:00,M-B,M,Ghaghra,B,Gangpur Siswan,54.96,57.04,58.26,50
2026-07-25,14:00,A-A,A,Gandak,A,Khada,94.72,96,97.5,0
2026-07-25,14:00,A-B,A,Gandak,B,Chatia,66.6,69.15,70.04,25
2026-07-25,14:00,A-C,A,Gandak,C,Dumaria Ghat,62.37,62.22,64.36,25
2026-07-25,14:00,A-D,A,Gandak,D,Rewa Ghat,53.33,54.41,55.46,25
2026-07-25,14:00,A-E,A,Gandak,E,Hajipur,47.21,50.32,50.93,25
2026-07-25,14:00,B-A,B,Kosi,A,Basua,46.62,47.75,49.24,0
2026-07-25,14:00,B-B,B,Kosi,B,Baltara,34.44,33.85,36.4,25
2026-07-25,14:00,B-C,B,Kosi,C,Kursela,28.44,30,32.1,25
2026-07-25,14:00,C-A,C,Bagmati,A,Dheng,69.89,71,73.47,0
2026-07-25,14:00,C-B,C,Bagmati,B,Sonakhan,68.14,68.8,72.05,25
2026-07-25,14:00,C-C,C,Bagmati,C,Dubadhar,59.96,61.28,63.75,50
2026-07-25,14:00,C-D,C,Bagmati,D,Kansar,57.18,59.06,60.86,25
2026-07-25,14:00,C-E,C,Bagmati,E,Kataunjha,54.2,55,58.36,25
2026-07-25,14:00,C-F,C,Bagmati,F,Benibad,49.08,48.68,50.12,28
2026-07-25,14:00,C-G,C,Bagmati,G,Hayaghat,43.07,45.72,48.96,25
2026-07-25,14:00,D-A,D,Burhi Gandak,A,Sikandarpur,49.74,52.53,54.29,0
2026-07-25,14:00,D-B,D,Burhi Gandak,B,Samastipur,43.64,45.73,49.38,33
2026-07-25,14:00,D-C,D,Burhi Gandak,C,Rosara,41.29,42.63,46.56,25
2026-07-25,14:00,D-D,D,Burhi Gandak,D,Khagaria,34.64,36.58,39.22,25
2026-07-25,14:00,E-A,E,Kamla Balan,A,Jainagar,67,68.5,71.35,0
2026-07-25,14:00,E-B,E,Kamla Balan,B,Jhanjharpur,49.25,50.5,53.11,100
2026-07-25,14:00,F-A,F,Bhuthi Balan,A,Ekma,68.59,69.5,72.1,0
2026-07-25,14:00,G-A,G,Lalbakeya,A,Gowabari,69.3,71.15,73.86,0
2026-07-25,14:00,H-A,H,Ganga,A,Allahabad,73.68,84.73,88.03,0
2026-07-25,14:00,H-B,H,Ganga,B,Varanasi,61.05,71.26,73.9,67
2026-07-25,14:00,H-C,H,Ganga,C,Buxar,51.88,60.32,62.09,50
2026-07-25,14:00,H-D,H,Ganga,D,Digha,47.16,50.45,52.52,50
2026-07-25,14:00,H-E,H,Ganga,E,Gandhi Ghat,46.67,48.6,50.52,25
2026-07-25,14:00,H-F,H,Ganga,F,Hathidah,39.23,41.76,43.52,50
2026-07-25,14:00,H-G,H,Ganga,G,Munger,35.23,39.33,40.99,25
2026-07-25,14:00,H-H,H,Ganga,H,Bhagalpur,30.29,33.68,34.86,25
2026-07-25,14:00,H-I,H,Ganga,I,Kahalgaon,29.11,31.09,32.87,25
2026-07-25,14:00,H-J,H,Ganga,J,Farakka,20.11,22.25,25.14,25
2026-07-25,14:00,I-A,I,Punpun,A,Sripalpur,47.58,50.6,53.91,0
2026-07-25,14:00,J-A,J,Adhwara,A,Sonbarsa,78.66,81.85,83.75,0
2026-07-25,14:00,J-B,J,Adhwara,B,Sundarpur,58.35,61.7,64.1,108
2026-07-25,14:00,J-C,J,Adhwara,C,Pupri,51.1,55.79,56.95,50
2026-07-25,14:00,K-A,K,Khiroi,A,Kamtaul,47.63,50,53.05,0
2026-07-25,14:00,K-B,K,Khiroi,B,Ekmighat,43.62,46.94,49.52,50
2026-07-25,14:00,L-A,L,Mahananda,A,Taibpur,64,66,67.26,0
2026-07-25,14:00,L-B,L,Mahananda,B,Dhangaraghat,35.08,35.65,38.2,50
2026-07-25,14:00,M-A,M,Ghaghra,A,Darauli,60.19,60.82,61.82,0
2026-07-25,14:00,M-B,M,Ghaghra,B,Gangpur Siswan,55.01,57.04,58.26,50
2026-07-26,06:00,A-A,A,Gandak,A,Khada,94.93,96,97.5,0
2026-07-26,06:00,A-B,A,Gandak,B,Chatia,66.59,69.15,70.04,25
2026-07-26,06:00,A-C,A,Gandak,C,Dumaria Ghat,62.28,62.22,64.36,25
2026-07-26,06:00,A-D,A,Gandak,D,Rewa Ghat,53.22,54.41,55.46,25
2026-07-26,06:00,A-E,A,Gandak,E,Hajipur,47.2,50.32,50.93,25
2026-07-26,06:00,B-A,B,Kosi,A,Basua,46.59,47.75,49.24,0
2026-07-26,06:00,B-B,B,Kosi,B,Baltara,34.34,33.85,36.4,25
2026-07-26,06:00,B-C,B,Kosi,C,Kursela,28.48,30,32.1,25
2026-07-26,06:00,C-A,C,Bagmati,A,Dheng,69.97,71,73.47,0
2026-07-26,06:00,C-B,C,Bagmati,B,Sonakhan,68.21,68.8,72.05,25
2026-07-26,06:00,C-C,C,Bagmati,C,Dubadhar,59.98,61.28,63.75,50
2026-07-26,06:00,C-D,C,Bagmati,D,Kansar,57.25,59.06,60.86,25
2026-07-26,06:00,C-E,C,Bagmati,E,Kataunjha,54.2,55,58.36,25
2026-07-26,06:00,C-F,C,Bagmati,F,Benibad,49.04,48.68,50.12,28
2026-07-26,06:00,C-G,C,Bagmati,G,Hayaghat,43.3,45.72,48.96,25
2026-07-26,06:00,D-A,D,Burhi Gandak,A,Sikandarpur,49.58,52.53,54.29,0
2026-07-26,06:00,D-B,D,Burhi Gandak,B,Samastipur,43.5,45.73,49.38,33
2026-07-26,06:00,D-C,D,Burhi Gandak,C,Rosara,41.29,42.63,46.56,25
2026-07-26,06:00,D-D,D,Burhi Gandak,D,Khagaria,34.73,36.58,39.22,25
2026-07-26,06:00,E-A,E,Kamla Balan,A,Jainagar,67,68.5,71.35,0
2026-07-26,06:00,E-B,E,Kamla Balan,B,Jhanjharpur,49.22,50.5,53.11,100
2026-07-26,06:00,F-A,F,Bhuthi Balan,A,Ekma,68.59,69.5,72.1,0
2026-07-26,06:00,G-A,G,Lalbakeya,A,Gowabari,69.15,71.15,73.86,0
2026-07-26,06:00,H-A,H,Ganga,A,Allahabad,73.83,84.73,88.03,0
2026-07-26,06:00,H-B,H,Ganga,B,Varanasi,61.05,71.26,73.9,67
2026-07-26,06:00,H-C,H,Ganga,C,Buxar,51.95,60.32,62.09,50
2026-07-26,06:00,H-D,H,Ganga,D,Digha,47.36,50.45,52.52,50
2026-07-26,06:00,H-E,H,Ganga,E,Gandhi Ghat,46.76,48.6,50.52,25
2026-07-26,06:00,H-F,H,Ganga,F,Hathidah,39.39,41.76,43.52,50
2026-07-26,06:00,H-G,H,Ganga,G,Munger,35.39,39.33,40.99,25
2026-07-26,06:00,H-H,H,Ganga,H,Bhagalpur,30.45,33.68,34.86,25
2026-07-26,06:00,H-I,H,Ganga,I,Kahalgaon,29.27,31.09,32.87,25
2026-07-26,06:00,H-J,H,Ganga,J,Farakka,20.13,22.25,25.14,25
2026-07-26,06:00,I-A,I,Punpun,A,Sripalpur,47.5,50.6,53.91,0
2026-07-26,06:00,J-A,J,Adhwara,A,Sonbarsa,78.9,81.85,83.75,0
2026-07-26,06:00,J-B,J,Adhwara,B,Sundarpur,58.35,61.7,64.1,108
2026-07-26,06:00,J-C,J,Adhwara,C,Pupri,51.1,55.79,56.95,50
2026-07-26,06:00,K-A,K,Khiroi,A,Kamtaul,47.55,50,53.05,0
2026-07-26,06:00,K-B,K,Khiroi,B,Ekmighat,43.44,46.94,49.52,50
2026-07-26,06:00,L-A,L,Mahananda,A,Taibpur,63.85,66,67.26,0
2026-07-26,06:00,L-B,L,Mahananda,B,Dhangaraghat,34.92,35.65,38.2,50
2026-07-26,06:00,M-A,M,Ghaghra,A,Darauli,60.2,60.82,61.82,0
2026-07-26,06:00,M-B,M,Ghaghra,B,Gangpur Siswan,55.03,57.04,58.26,50
2026-07-26,14:00,A-A,A,Gandak,A,Khada,94.78,96,97.5,0
2026-07-26,14:00,A-B,A,Gandak,B,Chatia,66.51,69.15,70.04,25
2026-07-26,14:00,A-C,A,Gandak,C,Dumaria Ghat,62.27,62.22,64.36,25
2026-07-26,14:00,A-D,A,Gandak,D,Rewa Ghat,53.16,54.41,55.46,25
2026-07-26,14:00,A-E,A,Gandak,E,Hajipur,47.24,50.32,50.93,25
2026-07-26,14:00,B-A,B,Kosi,A,Basua,46.56,47.75,49.24,0
2026-07-26,14:00,B-B,B,Kosi,B,Baltara,34.26,33.85,36.4,25
2026-07-26,14:00,B-C,B,Kosi,C,Kursela,28.49,30,32.1,25
2026-07-26,14:00,C-A,C,Bagmati,A,Dheng,69.8,71,73.47,0
2026-07-26,14:00,C-B,C,Bagmati,B,Sonakhan,68.02,68.8,72.05,25
2026-07-26,14:00,C-C,C,Bagmati,C,Dubadhar,59.86,61.28,63.75,50
2026-07-26,14:00,C-D,C,Bagmati,D,Kansar,57.2,59.06,60.86,25
2026-07-26,14:00,C-E,C,Bagmati,E,Kataunjha,54.15,55,58.36,25
2026-07-26,14:00,C-F,C,Bagmati,F,Benibad,48.88,48.68,50.12,28
2026-07-26,14:00,C-G,C,Bagmati,G,Hayaghat,43.26,45.72,48.96,25
2026-07-26,14:00,D-A,D,Burhi Gandak,A,Sikandarpur,49.42,52.53,54.29,0
2026-07-26,14:00,D-B,D,Burhi Gandak,B,Samastipur,43.42,45.73,49.38,33
2026-07-26,14:00,D-C,D,Burhi Gandak,C,Rosara,41.29,42.63,46.56,25
2026-07-26,14:00,D-D,D,Burhi Gandak,D,Khagaria,34.75,36.58,39.22,25
2026-07-26,14:00,E-A,E,Kamla Balan,A,Jainagar,67,68.5,71.35,0
2026-07-26,14:00,E-B,E,Kamla Balan,B,Jhanjharpur,49.22,50.5,53.11,100
2026-07-26,14:00,F-A,F,Bhuthi Balan,A,Ekma,68.59,69.5,72.1,0
2026-07-26,14:00,G-A,G,Lalbakeya,A,Gowabari,69,71.15,73.86,0
2026-07-26,14:00,H-A,H,Ganga,A,Allahabad,74.02,84.73,88.03,0
2026-07-26,14:00,H-B,H,Ganga,B,Varanasi,61.07,71.26,73.9,67
2026-07-26,14:00,H-C,H,Ganga,C,Buxar,51.98,60.32,62.09,50
2026-07-26,14:00,H-D,H,Ganga,D,Digha,47.4,50.45,52.52,50
2026-07-26,14:00,H-E,H,Ganga,E,Gandhi Ghat,46.76,48.6,50.52,25
2026-07-26,14:00,H-F,H,Ganga,F,Hathidah,39.43,41.76,43.52,50
2026-07-26,14:00,H-G,H,Ganga,G,Munger,35.53,39.33,40.99,25
2026-07-26,14:00,H-H,H,Ganga,H,Bhagalpur,30.53,33.68,34.86,25
2026-07-26,14:00,H-I,H,Ganga,I,Kahalgaon,29.3,31.09,32.87,25
2026-07-26,14:00,H-J,H,Ganga,J,Farakka,20.18,22.25,25.14,25
2026-07-26,14:00,I-A,I,Punpun,A,Sripalpur,47.46,50.6,53.91,0
2026-07-26,14:00,J-A,J,Adhwara,A,Sonbarsa,79.15,81.85,83.75,0
2026-07-26,14:00,J-B,J,Adhwara,B,Sundarpur,58.35,61.7,64.1,108
2026-07-26,14:00,J-C,J,Adhwara,C,Pupri,51.05,55.79,56.95,50
2026-07-26,14:00,K-A,K,Khiroi,A,Kamtaul,47.42,50,53.05,0
2026-07-26,14:00,K-B,K,Khiroi,B,Ekmighat,43.36,46.94,49.52,50
2026-07-26,14:00,L-A,L,Mahananda,A,Taibpur,63.73,66,67.26,0
2026-07-26,14:00,L-B,L,Mahananda,B,Dhangaraghat,34.83,35.65,38.2,50
2026-07-26,14:00,M-A,M,Ghaghra,A,Darauli,60.21,60.82,61.82,0
2026-07-26,14:00,M-B,M,Ghaghra,B,Gangpur Siswan,55.03,57.04,58.26,50
2026-07-27,06:00,A-A,A,Gandak,A,Khada,94.65,96,97.5,0
2026-07-27,06:00,A-B,A,Gandak,B,Chatia,66.46,69.15,70.04,25
2026-07-27,06:00,A-C,A,Gandak,C,Dumaria Ghat,62.2,62.22,64.36,25
2026-07-27,06:00,A-D,A,Gandak,D,Rewa Ghat,53.1,54.41,55.46,25
2026-07-27,06:00,A-E,A,Gandak,E,Hajipur,47.21,50.32,50.93,25
2026-07-27,06:00,B-A,B,Kosi,A,Basua,46.52,47.75,49.24,0
2026-07-27,06:00,B-B,B,Kosi,B,Baltara,34.16,33.85,36.4,25
2026-07-27,06:00,B-C,B,Kosi,C,Kursela,28.54,30,32.1,25
2026-07-27,06:00,C-A,C,Bagmati,A,Dheng,69.7,71,73.47,0
2026-07-27,06:00,C-B,C,Bagmati,B,Sonakhan,67.9,68.8,72.05,25
2026-07-27,06:00,C-C,C,Bagmati,C,Dubadhar,59.83,61.28,63.75,50
2026-07-27,06:00,C-D,C,Bagmati,D,Kansar,56.95,59.06,60.86,25
2026-07-27,06:00,C-E,C,Bagmati,E,Kataunjha,53.95,55,58.36,25
2026-07-27,06:00,C-F,C,Bagmati,F,Benibad,48.68,48.68,50.12,28
2026-07-27,06:00,C-G,C,Bagmati,G,Hayaghat,42.94,45.72,48.96,25
2026-07-27,06:00,D-A,D,Burhi Gandak,A,Sikandarpur,49.16,52.53,54.29,0
2026-07-27,06:00,D-B,D,Burhi Gandak,B,Samastipur,43.2,45.73,49.38,33
2026-07-27,06:00,D-C,D,Burhi Gandak,C,Rosara,41.2,42.63,46.56,25
2026-07-27,06:00,D-D,D,Burhi Gandak,D,Khagaria,34.83,36.58,39.22,25
2026-07-27,06:00,E-A,E,Kamla Balan,A,Jainagar,67.35,68.5,71.35,0
2026-07-27,06:00,E-B,E,Kamla Balan,B,Jhanjharpur,49.2,50.5,53.11,100
2026-07-27,06:00,F-A,F,Bhuthi Balan,A,Ekma,68.59,69.5,72.1,0
2026-07-27,06:00,G-A,G,Lalbakeya,A,Gowabari,69,71.15,73.86,0
2026-07-27,06:00,H-A,H,Ganga,A,Allahabad,74.2,84.73,88.03,0
2026-07-27,06:00,H-B,H,Ganga,B,Varanasi,61.24,71.26,73.9,67
2026-07-27,06:00,H-C,H,Ganga,C,Buxar,51.98,60.32,62.09,50
2026-07-27,06:00,H-D,H,Ganga,D,Digha,47.4,50.45,52.52,50
2026-07-27,06:00,H-E,H,Ganga,E,Gandhi Ghat,46.73,48.6,50.52,25
2026-07-27,06:00,H-F,H,Ganga,F,Hathidah,39.51,41.76,43.52,50
2026-07-27,06:00,H-G,H,Ganga,G,Munger,35.79,39.33,40.99,25
2026-07-27,06:00,H-H,H,Ganga,H,Bhagalpur,30.65,33.68,34.86,25
2026-07-27,06:00,H-I,H,Ganga,I,Kahalgaon,29.33,31.09,32.87,25
2026-07-27,06:00,H-J,H,Ganga,J,Farakka,20.18,22.25,25.14,25
2026-07-27,06:00,I-A,I,Punpun,A,Sripalpur,47.34,50.6,53.91,0
2026-07-27,06:00,J-A,J,Adhwara,A,Sonbarsa,79.36,81.85,83.75,0
2026-07-27,06:00,J-B,J,Adhwara,B,Sundarpur,58.35,61.7,64.1,108
2026-07-27,06:00,J-C,J,Adhwara,C,Pupri,51.05,55.79,56.95,50
2026-07-27,06:00,K-A,K,Khiroi,A,Kamtaul,47.26,50,53.05,0
2026-07-27,06:00,K-B,K,Khiroi,B,Ekmighat,43.2,46.94,49.52,50
2026-07-27,06:00,L-A,L,Mahananda,A,Taibpur,63.66,66,67.26,0
2026-07-27,06:00,L-B,L,Mahananda,B,Dhangaraghat,34.55,35.65,38.2,50
2026-07-27,06:00,M-A,M,Ghaghra,A,Darauli,60.13,60.82,61.82,0
2026-07-27,06:00,M-B,M,Ghaghra,B,Gangpur Siswan,54.94,57.04,58.26,50
2026-07-27,14:00,A-A,A,Gandak,A,Khada,94.52,96,97.5,0
2026-07-27,14:00,A-B,A,Gandak,B,Chatia,66.44,69.15,70.04,25
2026-07-27,14:00,A-C,A,Gandak,C,Dumaria Ghat,62.08,62.22,64.36,25
2026-07-27,14:00,A-D,A,Gandak,D,Rewa Ghat,53.06,54.41,55.46,25
2026-07-27,14:00,A-E,A,Gandak,E,Hajipur,47.21,50.32,50.93,25
2026-07-27,14:00,B-A,B,Kosi,A,Basua,46.5,47.75,49.24,0
2026-07-27,14:00,B-B,B,Kosi,B,Baltara,34.06,33.85,36.4,25
2026-07-27,14:00,B-C,B,Kosi,C,Kursela,28.55,30,32.1,25
2026-07-27,14:00,C-A,C,Bagmati,A,Dheng,70.88,71,73.47,0
2026-07-27,14:00,C-B,C,Bagmati,B,Sonakhan,68.93,68.8,72.05,25
2026-07-27,14:00,C-C,C,Bagmati,C,Dubadhar,60.78,61.28,63.75,50
2026-07-27,14:00,C-D,C,Bagmati,D,Kansar,58.2,59.06,60.86,25
2026-07-27,14:00,C-E,C,Bagmati,E,Kataunjha,54.3,55,58.36,25
2026-07-27,14:00,C-F,C,Bagmati,F,Benibad,48.52,48.68,50.12,28
2026-07-27,14:00,C-G,C,Bagmati,G,Hayaghat,42.86,45.72,48.96,25
2026-07-27,14:00,D-A,D,Burhi Gandak,A,Sikandarpur,48.92,52.53,54.29,0
2026-07-27,14:00,D-B,D,Burhi Gandak,B,Samastipur,43.12,45.73,49.38,33
2026-07-27,14:00,D-C,D,Burhi Gandak,C,Rosara,41.12,42.63,46.56,25
2026-07-27,14:00,D-D,D,Burhi Gandak,D,Khagaria,34.84,36.58,39.22,25
2026-07-27,14:00,E-A,E,Kamla Balan,A,Jainagar,67.5,68.5,71.35,0
2026-07-27,14:00,E-B,E,Kamla Balan,B,Jhanjharpur,49.2,50.5,53.11,100
2026-07-27,14:00,F-A,F,Bhuthi Balan,A,Ekma,68.5,69.5,72.1,0
2026-07-27,14:00,G-A,G,Lalbakeya,A,Gowabari,71.1,71.15,73.86,0
2026-07-27,14:00,H-A,H,Ganga,A,Allahabad,74.21,84.73,88.03,0
2026-07-27,14:00,H-B,H,Ganga,B,Varanasi,61.34,71.26,73.9,67
2026-07-27,14:00,H-C,H,Ganga,C,Buxar,51.98,60.32,62.09,50
2026-07-27,14:00,H-D,H,Ganga,D,Digha,47.32,50.45,52.52,50
2026-07-27,14:00,H-E,H,Ganga,E,Gandhi Ghat,46.7,48.6,50.52,25
2026-07-27,14:00,H-F,H,Ganga,F,Hathidah,39.52,41.76,43.52,50
2026-07-27,14:00,H-G,H,Ganga,G,Munger,35.85,39.33,40.99,25
2026-07-27,14:00,H-H,H,Ganga,H,Bhagalpur,30.65,33.68,34.86,25
2026-07-27,14:00,H-I,H,Ganga,I,Kahalgaon,29.35,31.09,32.87,25
2026-07-27,14:00,H-J,H,Ganga,J,Farakka,20.2,22.25,25.14,25
2026-07-27,14:00,I-A,I,Punpun,A,Sripalpur,47.2,50.6,53.91,0
2026-07-27,14:00,J-A,J,Adhwara,A,Sonbarsa,78.8,81.85,83.75,0
2026-07-27,14:00,J-B,J,Adhwara,B,Sundarpur,58.35,61.7,64.1,108
2026-07-27,14:00,J-C,J,Adhwara,C,Pupri,51.05,55.79,56.95,50
2026-07-27,14:00,K-A,K,Khiroi,A,Kamtaul,47.18,50,53.05,0
2026-07-27,14:00,K-B,K,Khiroi,B,Ekmighat,43,46.94,49.52,50
2026-07-27,14:00,L-A,L,Mahananda,A,Taibpur,63.71,66,67.26,0
2026-07-27,14:00,L-B,L,Mahananda,B,Dhangaraghat,34.47,35.65,38.2,50
2026-07-27,14:00,M-A,M,Ghaghra,A,Darauli,60.08,60.82,61.82,0
2026-07-27,14:00,M-B,M,Ghaghra,B,Gangpur Siswan,54.89,57.04,58.26,50
2026-07-28,06:00,A-A,A,Gandak,A,Khada,94.96,96,97.5,0
2026-07-28,06:00,A-B,A,Gandak,B,Chatia,66.36,69.15,70.04,25
2026-07-28,06:00,A-C,A,Gandak,C,Dumaria Ghat,61.95,62.22,64.36,25
2026-07-28,06:00,A-D,A,Gandak,D,Rewa Ghat,52.89,54.41,55.46,25
2026-07-28,06:00,A-E,A,Gandak,E,Hajipur,47.13,50.32,50.93,25
2026-07-28,06:00,B-A,B,Kosi,A,Basua,46.46,47.75,49.24,0
2026-07-28,06:00,B-B,B,Kosi,B,Baltara,33.94,33.85,36.4,25
2026-07-28,06:00,B-C,B,Kosi,C,Kursela,28.57,30,32.1,25
2026-07-28,06:00,C-A,C,Bagmati,A,Dheng,70.4,71,73.47,0
2026-07-28,06:00,C-B,C,Bagmati,B,Sonakhan,68.45,68.8,72.05,25
2026-07-28,06:00,C-C,C,Bagmati,C,Dubadhar,60.64,61.28,63.75,50
2026-07-28,06:00,C-D,C,Bagmati,D,Kansar,58.4,59.06,60.86,25
2026-07-28,06:00,C-E,C,Bagmati,E,Kataunjha,55.75,55,58.36,25
2026-07-28,06:00,C-F,C,Bagmati,F,Benibad,49.45,48.68,50.12,28
2026-07-28,06:00,C-G,C,Bagmati,G,Hayaghat,42.67,45.72,48.96,25
2026-07-28,06:00,D-A,D,Burhi Gandak,A,Sikandarpur,48.46,52.53,54.29,0
2026-07-28,06:00,D-B,D,Burhi Gandak,B,Samastipur,42.75,45.73,49.38,33
2026-07-28,06:00,D-C,D,Burhi Gandak,C,Rosara,40.77,42.63,46.56,25
2026-07-28,06:00,D-D,D,Burhi Gandak,D,Khagaria,34.85,36.58,39.22,25
2026-07-28,06:00,E-A,E,Kamla Balan,A,Jainagar,67.5,68.5,71.35,0
2026-07-28,06:00,E-B,E,Kamla Balan,B,Jhanjharpur,49.5,50.5,53.11,100
2026-07-28,06:00,F-A,F,Bhuthi Balan,A,Ekma,68.59,69.5,72.1,0
2026-07-28,06:00,G-A,G,Lalbakeya,A,Gowabari,70.45,71.15,73.86,0
2026-07-28,06:00,H-A,H,Ganga,A,Allahabad,74.24,84.73,88.03,0
2026-07-28,06:00,H-B,H,Ganga,B,Varanasi,61.5,71.26,73.9,67
2026-07-28,06:00,H-C,H,Ganga,C,Buxar,51.95,60.32,62.09,50
2026-07-28,06:00,H-D,H,Ganga,D,Digha,47.18,50.45,52.52,50
2026-07-28,06:00,H-E,H,Ganga,E,Gandhi Ghat,46.59,48.6,50.52,25
2026-07-28,06:00,H-F,H,Ganga,F,Hathidah,39.48,41.76,43.52,50
2026-07-28,06:00,H-G,H,Ganga,G,Munger,35.91,39.33,40.99,25
2026-07-28,06:00,H-H,H,Ganga,H,Bhagalpur,30.65,33.68,34.86,25
2026-07-28,06:00,H-I,H,Ganga,I,Kahalgaon,29.63,31.09,32.87,25
2026-07-28,06:00,H-J,H,Ganga,J,Farakka,20.2,22.25,25.14,25
2026-07-28,06:00,I-A,I,Punpun,A,Sripalpur,46.6,50.6,53.91,0
2026-07-28,06:00,J-A,J,Adhwara,A,Sonbarsa,79.1,81.85,83.75,0
2026-07-28,06:00,J-B,J,Adhwara,B,Sundarpur,58.35,61.7,64.1,108
2026-07-28,06:00,J-C,J,Adhwara,C,Pupri,51.05,55.79,56.95,50
2026-07-28,06:00,K-A,K,Khiroi,A,Kamtaul,47.06,50,53.05,0
2026-07-28,06:00,K-B,K,Khiroi,B,Ekmighat,42.74,46.94,49.52,50
2026-07-28,06:00,L-A,L,Mahananda,A,Taibpur,63.62,66,67.26,0
2026-07-28,06:00,L-B,L,Mahananda,B,Dhangaraghat,34.4,35.65,38.2,50
2026-07-28,06:00,M-A,M,Ghaghra,A,Darauli,59.95,60.82,61.82,0
2026-07-28,06:00,M-B,M,Ghaghra,B,Gangpur Siswan,54.73,57.04,58.26,50
2026-07-28,14:00,A-A,A,Gandak,A,Khada,94.9,96,97.5,0
2026-07-28,14:00,A-B,A,Gandak,B,Chatia,66.32,69.15,70.04,25
2026-07-28,14:00,A-C,A,Gandak,C,Dumaria Ghat,61.95,62.22,64.36,25
2026-07-28,14:00,A-D,A,Gandak,D,Rewa Ghat,52.74,54.41,55.46,25
2026-07-28,14:00,A-E,A,Gandak,E,Hajipur,47.06,50.32,50.93,25
2026-07-28,14:00,B-A,B,Kosi,A,Basua,46.56,47.75,49.24,0
2026-07-28,14:00,B-B,B,Kosi,B,Baltara,33.9,33.85,36.4,25
2026-07-28,14:00,B-C,B,Kosi,C,Kursela,28.57,30,32.1,25
2026-07-28,14:00,C-A,C,Bagmati,A,Dheng,70.1,71,73.47,0
2026-07-28,14:00,C-B,C,Bagmati,B,Sonakhan,68.15,68.8,72.05,25
2026-07-28,14:00,C-C,C,Bagmati,C,Dubadhar,60.3,61.28,63.75,50
2026-07-28,14:00,C-D,C,Bagmati,D,Kansar,57.9,59.06,60.86,25
2026-07-28,14:00,C-E,C,Bagmati,E,Kataunjha,55.35,55,58.36,25
2026-07-28,14:00,C-F,C,Bagmati,F,Benibad,49.67,48.68,50.12,28
2026-07-28,14:00,C-G,C,Bagmati,G,Hayaghat,42.86,45.72,48.96,25
2026-07-28,14:00,D-A,D,Burhi Gandak,A,Sikandarpur,48.22,52.53,54.29,0
2026-07-28,14:00,D-B,D,Burhi Gandak,B,Samastipur,42.55,45.73,49.38,33
2026-07-28,14:00,D-C,D,Burhi Gandak,C,Rosara,40.53,42.63,46.56,25
2026-07-28,14:00,D-D,D,Burhi Gandak,D,Khagaria,34.81,36.58,39.22,25
2026-07-28,14:00,E-A,E,Kamla Balan,A,Jainagar,67.5,68.5,71.35,0
2026-07-28,14:00,E-B,E,Kamla Balan,B,Jhanjharpur,49.45,50.5,53.11,100
2026-07-28,14:00,F-A,F,Bhuthi Balan,A,Ekma,68.59,69.5,72.1,0
2026-07-28,14:00,G-A,G,Lalbakeya,A,Gowabari,70.25,71.15,73.86,0
2026-07-28,14:00,H-A,H,Ganga,A,Allahabad,74.27,84.73,88.03,0
2026-07-28,14:00,H-B,H,Ganga,B,Varanasi,61.58,71.26,73.9,67
2026-07-28,14:00,H-C,H,Ganga,C,Buxar,51.99,60.32,62.09,50
2026-07-28,14:00,H-D,H,Ganga,D,Digha,47.12,50.45,52.52,50
2026-07-28,14:00,H-E,H,Ganga,E,Gandhi Ghat,46.54,48.6,50.52,25
2026-07-28,14:00,H-F,H,Ganga,F,Hathidah,39.44,41.76,43.52,50
2026-07-28,14:00,H-G,H,Ganga,G,Munger,35.92,39.33,40.99,25
2026-07-28,14:00,H-H,H,Ganga,H,Bhagalpur,30.65,33.68,34.86,25
2026-07-28,14:00,H-I,H,Ganga,I,Kahalgaon,29.37,31.09,32.87,25
2026-07-28,14:00,H-J,H,Ganga,J,Farakka,20.2,22.25,25.14,25
2026-07-28,14:00,I-A,I,Punpun,A,Sripalpur,46.54,50.6,53.91,0
2026-07-28,14:00,J-A,J,Adhwara,A,Sonbarsa,79.6,81.85,83.75,0
2026-07-28,14:00,J-B,J,Adhwara,B,Sundarpur,58.45,61.7,64.1,108
2026-07-28,14:00,J-C,J,Adhwara,C,Pupri,51.05,55.79,56.95,50
2026-07-28,14:00,K-A,K,Khiroi,A,Kamtaul,47.06,50,53.05,0
2026-07-28,14:00,K-B,K,Khiroi,B,Ekmighat,43.01,46.94,49.52,50
2026-07-28,14:00,L-A,L,Mahananda,A,Taibpur,63.6,66,67.26,0
2026-07-28,14:00,L-B,L,Mahananda,B,Dhangaraghat,34.37,35.65,38.2,50
2026-07-28,14:00,M-A,M,Ghaghra,A,Darauli,59.91,60.82,61.82,0
2026-07-28,14:00,M-B,M,Ghaghra,B,Gangpur Siswan,54.69,57.04,58.26,50
2026-07-29,06:00,A-A,A,Gandak,A,Khada,94.68,96,97.5,0
2026-07-29,06:00,A-B,A,Gandak,B,Chatia,66.3,69.15,70.04,25
2026-07-29,06:00,A-C,A,Gandak,C,Dumaria Ghat,62.1,62.22,64.36,25
2026-07-29,06:00,A-D,A,Gandak,D,Rewa Ghat,52.93,54.41,55.46,25
2026-07-29,06:00,A-E,A,Gandak,E,Hajipur,47.12,50.32,50.93,25
2026-07-29,06:00,B-A,B,Kosi,A,Basua,46.92,47.75,49.24,0
2026-07-29,06:00,B-B,B,Kosi,B,Baltara,34.18,33.85,36.4,25
2026-07-29,06:00,B-C,B,Kosi,C,Kursela,28.6,30,32.1,25
2026-07-29,06:00,C-A,C,Bagmati,A,Dheng,70.05,71,73.47,0
2026-07-29,06:00,C-B,C,Bagmati,B,Sonakhan,68.1,68.8,72.05,25
2026-07-29,06:00,C-C,C,Bagmati,C,Dubadhar,60.06,61.28,63.75,50
2026-07-29,06:00,C-D,C,Bagmati,D,Kansar,57.35,59.06,60.86,25
2026-07-29,06:00,C-E,C,Bagmati,E,Kataunjha,54.45,55,58.36,25
2026-07-29,06:00,C-F,C,Bagmati,F,Benibad,49.67,48.68,50.12,28
2026-07-29,06:00,C-G,C,Bagmati,G,Hayaghat,43.25,45.72,48.96,25
2026-07-29,06:00,D-A,D,Burhi Gandak,A,Sikandarpur,47.92,52.53,54.29,0
2026-07-29,06:00,D-B,D,Burhi Gandak,B,Samastipur,42.25,45.73,49.38,33
2026-07-29,06:00,D-C,D,Burhi Gandak,C,Rosara,40.4,42.63,46.56,25
2026-07-29,06:00,D-D,D,Burhi Gandak,D,Khagaria,34.73,36.58,39.22,25
2026-07-29,06:00,E-A,E,Kamla Balan,A,Jainagar,67.2,68.5,71.35,0
2026-07-29,06:00,E-B,E,Kamla Balan,B,Jhanjharpur,49.42,50.5,53.11,100
2026-07-29,06:00,F-A,F,Bhuthi Balan,A,Ekma,68.59,69.5,72.1,0
2026-07-29,06:00,G-A,G,Lalbakeya,A,Gowabari,69.8,71.15,73.86,0
2026-07-29,06:00,H-A,H,Ganga,A,Allahabad,74.34,84.73,88.03,0
2026-07-29,06:00,H-B,H,Ganga,B,Varanasi,61.68,71.26,73.9,67
2026-07-29,06:00,H-C,H,Ganga,C,Buxar,52.07,60.32,62.09,50
2026-07-29,06:00,H-D,H,Ganga,D,Digha,47.05,50.45,52.52,50
2026-07-29,06:00,H-E,H,Ganga,E,Gandhi Ghat,46.55,48.6,50.52,25
2026-07-29,06:00,H-F,H,Ganga,F,Hathidah,39.32,41.76,43.52,50
2026-07-29,06:00,H-G,H,Ganga,G,Munger,35.86,39.33,40.99,25
2026-07-29,06:00,H-H,H,Ganga,H,Bhagalpur,30.64,33.68,34.86,25
2026-07-29,06:00,H-I,H,Ganga,I,Kahalgaon,29.36,31.09,32.87,25
2026-07-29,06:00,H-J,H,Ganga,J,Farakka,20.2,22.25,25.14,25
2026-07-29,06:00,I-A,I,Punpun,A,Sripalpur,46.5,50.6,53.91,0
2026-07-29,06:00,J-A,J,Adhwara,A,Sonbarsa,79.6,81.85,83.75,0
2026-07-29,06:00,J-B,J,Adhwara,B,Sundarpur,58.55,61.7,64.1,108
2026-07-29,06:00,J-C,J,Adhwara,C,Pupri,51.2,55.79,56.95,50
2026-07-29,06:00,K-A,K,Khiroi,A,Kamtaul,47.06,50,53.05,0
2026-07-29,06:00,K-B,K,Khiroi,B,Ekmighat,43.62,46.94,49.52,50
2026-07-29,06:00,L-A,L,Mahananda,A,Taibpur,63.6,66,67.26,0
2026-07-29,06:00,L-B,L,Mahananda,B,Dhangaraghat,34.23,35.65,38.2,50
2026-07-29,06:00,M-A,M,Ghaghra,A,Darauli,59.84,60.82,61.82,0
2026-07-29,06:00,M-B,M,Ghaghra,B,Gangpur Siswan,54.68,57.04,58.26,50
2026-07-29,14:00,A-A,A,Gandak,A,Khada,94.7,96,97.5,0
2026-07-29,14:00,A-B,A,Gandak,B,Chatia,66.3,69.15,70.04,25
2026-07-29,14:00,A-C,A,Gandak,C,Dumaria Ghat,62.17,62.22,64.36,25
2026-07-29,14:00,A-D,A,Gandak,D,Rewa Ghat,53,54.41,55.46,25
2026-07-29,14:00,A-E,A,Gandak,E,Hajipur,47.13,50.32,50.93,25
2026-07-29,14:00,B-A,B,Kosi,A,Basua,46.8,47.75,49.24,0
2026-07-29,14:00,B-B,B,Kosi,B,Baltara,34.07,33.85,36.4,25
2026-07-29,14:00,B-C,B,Kosi,C,Kursela,28.6,30,32.1,25
2026-07-29,14:00,C-A,C,Bagmati,A,Dheng,69.92,71,73.47,0
2026-07-29,14:00,C-B,C,Bagmati,B,Sonakhan,67.97,68.8,72.05,25
2026-07-29,14:00,C-C,C,Bagmati,C,Dubadhar,60.02,61.28,63.75,50
2026-07-29,14:00,C-D,C,Bagmati,D,Kansar,57.3,59.06,60.86,25
2026-07-29,14:00,C-E,C,Bagmati,E,Kataunjha,54.3,55,58.36,25
2026-07-29,14:00,C-F,C,Bagmati,F,Benibad,49.63,48.68,50.12,28
2026-07-29,14:00,C-G,C,Bagmati,G,Hayaghat,43.3,45.72,48.96,25
2026-07-29,14:00,D-A,D,Burhi Gandak,A,Sikandarpur,47.84,52.53,54.29,0
2026-07-29,14:00,D-B,D,Burhi Gandak,B,Samastipur,42.13,45.73,49.38,33
2026-07-29,14:00,D-C,D,Burhi Gandak,C,Rosara,39.8,42.63,46.56,25
2026-07-29,14:00,D-D,D,Burhi Gandak,D,Khagaria,34.67,36.58,39.22,25
2026-07-29,14:00,E-A,E,Kamla Balan,A,Jainagar,67.1,68.5,71.35,0
2026-07-29,14:00,E-B,E,Kamla Balan,B,Jhanjharpur,49.37,50.5,53.11,100
2026-07-29,14:00,F-A,F,Bhuthi Balan,A,Ekma,68.59,69.5,72.1,0
2026-07-29,14:00,G-A,G,Lalbakeya,A,Gowabari,69.7,71.15,73.86,0
2026-07-29,14:00,H-A,H,Ganga,A,Allahabad,74.36,84.73,88.03,0
2026-07-29,14:00,H-B,H,Ganga,B,Varanasi,61.72,71.26,73.9,67
2026-07-29,14:00,H-C,H,Ganga,C,Buxar,52.21,60.32,62.09,50
2026-07-29,14:00,H-D,H,Ganga,D,Digha,47.05,50.45,52.52,50
2026-07-29,14:00,H-E,H,Ganga,E,Gandhi Ghat,46.55,48.6,50.52,25
2026-07-29,14:00,H-F,H,Ganga,F,Hathidah,39.29,41.76,43.52,50
2026-07-29,14:00,H-G,H,Ganga,G,Munger,35.82,39.33,40.99,25
2026-07-29,14:00,H-H,H,Ganga,H,Bhagalpur,30.62,33.68,34.86,25
2026-07-29,14:00,H-I,H,Ganga,I,Kahalgaon,29.33,31.09,32.87,25
2026-07-29,14:00,H-J,H,Ganga,J,Farakka,20.17,22.25,25.14,25
2026-07-29,14:00,I-A,I,Punpun,A,Sripalpur,46.48,50.6,53.91,0
2026-07-29,14:00,J-A,J,Adhwara,A,Sonbarsa,79.45,81.85,83.75,0
2026-07-29,14:00,J-B,J,Adhwara,B,Sundarpur,58.5,61.7,64.1,108
2026-07-29,14:00,J-C,J,Adhwara,C,Pupri,51.25,55.79,56.95,50
2026-07-29,14:00,K-A,K,Khiroi,A,Kamtaul,47.05,50,53.05,0
2026-07-29,14:00,K-B,K,Khiroi,B,Ekmighat,43.66,46.94,49.52,50
2026-07-29,14:00,L-A,L,Mahananda,A,Taibpur,63.55,66,67.26,0
2026-07-29,14:00,L-B,L,Mahananda,B,Dhangaraghat,34.22,35.65,38.2,50
2026-07-29,14:00,M-A,M,Ghaghra,A,Darauli,59.96,60.82,61.82,0
2026-07-29,14:00,M-B,M,Ghaghra,B,Gangpur Siswan,54.71,57.04,58.26,50
2026-07-30,06:00,A-A,A,Gandak,A,Khada,94.97,96,97.5,0
2026-07-30,06:00,A-B,A,Gandak,B,Chatia,66.26,69.15,70.04,25
2026-07-30,06:00,A-C,A,Gandak,C,Dumaria Ghat,62.1,62.22,64.36,25
2026-07-30,06:00,A-D,A,Gandak,D,Rewa Ghat,52.98,54.41,55.46,25
2026-07-30,06:00,A-E,A,Gandak,E,Hajipur,47.12,50.32,50.93,25
2026-07-30,06:00,B-A,B,Kosi,A,Basua,46.64,47.75,49.24,0
2026-07-30,06:00,B-B,B,Kosi,B,Baltara,33.97,33.85,36.4,25
2026-07-30,06:00,B-C,B,Kosi,C,Kursela,28.61,30,32.1,25
2026-07-30,06:00,C-A,C,Bagmati,A,Dheng,69.98,71,73.47,0
2026-07-30,06:00,C-B,C,Bagmati,B,Sonakhan,68.4,68.8,72.05,25
2026-07-30,06:00,C-C,C,Bagmati,C,Dubadhar,60.08,61.28,63.75,50
2026-07-30,06:00,C-D,C,Bagmati,D,Kansar,57.4,59.06,60.86,25
2026-07-30,06:00,C-E,C,Bagmati,E,Kataunjha,54.25,55,58.36,25
2026-07-30,06:00,C-F,C,Bagmati,F,Benibad,49.47,48.68,50.12,28
2026-07-30,06:00,C-G,C,Bagmati,G,Hayaghat,43.22,45.72,48.96,25
2026-07-30,06:00,D-A,D,Burhi Gandak,A,Sikandarpur,47.68,52.53,54.29,0
2026-07-30,06:00,D-B,D,Burhi Gandak,B,Samastipur,41.9,45.73,49.38,33
2026-07-30,06:00,D-C,D,Burhi Gandak,C,Rosara,39.39,42.63,46.56,25
2026-07-30,06:00,D-D,D,Burhi Gandak,D,Khagaria,34.51,36.58,39.22,25
2026-07-30,06:00,E-A,E,Kamla Balan,A,Jainagar,67,68.5,71.35,0
2026-07-30,06:00,E-B,E,Kamla Balan,B,Jhanjharpur,49.28,50.5,53.11,100
2026-07-30,06:00,F-A,F,Bhuthi Balan,A,Ekma,68.59,69.5,72.1,0
2026-07-30,06:00,G-A,G,Lalbakeya,A,Gowabari,69.45,71.15,73.86,0
2026-07-30,06:00,H-A,H,Ganga,A,Allahabad,74.33,84.73,88.03,0
2026-07-30,06:00,H-B,H,Ganga,B,Varanasi,61.82,71.26,73.9,67
2026-07-30,06:00,H-C,H,Ganga,C,Buxar,52.29,60.32,62.09,50
2026-07-30,06:00,H-D,H,Ganga,D,Digha,47.05,50.45,52.52,50
2026-07-30,06:00,H-E,H,Ganga,E,Gandhi Ghat,46.54,48.6,50.52,25
2026-07-30,06:00,H-F,H,Ganga,F,Hathidah,39.29,41.76,43.52,50
2026-07-30,06:00,H-G,H,Ganga,G,Munger,35.66,39.33,40.99,25
2026-07-30,06:00,H-H,H,Ganga,H,Bhagalpur,30.55,33.68,34.86,25
2026-07-30,06:00,H-I,H,Ganga,I,Kahalgaon,29.26,31.09,32.87,25
2026-07-30,06:00,H-J,H,Ganga,J,Farakka,20.17,22.25,25.14,25
2026-07-30,06:00,I-A,I,Punpun,A,Sripalpur,46.41,50.6,53.91,0
2026-07-30,06:00,J-A,J,Adhwara,A,Sonbarsa,78.8,81.85,83.75,0
2026-07-30,06:00,J-B,J,Adhwara,B,Sundarpur,58.5,61.7,64.1,108
2026-07-30,06:00,J-C,J,Adhwara,C,Pupri,51.25,55.79,56.95,50
2026-07-30,06:00,K-A,K,Khiroi,A,Kamtaul,47.01,50,53.05,0
2026-07-30,06:00,K-B,K,Khiroi,B,Ekmighat,43.63,46.94,49.52,50
2026-07-30,06:00,L-A,L,Mahananda,A,Taibpur,63.65,66,67.26,0
2026-07-30,06:00,L-B,L,Mahananda,B,Dhangaraghat,34.14,35.65,38.2,50
2026-07-30,06:00,M-A,M,Ghaghra,A,Darauli,59.97,60.82,61.82,0
2026-07-30,06:00,M-B,M,Ghaghra,B,Gangpur Siswan,54.76,57.04,58.26,50
2026-07-30,14:00,A-A,A,Gandak,A,Khada,94.72,96,97.5,0
2026-07-30,14:00,A-B,A,Gandak,B,Chatia,66.22,69.15,70.04,25
2026-07-30,14:00,A-C,A,Gandak,C,Dumaria Ghat,62,62.22,64.36,25
2026-07-30,14:00,A-D,A,Gandak,D,Rewa Ghat,52.9,54.41,55.46,25
2026-07-30,14:00,A-E,A,Gandak,E,Hajipur,47.1,50.32,50.93,25
2026-07-30,14:00,B-A,B,Kosi,A,Basua,46.68,47.75,49.24,0
2026-07-30,14:00,B-B,B,Kosi,B,Baltara,33.9,33.85,36.4,25
2026-07-30,14:00,B-C,B,Kosi,C,Kursela,28.49,30,32.1,25
2026-07-30,14:00,C-A,C,Bagmati,A,Dheng,69.83,71,73.47,0
2026-07-30,14:00,C-B,C,Bagmati,B,Sonakhan,68.13,68.8,72.05,25
2026-07-30,14:00,C-C,C,Bagmati,C,Dubadhar,59.92,61.28,63.75,50
2026-07-30,14:00,C-D,C,Bagmati,D,Kansar,57.27,59.06,60.86,25
2026-07-30,14:00,C-E,C,Bagmati,E,Kataunjha,54.1,55,58.36,25
2026-07-30,14:00,C-F,C,Bagmati,F,Benibad,49.53,48.68,50.12,28
2026-07-30,14:00,C-G,C,Bagmati,G,Hayaghat,43.14,45.72,48.96,25
2026-07-30,14:00,D-A,D,Burhi Gandak,A,Sikandarpur,47.6,52.53,54.29,0
2026-07-30,14:00,D-B,D,Burhi Gandak,B,Samastipur,41.82,45.73,49.38,33
2026-07-30,14:00,D-C,D,Burhi Gandak,C,Rosara,39.34,42.63,46.56,25
2026-07-30,14:00,D-D,D,Burhi Gandak,D,Khagaria,34.5,36.58,39.22,25
2026-07-30,14:00,E-A,E,Kamla Balan,A,Jainagar,67,68.5,71.35,0
2026-07-30,14:00,E-B,E,Kamla Balan,B,Jhanjharpur,49.28,50.5,53.11,100
2026-07-30,14:00,F-A,F,Bhuthi Balan,A,Ekma,68.59,69.5,72.1,0
2026-07-30,14:00,G-A,G,Lalbakeya,A,Gowabari,69.35,71.15,73.86,0
2026-07-30,14:00,H-A,H,Ganga,A,Allahabad,74.3,84.73,88.03,0
2026-07-30,14:00,H-B,H,Ganga,B,Varanasi,61.88,71.26,73.9,67
2026-07-30,14:00,H-C,H,Ganga,C,Buxar,52.37,60.32,62.09,50
2026-07-30,14:00,H-D,H,Ganga,D,Digha,47.07,50.45,52.52,50
2026-07-30,14:00,H-E,H,Ganga,E,Gandhi Ghat,46.54,48.6,50.52,25
2026-07-30,14:00,H-F,H,Ganga,F,Hathidah,39.29,41.76,43.52,50
2026-07-30,14:00,H-G,H,Ganga,G,Munger,35.58,39.33,40.99,25
2026-07-30,14:00,H-H,H,Ganga,H,Bhagalpur,30.54,33.68,34.86,25
2026-07-30,14:00,H-I,H,Ganga,I,Kahalgaon,29.22,31.09,32.87,25
2026-07-30,14:00,H-J,H,Ganga,J,Farakka,20.07,22.25,25.14,25
2026-07-30,14:00,I-A,I,Punpun,A,Sripalpur,46.38,50.6,53.91,0
2026-07-30,14:00,J-A,J,Adhwara,A,Sonbarsa,79.02,81.85,83.75,0
2026-07-30,14:00,J-B,J,Adhwara,B,Sundarpur,58.45,61.7,64.1,108
2026-07-30,14:00,J-C,J,Adhwara,C,Pupri,51.15,55.79,56.95,50
2026-07-30,14:00,K-A,K,Khiroi,A,Kamtaul,46.97,50,53.05,0
2026-07-30,14:00,K-B,K,Khiroi,B,Ekmighat,43.65,46.94,49.52,50
2026-07-30,14:00,L-A,L,Mahananda,A,Taibpur,63.5,66,67.26,0
2026-07-30,14:00,L-B,L,Mahananda,B,Dhangaraghat,34.13,35.65,38.2,50
2026-07-30,14:00,M-A,M,Ghaghra,A,Darauli,59.98,60.82,61.82,0
2026-07-30,14:00,M-B,M,Ghaghra,B,Gangpur Siswan,54.73,57.04,58.26,50
2026-07-31,06:00,A-A,A,Gandak,A,Khada,94.82,96,97.5,0
2026-07-31,06:00,A-B,A,Gandak,B,Chatia,66.16,69.15,70.04,25
2026-07-31,06:00,A-C,A,Gandak,C,Dumaria Ghat,62.07,62.22,64.36,25
2026-07-31,06:00,A-D,A,Gandak,D,Rewa Ghat,52.94,54.41,55.46,25
2026-07-31,06:00,A-E,A,Gandak,E,Hajipur,47.1,50.32,50.93,25
2026-07-31,06:00,B-A,B,Kosi,A,Basua,46.88,47.75,49.24,0
2026-07-31,06:00,B-B,B,Kosi,B,Baltara,34.05,33.85,36.4,25
2026-07-31,06:00,B-C,B,Kosi,C,Kursela,28.45,30,32.1,25
2026-07-31,06:00,C-A,C,Bagmati,A,Dheng,69.88,71,73.47,0
2026-07-31,06:00,C-B,C,Bagmati,B,Sonakhan,68.18,68.8,72.05,25
2026-07-31,06:00,C-C,C,Bagmati,C,Dubadhar,59.94,61.28,63.75,50
2026-07-31,06:00,C-D,C,Bagmati,D,Kansar,57.14,59.06,60.86,25
2026-07-31,06:00,C-E,C,Bagmati,E,Kataunjha,53.97,55,58.36,25
2026-07-31,06:00,C-F,C,Bagmati,F,Benibad,49.47,48.68,50.12,28
2026-07-31,06:00,C-G,C,Bagmati,G,Hayaghat,42.98,45.72,48.96,25
2026-07-31,06:00,D-A,D,Burhi Gandak,A,Sikandarpur,47.44,52.53,54.29,0
2026-07-31,06:00,D-B,D,Burhi Gandak,B,Samastipur,41.66,45.73,49.38,33
2026-07-31,06:00,D-C,D,Burhi Gandak,C,Rosara,39.26,42.63,46.56,25
2026-07-31,06:00,D-D,D,Burhi Gandak,D,Khagaria,34.4,36.58,39.22,25
2026-07-31,06:00,E-A,E,Kamla Balan,A,Jainagar,66.85,68.5,71.35,0
2026-07-31,06:00,E-B,E,Kamla Balan,B,Jhanjharpur,49.12,50.5,53.11,100
2026-07-31,06:00,F-A,F,Bhuthi Balan,A,Ekma,68.59,69.5,72.1,0
2026-07-31,06:00,G-A,G,Lalbakeya,A,Gowabari,69.2,71.15,73.86,0
2026-07-31,06:00,H-A,H,Ganga,A,Allahabad,74.2,84.73,88.03,0
2026-07-31,06:00,H-B,H,Ganga,B,Varanasi,61.93,71.26,73.9,67
2026-07-31,06:00,H-C,H,Ganga,C,Buxar,52.6,60.32,62.09,50
2026-07-31,06:00,H-D,H,Ganga,D,Digha,47.11,50.45,52.52,50
2026-07-31,06:00,H-E,H,Ganga,E,Gandhi Ghat,46.54,48.6,50.52,25
2026-07-31,06:00,H-F,H,Ganga,F,Hathidah,39.33,41.76,43.52,50
2026-07-31,06:00,H-G,H,Ganga,G,Munger,35.52,39.33,40.99,25
2026-07-31,06:00,H-H,H,Ganga,H,Bhagalpur,30.48,33.68,34.86,25
2026-07-31,06:00,H-I,H,Ganga,I,Kahalgaon,29.18,31.09,32.87,25
2026-07-31,06:00,H-J,H,Ganga,J,Farakka,20,22.25,25.14,25
2026-07-31,06:00,I-A,I,Punpun,A,Sripalpur,46.52,50.6,53.91,0
2026-07-31,06:00,J-A,J,Adhwara,A,Sonbarsa,79.08,81.85,83.75,0
2026-07-31,06:00,J-B,J,Adhwara,B,Sundarpur,58.45,61.7,64.1,108
2026-07-31,06:00,J-C,J,Adhwara,C,Pupri,51.15,55.79,56.95,50
2026-07-31,06:00,K-A,K,Khiroi,A,Kamtaul,46.89,50,53.05,0
2026-07-31,06:00,K-B,K,Khiroi,B,Ekmighat,43.75,46.94,49.52,50
2026-07-31,06:00,L-A,L,Mahananda,A,Taibpur,63.65,66,67.26,0
2026-07-31,06:00,L-B,L,Mahananda,B,Dhangaraghat,34.12,35.65,38.2,50
2026-07-31,06:00,M-A,M,Ghaghra,A,Darauli,59.89,60.82,61.82,0
2026-07-31,06:00,M-B,M,Ghaghra,B,Gangpur Siswan,54.59,57.04,58.26,50
2026-07-31,14:00,A-A,A,Gandak,A,Khada,94.6,96,97.5,0
2026-07-31,14:00,A-B,A,Gandak,B,Chatia,66.14,69.15,70.04,25
2026-07-31,14:00,A-C,A,Gandak,C,Dumaria Ghat,62.07,62.22,64.36,25
2026-07-31,14:00,A-D,A,Gandak,D,Rewa Ghat,52.94,54.41,55.46,25
2026-07-31,14:00,A-E,A,Gandak,E,Hajipur,47.14,50.32,50.93,25
2026-07-31,14:00,B-A,B,Kosi,A,Basua,46.81,47.75,49.24,0
2026-07-31,14:00,B-B,B,Kosi,B,Baltara,34,33.85,36.4,25
2026-07-31,14:00,B-C,B,Kosi,C,Kursela,28.44,30,32.1,25
2026-07-31,14:00,C-A,C,Bagmati,A,Dheng,69.72,71,73.47,0
2026-07-31,14:00,C-B,C,Bagmati,B,Sonakhan,68,68.8,72.05,25
2026-07-31,14:00,C-C,C,Bagmati,C,Dubadhar,59.9,61.28,63.75,50
2026-07-31,14:00,C-D,C,Bagmati,D,Kansar,57.1,59.06,60.86,25
2026-07-31,14:00,C-E,C,Bagmati,E,Kataunjha,53.95,55,58.36,25
2026-07-31,14:00,C-F,C,Bagmati,F,Benibad,49.25,48.68,50.12,28
2026-07-31,14:00,C-G,C,Bagmati,G,Hayaghat,42.9,45.72,48.96,25
2026-07-31,14:00,D-A,D,Burhi Gandak,A,Sikandarpur,47.36,52.53,54.29,0
2026-07-31,14:00,D-B,D,Burhi Gandak,B,Samastipur,41.58,45.73,49.38,33
2026-07-31,14:00,D-C,D,Burhi Gandak,C,Rosara,39.24,42.63,46.56,25
2026-07-31,14:00,D-D,D,Burhi Gandak,D,Khagaria,34.37,36.58,39.22,25
2026-07-31,14:00,E-A,E,Kamla Balan,A,Jainagar,66.85,68.5,71.35,0
2026-07-31,14:00,E-B,E,Kamla Balan,B,Jhanjharpur,49.1,50.5,53.11,100
2026-07-31,14:00,F-A,F,Bhuthi Balan,A,Ekma,68.59,69.5,72.1,0
2026-07-31,14:00,G-A,G,Lalbakeya,A,Gowabari,69.2,71.15,73.86,0
2026-07-31,14:00,H-A,H,Ganga,A,Allahabad,74.16,84.73,88.03,0
2026-07-31,14:00,H-B,H,Ganga,B,Varanasi,61.93,71.26,73.9,67
2026-07-31,14:00,H-C,H,Ganga,C,Buxar,52.62,60.32,62.09,50
2026-07-31,14:00,H-D,H,Ganga,D,Digha,47.1,50.45,52.52,50
2026-07-31,14:00,H-E,H,Ganga,E,Gandhi Ghat,46.54,48.6,50.52,25
2026-07-31,14:00,H-F,H,Ganga,F,Hathidah,39.33,41.76,43.52,50
2026-07-31,14:00,H-G,H,Ganga,G,Munger,35.51,39.33,40.99,25
2026-07-31,14:00,H-H,H,Ganga,H,Bhagalpur,30.48,33.68,34.86,25
2026-07-31,14:00,H-I,H,Ganga,I,Kahalgaon,29.18,31.09,32.87,25
2026-07-31,14:00,H-J,H,Ganga,J,Farakka,20,22.25,25.14,25
2026-07-31,14:00,I-A,I,Punpun,A,Sripalpur,46.68,50.6,53.91,0
2026-07-31,14:00,J-A,J,Adhwara,A,Sonbarsa,79.19,81.85,83.75,0
2026-07-31,14:00,J-B,J,Adhwara,B,Sundarpur,58.45,61.7,64.1,108
2026-07-31,14:00,J-C,J,Adhwara,C,Pupri,51.15,55.79,56.95,50
2026-07-31,14:00,K-A,K,Khiroi,A,Kamtaul,46.96,50,53.05,0
2026-07-31,14:00,K-B,K,Khiroi,B,Ekmighat,43.57,46.94,49.52,50
2026-07-31,14:00,L-A,L,Mahananda,A,Taibpur,63.67,66,67.26,0
2026-07-31,14:00,L-B,L,Mahananda,B,Dhangaraghat,34.11,35.65,38.2,50
2026-07-31,14:00,M-A,M,Ghaghra,A,Darauli,59.84,60.82,61.82,0
2026-07-31,14:00,M-B,M,Ghaghra,B,Gangpur Siswan,54.46,57.04,58.26,50
2026-08-01,06:00,A-A,A,Gandak,A,Khada,94.69,96,97.5,0
2026-08-01,06:00,A-B,A,Gandak,B,Chatia,66.14,69.15,70.04,25
2026-08-01,06:00,A-C,A,Gandak,C,Dumaria Ghat,62.06,62.22,64.36,25
2026-08-01,06:00,A-D,A,Gandak,D,Rewa Ghat,52.89,54.41,55.46,25
2026-08-01,06:00,A-E,A,Gandak,E,Hajipur,47.14,50.32,50.93,25
2026-08-01,06:00,B-A,B,Kosi,A,Basua,46.85,47.75,49.24,0
2026-08-01,06:00,B-B,B,Kosi,B,Baltara,33.91,33.85,36.4,25
2026-08-01,06:00,B-C,B,Kosi,C,Kursela,28.44,30,32.1,25
2026-08-01,06:00,C-A,C,Bagmati,A,Dheng,69.7,71,73.47,0
2026-08-01,06:00,C-B,C,Bagmati,B,Sonakhan,68.03,68.8,72.05,25
2026-08-01,06:00,C-C,C,Bagmati,C,Dubadhar,59.95,61.28,63.75,50
2026-08-01,06:00,C-D,C,Bagmati,D,Kansar,56.8,59.06,60.86,25
2026-08-01,06:00,C-E,C,Bagmati,E,Kataunjha,53.8,55,58.36,25
2026-08-01,06:00,C-F,C,Bagmati,F,Benibad,48.77,48.68,50.12,28
2026-08-01,06:00,C-G,C,Bagmati,G,Hayaghat,42.66,45.72,48.96,25
2026-08-01,06:00,D-A,D,Burhi Gandak,A,Sikandarpur,47.2,52.53,54.29,0
2026-08-01,06:00,D-B,D,Burhi Gandak,B,Samastipur,41.42,45.73,49.38,33
2026-08-01,06:00,D-C,D,Burhi Gandak,C,Rosara,39.19,42.63,46.56,25
2026-08-01,06:00,D-D,D,Burhi Gandak,D,Khagaria,34.29,36.58,39.22,25
2026-08-01,06:00,E-A,E,Kamla Balan,A,Jainagar,66.85,68.5,71.35,0
2026-08-01,06:00,E-B,E,Kamla Balan,B,Jhanjharpur,49.05,50.5,53.11,100
2026-08-01,06:00,F-A,F,Bhuthi Balan,A,Ekma,68.59,69.5,72.1,0
2026-08-01,06:00,G-A,G,Lalbakeya,A,Gowabari,69,71.15,73.86,0
2026-08-01,06:00,H-A,H,Ganga,A,Allahabad,74.06,84.73,88.03,0
2026-08-01,06:00,H-B,H,Ganga,B,Varanasi,61.92,71.26,73.9,67
2026-08-01,06:00,H-C,H,Ganga,C,Buxar,52.68,60.32,62.09,50
2026-08-01,06:00,H-D,H,Ganga,D,Digha,47.04,50.45,52.52,50
2026-08-01,06:00,H-E,H,Ganga,E,Gandhi Ghat,46.46,48.6,50.52,25
2026-08-01,06:00,H-F,H,Ganga,F,Hathidah,39.35,41.76,43.52,50
2026-08-01,06:00,H-G,H,Ganga,G,Munger,35.51,39.33,40.99,25
2026-08-01,06:00,H-H,H,Ganga,H,Bhagalpur,30.46,33.68,34.86,25
2026-08-01,06:00,H-I,H,Ganga,I,Kahalgaon,29.18,31.09,32.87,25
2026-08-01,06:00,H-J,H,Ganga,J,Farakka,20,22.25,25.14,25
2026-08-01,06:00,I-A,I,Punpun,A,Sripalpur,47,50.6,53.91,0
2026-08-01,06:00,J-A,J,Adhwara,A,Sonbarsa,79.19,81.85,83.75,0
2026-08-01,06:00,J-B,J,Adhwara,B,Sundarpur,58.45,61.7,64.1,108
2026-08-01,06:00,J-C,J,Adhwara,C,Pupri,51.15,55.79,56.95,50
2026-08-01,06:00,K-A,K,Khiroi,A,Kamtaul,47.12,50,53.05,0
2026-08-01,06:00,K-B,K,Khiroi,B,Ekmighat,43.27,46.94,49.52,50
2026-08-01,06:00,L-A,L,Mahananda,A,Taibpur,63.74,66,67.26,0
2026-08-01,06:00,L-B,L,Mahananda,B,Dhangaraghat,34.21,35.65,38.2,50
2026-08-01,06:00,M-A,M,Ghaghra,A,Darauli,59.68,60.82,61.82,0
2026-08-01,06:00,M-B,M,Ghaghra,B,Gangpur Siswan,54.3,57.04,58.26,50
2026-08-01,14:00,A-A,A,Gandak,A,Khada,94.69,96,97.5,0
2026-08-01,14:00,A-B,A,Gandak,B,Chatia,66.14,69.15,70.04,25
2026-08-01,14:00,A-C,A,Gandak,C,Dumaria Ghat,61.98,62.22,64.36,25
2026-08-01,14:00,A-D,A,Gandak,D,Rewa Ghat,52.87,54.41,55.46,25
2026-08-01,14:00,A-E,A,Gandak,E,Hajipur,47.08,50.32,50.93,25
2026-08-01,14:00,B-A,B,Kosi,A,Basua,46.88,47.75,49.24,0
2026-08-01,14:00,B-B,B,Kosi,B,Baltara,33.92,33.85,36.4,25
2026-08-01,14:00,B-C,B,Kosi,C,Kursela,28.4,30,32.1,25
2026-08-01,14:00,C-A,C,Bagmati,A,Dheng,69.71,71,73.47,0
2026-08-01,14:00,C-B,C,Bagmati,B,Sonakhan,68.03,68.8,72.05,25
2026-08-01,14:00,C-C,C,Bagmati,C,Dubadhar,59.85,61.28,63.75,50
2026-08-01,14:00,C-D,C,Bagmati,D,Kansar,56.75,59.06,60.86,25
2026-08-01,14:00,C-E,C,Bagmati,E,Kataunjha,53.78,55,58.36,25
2026-08-01,14:00,C-F,C,Bagmati,F,Benibad,48.53,48.68,50.12,28
2026-08-01,14:00,C-G,C,Bagmati,G,Hayaghat,42.37,45.72,48.96,25
2026-08-01,14:00,D-A,D,Burhi Gandak,A,Sikandarpur,47.12,52.53,54.29,0
2026-08-01,14:00,D-B,D,Burhi Gandak,B,Samastipur,41.34,45.73,49.38,33
2026-08-01,14:00,D-C,D,Burhi Gandak,C,Rosara,39.16,42.63,46.56,25
2026-08-01,14:00,D-D,D,Burhi Gandak,D,Khagaria,34.28,36.58,39.22,25
2026-08-01,14:00,E-A,E,Kamla Balan,A,Jainagar,66.85,68.5,71.35,0
2026-08-01,14:00,E-B,E,Kamla Balan,B,Jhanjharpur,49.05,50.5,53.11,100
2026-08-01,14:00,F-A,F,Bhuthi Balan,A,Ekma,68.59,69.5,72.1,0
2026-08-01,14:00,G-A,G,Lalbakeya,A,Gowabari,69,71.15,73.86,0
2026-08-01,14:00,H-A,H,Ganga,A,Allahabad,74.02,84.73,88.03,0
2026-08-01,14:00,H-B,H,Ganga,B,Varanasi,61.88,71.26,73.9,67
2026-08-01,14:00,H-C,H,Ganga,C,Buxar,52.72,60.32,62.09,50
2026-08-01,14:00,H-D,H,Ganga,D,Digha,47,50.45,52.52,50
2026-08-01,14:00,H-E,H,Ganga,E,Gandhi Ghat,46.43,48.6,50.52,25
2026-08-01,14:00,H-F,H,Ganga,F,Hathidah,39.33,41.76,43.52,50
2026-08-01,14:00,H-G,H,Ganga,G,Munger,35.53,39.33,40.99,25
2026-08-01,14:00,H-H,H,Ganga,H,Bhagalpur,30.45,33.68,34.86,25
2026-08-01,14:00,H-I,H,Ganga,I,Kahalgaon,29.18,31.09,32.87,25
2026-08-01,14:00,H-J,H,Ganga,J,Farakka,19.96,22.25,25.14,25
2026-08-01,14:00,I-A,I,Punpun,A,Sripalpur,46.92,50.6,53.91,0
2026-08-01,14:00,J-A,J,Adhwara,A,Sonbarsa,79.25,81.85,83.75,0
2026-08-01,14:00,J-B,J,Adhwara,B,Sundarpur,58.45,61.7,64.1,108
2026-08-01,14:00,J-C,J,Adhwara,C,Pupri,51.1,55.79,56.95,50
2026-08-01,14:00,K-A,K,Khiroi,A,Kamtaul,47.2,50,53.05,0
2026-08-01,14:00,K-B,K,Khiroi,B,Ekmighat,43.08,46.94,49.52,50
2026-08-01,14:00,L-A,L,Mahananda,A,Taibpur,64.16,66,67.26,0
2026-08-01,14:00,L-B,L,Mahananda,B,Dhangaraghat,34.21,35.65,38.2,50
2026-08-01,14:00,M-A,M,Ghaghra,A,Darauli,59.68,60.82,61.82,0
2026-08-01,14:00,M-B,M,Ghaghra,B,Gangpur Siswan,54.32,57.04,58.26,50
2026-08-02,06:00,A-A,A,Gandak,A,Khada,94.81,96,97.5,0
2026-08-02,06:00,A-B,A,Gandak,B,Chatia,66.13,69.15,70.04,25
2026-08-02,06:00,A-C,A,Gandak,C,Dumaria Ghat,61.98,62.22,64.36,25
2026-08-02,06:00,A-D,A,Gandak,D,Rewa Ghat,52.76,54.41,55.46,25
2026-08-02,06:00,A-E,A,Gandak,E,Hajipur,47.06,50.32,50.93,25
2026-08-02,06:00,B-A,B,Kosi,A,Basua,46.7,47.75,49.24,0
2026-08-02,06:00,B-B,B,Kosi,B,Baltara,34.02,33.85,36.4,25
2026-08-02,06:00,B-C,B,Kosi,C,Kursela,28.39,30,32.1,25
2026-08-02,06:00,C-A,C,Bagmati,A,Dheng,69.9,71,73.47,0
2026-08-02,06:00,C-B,C,Bagmati,B,Sonakhan,68.03,68.8,72.05,25
2026-08-02,06:00,C-C,C,Bagmati,C,Dubadhar,59.83,61.28,63.75,50
2026-08-02,06:00,C-D,C,Bagmati,D,Kansar,56.8,59.06,60.86,25
2026-08-02,06:00,C-E,C,Bagmati,E,Kataunjha,53.7,55,58.36,25
2026-08-02,06:00,C-F,C,Bagmati,F,Benibad,48.31,48.68,50.12,28
2026-08-02,06:00,C-G,C,Bagmati,G,Hayaghat,41.88,45.72,48.96,25
2026-08-02,06:00,D-A,D,Burhi Gandak,A,Sikandarpur,47.04,52.53,54.29,0
2026-08-02,06:00,D-B,D,Burhi Gandak,B,Samastipur,41.22,45.73,49.38,33
2026-08-02,06:00,D-C,D,Burhi Gandak,C,Rosara,39.13,42.63,46.56,25
2026-08-02,06:00,D-D,D,Burhi Gandak,D,Khagaria,34.27,36.58,39.22,25
2026-08-02,06:00,E-A,E,Kamla Balan,A,Jainagar,66.85,68.5,71.35,0
2026-08-02,06:00,E-B,E,Kamla Balan,B,Jhanjharpur,48.85,50.5,53.11,100
2026-08-02,06:00,F-A,F,Bhuthi Balan,A,Ekma,68.59,69.5,72.1,0
2026-08-02,06:00,G-A,G,Lalbakeya,A,Gowabari,68.9,71.15,73.86,0
2026-08-02,06:00,H-A,H,Ganga,A,Allahabad,73.89,84.73,88.03,0
2026-08-02,06:00,H-B,H,Ganga,B,Varanasi,61.79,71.26,73.9,67
2026-08-02,06:00,H-C,H,Ganga,C,Buxar,52.74,60.32,62.09,50
2026-08-02,06:00,H-D,H,Ganga,D,Digha,46.92,50.45,52.52,50
2026-08-02,06:00,H-E,H,Ganga,E,Gandhi Ghat,46.36,48.6,50.52,25
2026-08-02,06:00,H-F,H,Ganga,F,Hathidah,39.27,41.76,43.52,50
2026-08-02,06:00,H-G,H,Ganga,G,Munger,35.57,39.33,40.99,25
2026-08-02,06:00,H-H,H,Ganga,H,Bhagalpur,30.44,33.68,34.86,25
2026-08-02,06:00,H-I,H,Ganga,I,Kahalgaon,29.18,31.09,32.87,25
2026-08-02,06:00,H-J,H,Ganga,J,Farakka,19.89,22.25,25.14,25
2026-08-02,06:00,I-A,I,Punpun,A,Sripalpur,46.7,50.6,53.91,0
2026-08-02,06:00,J-A,J,Adhwara,A,Sonbarsa,79.4,81.85,83.75,0
2026-08-02,06:00,J-B,J,Adhwara,B,Sundarpur,58.45,61.7,64.1,108
2026-08-02,06:00,J-C,J,Adhwara,C,Pupri,51.1,55.79,56.95,50
2026-08-02,06:00,K-A,K,Khiroi,A,Kamtaul,47.29,50,53.05,0
2026-08-02,06:00,K-B,K,Khiroi,B,Ekmighat,42.72,46.94,49.52,50
2026-08-02,06:00,L-A,L,Mahananda,A,Taibpur,64.22,66,67.26,0
2026-08-02,06:00,L-B,L,Mahananda,B,Dhangaraghat,34.27,35.65,38.2,50
2026-08-02,06:00,M-A,M,Ghaghra,A,Darauli,59.66,60.82,61.82,0
2026-08-02,06:00,M-B,M,Ghaghra,B,Gangpur Siswan,54.28,57.04,58.26,50
2026-08-02,14:00,A-A,A,Gandak,A,Khada,94.96,96,97.5,0
2026-08-02,14:00,A-B,A,Gandak,B,Chatia,66.12,69.15,70.04,25
2026-08-02,14:00,A-C,A,Gandak,C,Dumaria Ghat,62.1,62.22,64.36,25
2026-08-02,14:00,A-D,A,Gandak,D,Rewa Ghat,52.76,54.41,55.46,25
2026-08-02,14:00,A-E,A,Gandak,E,Hajipur,47.04,50.32,50.93,25
2026-08-02,14:00,B-A,B,Kosi,A,Basua,46.74,47.75,49.24,0
2026-08-02,14:00,B-B,B,Kosi,B,Baltara,33.99,33.85,36.4,25
2026-08-02,14:00,B-C,B,Kosi,C,Kursela,28.43,30,32.1,25
2026-08-02,14:00,C-A,C,Bagmati,A,Dheng,70,71,73.47,0
2026-08-02,14:00,C-B,C,Bagmati,B,Sonakhan,68.13,68.8,72.05,25
2026-08-02,14:00,C-C,C,Bagmati,C,Dubadhar,59.88,61.28,63.75,50
2026-08-02,14:00,C-D,C,Bagmati,D,Kansar,56.8,59.06,60.86,25
2026-08-02,14:00,C-E,C,Bagmati,E,Kataunjha,53.78,55,58.36,25
2026-08-02,14:00,C-F,C,Bagmati,F,Benibad,48.23,48.68,50.12,28
2026-08-02,14:00,C-G,C,Bagmati,G,Hayaghat,41.64,45.72,48.96,25
2026-08-02,14:00,D-A,D,Burhi Gandak,A,Sikandarpur,47.01,52.53,54.29,0
2026-08-02,14:00,D-B,D,Burhi Gandak,B,Samastipur,41.18,45.73,49.38,33
2026-08-02,14:00,D-C,D,Burhi Gandak,C,Rosara,39.12,42.63,46.56,25
2026-08-02,14:00,D-D,D,Burhi Gandak,D,Khagaria,34.21,36.58,39.22,25
2026-08-02,14:00,E-A,E,Kamla Balan,A,Jainagar,67.2,68.5,71.35,0
2026-08-02,14:00,E-B,E,Kamla Balan,B,Jhanjharpur,48.85,50.5,53.11,100
2026-08-02,14:00,F-A,F,Bhuthi Balan,A,Ekma,68.59,69.5,72.1,0
2026-08-02,14:00,G-A,G,Lalbakeya,A,Gowabari,69.3,71.15,73.86,0
2026-08-02,14:00,H-A,H,Ganga,A,Allahabad,73.9,84.73,88.03,0
2026-08-02,14:00,H-B,H,Ganga,B,Varanasi,61.75,71.26,73.9,67
2026-08-02,14:00,H-C,H,Ganga,C,Buxar,52.74,60.32,62.09,50
2026-08-02,14:00,H-D,H,Ganga,D,Digha,46.88,50.45,52.52,50
2026-08-02,14:00,H-E,H,Ganga,E,Gandhi Ghat,46.35,48.6,50.52,25
2026-08-02,14:00,H-F,H,Ganga,F,Hathidah,39.23,41.76,43.52,50
2026-08-02,14:00,H-G,H,Ganga,G,Munger,35.58,39.33,40.99,25
2026-08-02,14:00,H-H,H,Ganga,H,Bhagalpur,30.43,33.68,34.86,25
2026-08-02,14:00,H-I,H,Ganga,I,Kahalgaon,29.17,31.09,32.87,25
2026-08-02,14:00,H-J,H,Ganga,J,Farakka,19.86,22.25,25.14,25
2026-08-02,14:00,I-A,I,Punpun,A,Sripalpur,46.62,50.6,53.91,0
2026-08-02,14:00,J-A,J,Adhwara,A,Sonbarsa,78.78,81.85,83.75,0
2026-08-02,14:00,J-B,J,Adhwara,B,Sundarpur,58.45,61.7,64.1,108
2026-08-02,14:00,J-C,J,Adhwara,C,Pupri,51.1,55.79,56.95,50
2026-08-02,14:00,K-A,K,Khiroi,A,Kamtaul,47.33,50,53.05,0
2026-08-02,14:00,K-B,K,Khiroi,B,Ekmighat,42.6,46.94,49.52,50
2026-08-02,14:00,L-A,L,Mahananda,A,Taibpur,64.23,66,67.26,0
2026-08-02,14:00,L-B,L,Mahananda,B,Dhangaraghat,34.37,35.65,38.2,50
2026-08-02,14:00,M-A,M,Ghaghra,A,Darauli,59.7,60.82,61.82,0
2026-08-02,14:00,M-B,M,Ghaghra,B,Gangpur Siswan,54.31,57.04,58.26,50
2026-08-03,06:00,A-A,A,Gandak,A,Khada,94.99,96,97.5,0
2026-08-03,06:00,A-B,A,Gandak,B,Chatia,66.12,69.15,70.04,25
2026-08-03,06:00,A-C,A,Gandak,C,Dumaria Ghat,62.15,62.22,64.36,25
2026-08-03,06:00,A-D,A,Gandak,D,Rewa Ghat,52.87,54.41,55.46,25
2026-08-03,06:00,A-E,A,Gandak,E,Hajipur,47.09,50.32,50.93,25
2026-08-03,06:00,B-A,B,Kosi,A,Basua,46.9,47.75,49.24,0
2026-08-03,06:00,B-B,B,Kosi,B,Baltara,34.08,33.85,36.4,25
2026-08-03,06:00,B-C,B,Kosi,C,Kursela,28.43,30,32.1,25
2026-08-03,06:00,C-A,C,Bagmati,A,Dheng,70.05,71,73.47,0
2026-08-03,06:00,C-B,C,Bagmati,B,Sonakhan,68.1,68.8,72.05,25
2026-08-03,06:00,C-C,C,Bagmati,C,Dubadhar,60.16,61.28,63.75,50
2026-08-03,06:00,C-D,C,Bagmati,D,Kansar,57,59.06,60.86,25
2026-08-03,06:00,C-E,C,Bagmati,E,Kataunjha,53.9,55,58.36,25
2026-08-03,06:00,C-F,C,Bagmati,F,Benibad,48.38,48.68,50.12,28
2026-08-03,06:00,C-G,C,Bagmati,G,Hayaghat,41.32,45.72,48.96,25
2026-08-03,06:00,D-A,D,Burhi Gandak,A,Sikandarpur,46.85,52.53,54.29,0
2026-08-03,06:00,D-B,D,Burhi Gandak,B,Samastipur,41.1,45.73,49.38,33
2026-08-03,06:00,D-C,D,Burhi Gandak,C,Rosara,39.08,42.63,46.56,25
2026-08-03,06:00,D-D,D,Burhi Gandak,D,Khagaria,34.07,36.58,39.22,25
2026-08-03,06:00,E-A,E,Kamla Balan,A,Jainagar,67.05,68.5,71.35,0
2026-08-03,06:00,E-B,E,Kamla Balan,B,Jhanjharpur,49.3,50.5,53.11,100
2026-08-03,06:00,F-A,F,Bhuthi Balan,A,Ekma,68.59,69.5,72.1,0
2026-08-03,06:00,G-A,G,Lalbakeya,A,Gowabari,69.4,71.15,73.86,0
2026-08-03,06:00,H-A,H,Ganga,A,Allahabad,74.3,84.73,88.03,0
2026-08-03,06:00,H-B,H,Ganga,B,Varanasi,61.7,71.26,73.9,67
2026-08-03,06:00,H-C,H,Ganga,C,Buxar,52.71,60.32,62.09,50
2026-08-03,06:00,H-D,H,Ganga,D,Digha,46.88,50.45,52.52,50
2026-08-03,06:00,H-E,H,Ganga,E,Gandhi Ghat,46.37,48.6,50.52,25
2026-08-03,06:00,H-F,H,Ganga,F,Hathidah,39.19,41.76,43.52,50
2026-08-03,06:00,H-G,H,Ganga,G,Munger,35.54,39.33,40.99,25
2026-08-03,06:00,H-H,H,Ganga,H,Bhagalpur,30.41,33.68,34.86,25
2026-08-03,06:00,H-I,H,Ganga,I,Kahalgaon,29.17,31.09,32.87,25
2026-08-03,06:00,H-J,H,Ganga,J,Farakka,19.87,22.25,25.14,25
2026-08-03,06:00,I-A,I,Punpun,A,Sripalpur,46.61,50.6,53.91,0
2026-08-03,06:00,J-A,J,Adhwara,A,Sonbarsa,78.75,81.85,83.75,0
2026-08-03,06:00,J-B,J,Adhwara,B,Sundarpur,58.45,61.7,64.1,108
2026-08-03,06:00,J-C,J,Adhwara,C,Pupri,51.15,55.79,56.95,50
2026-08-03,06:00,K-A,K,Khiroi,A,Kamtaul,47.33,50,53.05,0
2026-08-03,06:00,K-B,K,Khiroi,B,Ekmighat,42.44,46.94,49.52,50
2026-08-03,06:00,L-A,L,Mahananda,A,Taibpur,64.1,66,67.26,0
2026-08-03,06:00,L-B,L,Mahananda,B,Dhangaraghat,34.54,35.65,38.2,50
2026-08-03,06:00,M-A,M,Ghaghra,A,Darauli,59.73,60.82,61.82,0
2026-08-03,06:00,M-B,M,Ghaghra,B,Gangpur Siswan,54.42,57.04,58.26,50
2026-08-03,14:00,A-A,A,Gandak,A,Khada,94.91,96,97.5,0
2026-08-03,14:00,A-B,A,Gandak,B,Chatia,66.11,69.15,70.04,25
2026-08-03,14:00,A-C,A,Gandak,C,Dumaria Ghat,62.35,62.22,64.36,25
2026-08-03,14:00,A-D,A,Gandak,D,Rewa Ghat,52.99,54.41,55.46,25
2026-08-03,14:00,A-E,A,Gandak,E,Hajipur,47.11,50.32,50.93,25
2026-08-03,14:00,B-A,B,Kosi,A,Basua,46.95,47.75,49.24,0
2026-08-03,14:00,B-B,B,Kosi,B,Baltara,34.07,33.85,36.4,25
2026-08-03,14:00,B-C,B,Kosi,C,Kursela,28.44,30,32.1,25
2026-08-03,14:00,C-A,C,Bagmati,A,Dheng,70.14,71,73.47,0
2026-08-03,14:00,C-B,C,Bagmati,B,Sonakhan,68.38,68.8,72.05,25
2026-08-03,14:00,C-C,C,Bagmati,C,Dubadhar,60.07,61.28,63.75,50
2026-08-03,14:00,C-D,C,Bagmati,D,Kansar,57.3,59.06,60.86,25
2026-08-03,14:00,C-E,C,Bagmati,E,Kataunjha,53.9,55,58.36,25
2026-08-03,14:00,C-F,C,Bagmati,F,Benibad,48.38,48.68,50.12,28
2026-08-03,14:00,C-G,C,Bagmati,G,Hayaghat,41.22,45.72,48.96,25
2026-08-03,14:00,D-A,D,Burhi Gandak,A,Sikandarpur,46.8,52.53,54.29,0
2026-08-03,14:00,D-B,D,Burhi Gandak,B,Samastipur,41.06,45.73,49.38,33
2026-08-03,14:00,D-C,D,Burhi Gandak,C,Rosara,39.05,42.63,46.56,25
2026-08-03,14:00,D-D,D,Burhi Gandak,D,Khagaria,34.06,36.58,39.22,25
2026-08-03,14:00,E-A,E,Kamla Balan,A,Jainagar,67.05,68.5,71.35,0
2026-08-03,14:00,E-B,E,Kamla Balan,B,Jhanjharpur,49.35,50.5,53.11,100
2026-08-03,14:00,F-A,F,Bhuthi Balan,A,Ekma,68.59,69.5,72.1,0
2026-08-03,14:00,G-A,G,Lalbakeya,A,Gowabari,69.6,71.15,73.86,0
2026-08-03,14:00,H-A,H,Ganga,A,Allahabad,74.37,84.73,88.03,0
2026-08-03,14:00,H-B,H,Ganga,B,Varanasi,61.7,71.26,73.9,67
2026-08-03,14:00,H-C,H,Ganga,C,Buxar,52.63,60.32,62.09,50
2026-08-03,14:00,H-D,H,Ganga,D,Digha,46.9,50.45,52.52,50
2026-08-03,14:00,H-E,H,Ganga,E,Gandhi Ghat,46.41,48.6,50.52,25
2026-08-03,14:00,H-F,H,Ganga,F,Hathidah,39.2,41.76,43.52,50
2026-08-03,14:00,H-G,H,Ganga,G,Munger,35.52,39.33,40.99,25
2026-08-03,14:00,H-H,H,Ganga,H,Bhagalpur,30.37,33.68,34.86,25
2026-08-03,14:00,H-I,H,Ganga,I,Kahalgaon,29.17,31.09,32.87,25
2026-08-03,14:00,H-J,H,Ganga,J,Farakka,19.91,22.25,25.14,25
2026-08-03,14:00,I-A,I,Punpun,A,Sripalpur,46.77,50.6,53.91,0
2026-08-03,14:00,J-A,J,Adhwara,A,Sonbarsa,79.75,81.85,83.75,0
2026-08-03,14:00,J-B,J,Adhwara,B,Sundarpur,58.45,61.7,64.1,108
2026-08-03,14:00,J-C,J,Adhwara,C,Pupri,51.2,55.79,56.95,50
2026-08-03,14:00,K-A,K,Khiroi,A,Kamtaul,47.3,50,53.05,0
2026-08-03,14:00,K-B,K,Khiroi,B,Ekmighat,42.38,46.94,49.52,50
2026-08-03,14:00,L-A,L,Mahananda,A,Taibpur,63.93,66,67.26,0
2026-08-03,14:00,L-B,L,Mahananda,B,Dhangaraghat,34.6,35.65,38.2,50
2026-08-03,14:00,M-A,M,Ghaghra,A,Darauli,59.83,60.82,61.82,0
2026-08-03,14:00,M-B,M,Ghaghra,B,Gangpur Siswan,54.47,57.04,58.26,50
2026-08-04,06:00,A-A,A,Gandak,A,Khada,95.3,96,97.5,0
2026-08-04,06:00,A-B,A,Gandak,B,Chatia,66.19,69.15,70.04,25
2026-08-04,06:00,A-C,A,Gandak,C,Dumaria Ghat,62.5,62.22,64.36,25
2026-08-04,06:00,A-D,A,Gandak,D,Rewa Ghat,53.11,54.41,55.46,25
2026-08-04,06:00,A-E,A,Gandak,E,Hajipur,47.17,50.32,50.93,25
2026-08-04,06:00,B-A,B,Kosi,A,Basua,46.75,47.75,49.24,0
2026-08-04,06:00,B-B,B,Kosi,B,Baltara,34.27,33.85,36.4,25
2026-08-04,06:00,B-C,B,Kosi,C,Kursela,28.4,30,32.1,25
2026-08-04,06:00,C-A,C,Bagmati,A,Dheng,70.6,71,73.47,0
2026-08-04,06:00,C-B,C,Bagmati,B,Sonakhan,69,68.8,72.05,25
2026-08-04,06:00,C-C,C,Bagmati,C,Dubadhar,61.1,61.28,63.75,50
2026-08-04,06:00,C-D,C,Bagmati,D,Kansar,58.8,59.06,60.86,25
2026-08-04,06:00,C-E,C,Bagmati,E,Kataunjha,54.65,55,58.36,25
2026-08-04,06:00,C-F,C,Bagmati,F,Benibad,48.92,48.68,50.12,28
2026-08-04,06:00,C-G,C,Bagmati,G,Hayaghat,41.2,45.72,48.96,25
2026-08-04,06:00,D-A,D,Burhi Gandak,A,Sikandarpur,46.88,52.53,54.29,0
2026-08-04,06:00,D-B,D,Burhi Gandak,B,Samastipur,40.95,45.73,49.38,33
2026-08-04,06:00,D-C,D,Burhi Gandak,C,Rosara,38.97,42.63,46.56,25
2026-08-04,06:00,D-D,D,Burhi Gandak,D,Khagaria,34.06,36.58,39.22,25
2026-08-04,06:00,E-A,E,Kamla Balan,A,Jainagar,67.2,68.5,71.35,0
2026-08-04,06:00,E-B,E,Kamla Balan,B,Jhanjharpur,49.25,50.5,53.11,100
2026-08-04,06:00,F-A,F,Bhuthi Balan,A,Ekma,68.74,69.5,72.1,0
2026-08-04,06:00,G-A,G,Lalbakeya,A,Gowabari,71.5,71.15,73.86,0
2026-08-04,06:00,H-A,H,Ganga,A,Allahabad,74.44,84.73,88.03,0
2026-08-04,06:00,H-B,H,Ganga,B,Varanasi,61.81,71.26,73.9,67
2026-08-04,06:00,H-C,H,Ganga,C,Buxar,52.57,60.32,62.09,50
2026-08-04,06:00,H-D,H,Ganga,D,Digha,46.98,50.45,52.52,50
2026-08-04,06:00,H-E,H,Ganga,E,Gandhi Ghat,46.51,48.6,50.52,25
2026-08-04,06:00,H-F,H,Ganga,F,Hathidah,39.28,41.76,43.52,50
2026-08-04,06:00,H-G,H,Ganga,G,Munger,35.47,39.33,40.99,25
2026-08-04,06:00,H-H,H,Ganga,H,Bhagalpur,30.33,33.68,34.86,25
2026-08-04,06:00,H-I,H,Ganga,I,Kahalgaon,29.16,31.09,32.87,25
2026-08-04,06:00,H-J,H,Ganga,J,Farakka,19.92,22.25,25.14,25
2026-08-04,06:00,I-A,I,Punpun,A,Sripalpur,46.9,50.6,53.91,0
2026-08-04,06:00,J-A,J,Adhwara,A,Sonbarsa,79.7,81.85,83.75,0
2026-08-04,06:00,J-B,J,Adhwara,B,Sundarpur,58.45,61.7,64.1,108
2026-08-04,06:00,J-C,J,Adhwara,C,Pupri,51.2,55.79,56.95,50
2026-08-04,06:00,K-A,K,Khiroi,A,Kamtaul,47.22,50,53.05,0
2026-08-04,06:00,K-B,K,Khiroi,B,Ekmighat,42.56,46.94,49.52,50
2026-08-04,06:00,L-A,L,Mahananda,A,Taibpur,64.03,66,67.26,0
2026-08-04,06:00,L-B,L,Mahananda,B,Dhangaraghat,34.57,35.65,38.2,50
2026-08-04,06:00,M-A,M,Ghaghra,A,Darauli,59.89,60.82,61.82,0
2026-08-04,06:00,M-B,M,Ghaghra,B,Gangpur Siswan,54.58,57.04,58.26,50
2026-08-04,14:00,A-A,A,Gandak,A,Khada,95.13,96,97.5,0
2026-08-04,14:00,A-B,A,Gandak,B,Chatia,66.39,69.15,70.04,25
2026-08-04,14:00,A-C,A,Gandak,C,Dumaria Ghat,62.57,62.22,64.36,25
2026-08-04,14:00,A-D,A,Gandak,D,Rewa Ghat,53.27,54.41,55.46,25
2026-08-04,14:00,A-E,A,Gandak,E,Hajipur,47.19,50.32,50.93,25
2026-08-04,14:00,B-A,B,Kosi,A,Basua,46.87,47.75,49.24,0
2026-08-04,14:00,B-B,B,Kosi,B,Baltara,34.35,33.85,36.4,25
2026-08-04,14:00,B-C,B,Kosi,C,Kursela,28.44,30,32.1,25
2026-08-04,14:00,C-A,C,Bagmati,A,Dheng,70.58,71,73.47,0
2026-08-04,14:00,C-B,C,Bagmati,B,Sonakhan,68.53,68.8,72.05,25
2026-08-04,14:00,C-C,C,Bagmati,C,Dubadhar,60.79,61.28,63.75,50
2026-08-04,14:00,C-D,C,Bagmati,D,Kansar,58.68,59.06,60.86,25
2026-08-04,14:00,C-E,C,Bagmati,E,Kataunjha,55.8,55,58.36,25
2026-08-04,14:00,C-F,C,Bagmati,F,Benibad,49.74,48.68,50.12,28
2026-08-04,14:00,C-G,C,Bagmati,G,Hayaghat,41.34,45.72,48.96,25
2026-08-04,14:00,D-A,D,Burhi Gandak,A,Sikandarpur,46.96,52.53,54.29,0
2026-08-04,14:00,D-B,D,Burhi Gandak,B,Samastipur,40.91,45.73,49.38,33
2026-08-04,14:00,D-C,D,Burhi Gandak,C,Rosara,38.93,42.63,46.56,25
2026-08-04,14:00,D-D,D,Burhi Gandak,D,Khagaria,34.06,36.58,39.22,25
2026-08-04,14:00,E-A,E,Kamla Balan,A,Jainagar,67.2,68.5,71.35,0
2026-08-04,14:00,E-B,E,Kamla Balan,B,Jhanjharpur,49.36,50.5,53.11,100
2026-08-04,14:00,F-A,F,Bhuthi Balan,A,Ekma,68.74,69.5,72.1,0
2026-08-04,14:00,G-A,G,Lalbakeya,A,Gowabari,71,71.15,73.86,0
2026-08-04,14:00,H-A,H,Ganga,A,Allahabad,74.51,84.73,88.03,0
2026-08-04,14:00,H-B,H,Ganga,B,Varanasi,61.94,71.26,73.9,67
2026-08-04,14:00,H-C,H,Ganga,C,Buxar,52.55,60.32,62.09,50
2026-08-04,14:00,H-D,H,Ganga,D,Digha,47.04,50.45,52.52,50
2026-08-04,14:00,H-E,H,Ganga,E,Gandhi Ghat,46.54,48.6,50.52,25
2026-08-04,14:00,H-F,H,Ganga,F,Hathidah,39.32,41.76,43.52,50
2026-08-04,14:00,H-G,H,Ganga,G,Munger,35.48,39.33,40.99,25
2026-08-04,14:00,H-H,H,Ganga,H,Bhagalpur,30.34,33.68,34.86,25
2026-08-04,14:00,H-I,H,Ganga,I,Kahalgaon,29.2,31.09,32.87,25
2026-08-04,14:00,H-J,H,Ganga,J,Farakka,19.92,22.25,25.14,25
2026-08-04,14:00,I-A,I,Punpun,A,Sripalpur,46.88,50.6,53.91,0
2026-08-04,14:00,J-A,J,Adhwara,A,Sonbarsa,79.15,81.85,83.75,0
2026-08-04,14:00,J-B,J,Adhwara,B,Sundarpur,58.45,61.7,64.1,108
2026-08-04,14:00,J-C,J,Adhwara,C,Pupri,51.22,55.79,56.95,50
2026-08-04,14:00,K-A,K,Khiroi,A,Kamtaul,47.18,50,53.05,0
2026-08-04,14:00,K-B,K,Khiroi,B,Ekmighat,42.84,46.94,49.52,50
2026-08-04,14:00,L-A,L,Mahananda,A,Taibpur,64.97,66,67.26,0
2026-08-04,14:00,L-B,L,Mahananda,B,Dhangaraghat,34.58,35.65,38.2,50
2026-08-04,14:00,M-A,M,Ghaghra,A,Darauli,59.94,60.82,61.82,0
2026-08-04,14:00,M-B,M,Ghaghra,B,Gangpur Siswan,54.64,57.04,58.26,50
2026-08-05,06:00,A-A,A,Gandak,A,Khada,94.94,96,97.5,0
2026-08-05,06:00,A-B,A,Gandak,B,Chatia,66.57,69.15,70.04,25
2026-08-05,06:00,A-C,A,Gandak,C,Dumaria Ghat,62.7,62.22,64.36,25
2026-08-05,06:00,A-D,A,Gandak,D,Rewa Ghat,53.39,54.41,55.46,25
2026-08-05,06:00,A-E,A,Gandak,E,Hajipur,47.21,50.32,50.93,25
2026-08-05,06:00,B-A,B,Kosi,A,Basua,46.96,47.75,49.24,0
2026-08-05,06:00,B-B,B,Kosi,B,Baltara,34.57,33.85,36.4,25
2026-08-05,06:00,B-C,B,Kosi,C,Kursela,28.55,30,32.1,25
2026-08-05,06:00,C-A,C,Bagmati,A,Dheng,70.4,71,73.47,0
2026-08-05,06:00,C-B,C,Bagmati,B,Sonakhan,68.38,68.8,72.05,25
2026-08-05,06:00,C-C,C,Bagmati,C,Dubadhar,60.48,61.28,63.75,50
2026-08-05,06:00,C-D,C,Bagmati,D,Kansar,58.2,59.06,60.86,25
2026-08-05,06:00,C-E,C,Bagmati,E,Kataunjha,55.5,55,58.36,25
2026-08-05,06:00,C-F,C,Bagmati,F,Benibad,49.74,48.68,50.12,28
2026-08-05,06:00,C-G,C,Bagmati,G,Hayaghat,42.48,45.72,48.96,25
2026-08-05,06:00,D-A,D,Burhi Gandak,A,Sikandarpur,47.36,52.53,54.29,0
2026-08-05,06:00,D-B,D,Burhi Gandak,B,Samastipur,40.86,45.73,49.38,33
2026-08-05,06:00,D-C,D,Burhi Gandak,C,Rosara,38.79,42.63,46.56,25
2026-08-05,06:00,D-D,D,Burhi Gandak,D,Khagaria,34.05,36.58,39.22,25
2026-08-05,06:00,E-A,E,Kamla Balan,A,Jainagar,67.1,68.5,71.35,0
2026-08-05,06:00,E-B,E,Kamla Balan,B,Jhanjharpur,49.5,50.5,53.11,100
2026-08-05,06:00,F-A,F,Bhuthi Balan,A,Ekma,68.59,69.5,72.1,0
2026-08-05,06:00,G-A,G,Lalbakeya,A,Gowabari,70.5,71.15,73.86,0
2026-08-05,06:00,H-A,H,Ganga,A,Allahabad,74.57,84.73,88.03,0
2026-08-05,06:00,H-B,H,Ganga,B,Varanasi,61.96,71.26,73.9,67
2026-08-05,06:00,H-C,H,Ganga,C,Buxar,52.65,60.32,62.09,50
2026-08-05,06:00,H-D,H,Ganga,D,Digha,47.51,50.45,52.52,50
2026-08-05,06:00,H-E,H,Ganga,E,Gandhi Ghat,46.64,48.6,50.52,25
2026-08-05,06:00,H-F,H,Ganga,F,Hathidah,39.41,41.76,43.52,50
2026-08-05,06:00,H-G,H,Ganga,G,Munger,35.55,39.33,40.99,25
2026-08-05,06:00,H-H,H,Ganga,H,Bhagalpur,30.37,33.68,34.86,25
2026-08-05,06:00,H-I,H,Ganga,I,Kahalgaon,29.24,31.09,32.87,25
2026-08-05,06:00,H-J,H,Ganga,J,Farakka,19.92,22.25,25.14,25
2026-08-05,06:00,I-A,I,Punpun,A,Sripalpur,46.74,50.6,53.91,0
2026-08-05,06:00,J-A,J,Adhwara,A,Sonbarsa,78.98,81.85,83.75,0
2026-08-05,06:00,J-B,J,Adhwara,B,Sundarpur,58.45,61.7,64.1,108
2026-08-05,06:00,J-C,J,Adhwara,C,Pupri,51.35,55.79,56.95,50
2026-08-05,06:00,K-A,K,Khiroi,A,Kamtaul,47.1,50,53.05,0
2026-08-05,06:00,K-B,K,Khiroi,B,Ekmighat,43.58,46.94,49.52,50
2026-08-05,06:00,L-A,L,Mahananda,A,Taibpur,64.75,66,67.26,0
2026-08-05,06:00,L-B,L,Mahananda,B,Dhangaraghat,35.24,35.65,38.2,50
2026-08-05,06:00,M-A,M,Ghaghra,A,Darauli,60.01,60.82,61.82,0
2026-08-05,06:00,M-B,M,Ghaghra,B,Gangpur Siswan,54.72,57.04,58.26,50
2026-08-05,14:00,A-A,A,Gandak,A,Khada,95.08,96,97.5,0
2026-08-05,14:00,A-B,A,Gandak,B,Chatia,66.65,69.15,70.04,25
2026-08-05,14:00,A-C,A,Gandak,C,Dumaria Ghat,62.74,62.22,64.36,25
2026-08-05,14:00,A-D,A,Gandak,D,Rewa Ghat,53.52,54.41,55.46,25
2026-08-05,14:00,A-E,A,Gandak,E,Hajipur,47.26,50.32,50.93,25
2026-08-05,14:00,B-A,B,Kosi,A,Basua,46.99,47.75,49.24,0
2026-08-05,14:00,B-B,B,Kosi,B,Baltara,34.7,33.85,36.4,25
2026-08-05,14:00,B-C,B,Kosi,C,Kursela,28.59,30,32.1,25
2026-08-05,14:00,C-A,C,Bagmati,A,Dheng,70.73,71,73.47,0
2026-08-05,14:00,C-B,C,Bagmati,B,Sonakhan,68.73,68.8,72.05,25
2026-08-05,14:00,C-C,C,Bagmati,C,Dubadhar,60.56,61.28,63.75,50
2026-08-05,14:00,C-D,C,Bagmati,D,Kansar,58,59.06,60.86,25
2026-08-05,14:00,C-E,C,Bagmati,E,Kataunjha,55.25,55,58.36,25
2026-08-05,14:00,C-F,C,Bagmati,F,Benibad,49.74,48.68,50.12,28
2026-08-05,14:00,C-G,C,Bagmati,G,Hayaghat,42.99,45.72,48.96,25
2026-08-05,14:00,D-A,D,Burhi Gandak,A,Sikandarpur,48,52.53,54.29,0
2026-08-05,14:00,D-B,D,Burhi Gandak,B,Samastipur,40.95,45.73,49.38,33
2026-08-05,14:00,D-C,D,Burhi Gandak,C,Rosara,38.72,42.63,46.56,25
2026-08-05,14:00,D-D,D,Burhi Gandak,D,Khagaria,34.2,36.58,39.22,25
2026-08-05,14:00,E-A,E,Kamla Balan,A,Jainagar,67.1,68.5,71.35,0
2026-08-05,14:00,E-B,E,Kamla Balan,B,Jhanjharpur,49.46,50.5,53.11,100
2026-08-05,14:00,F-A,F,Bhuthi Balan,A,Ekma,68.59,69.5,72.1,0
2026-08-05,14:00,G-A,G,Lalbakeya,A,Gowabari,70.65,71.15,73.86,0
2026-08-05,14:00,H-A,H,Ganga,A,Allahabad,74.69,84.73,88.03,0
2026-08-05,14:00,H-B,H,Ganga,B,Varanasi,62,71.26,73.9,67
2026-08-05,14:00,H-C,H,Ganga,C,Buxar,52.73,60.32,62.09,50
2026-08-05,14:00,H-D,H,Ganga,D,Digha,47.18,50.45,52.52,50
2026-08-05,14:00,H-E,H,Ganga,E,Gandhi Ghat,46.68,48.6,50.52,25
2026-08-05,14:00,H-F,H,Ganga,F,Hathidah,39.49,41.76,43.52,50
2026-08-05,14:00,H-G,H,Ganga,G,Munger,35.59,39.33,40.99,25
2026-08-05,14:00,H-H,H,Ganga,H,Bhagalpur,30.45,33.68,34.86,25
2026-08-05,14:00,H-I,H,Ganga,I,Kahalgaon,29.28,31.09,32.87,25
2026-08-05,14:00,H-J,H,Ganga,J,Farakka,19.98,22.25,25.14,25
2026-08-05,14:00,I-A,I,Punpun,A,Sripalpur,46.75,50.6,53.91,0
2026-08-05,14:00,J-A,J,Adhwara,A,Sonbarsa,78.9,81.85,83.75,0
2026-08-05,14:00,J-B,J,Adhwara,B,Sundarpur,58.6,61.7,64.1,108
2026-08-05,14:00,J-C,J,Adhwara,C,Pupri,51.4,55.79,56.95,50
2026-08-05,14:00,K-A,K,Khiroi,A,Kamtaul,47.06,50,53.05,0
2026-08-05,14:00,K-B,K,Khiroi,B,Ekmighat,43.66,46.94,49.52,50
2026-08-05,14:00,L-A,L,Mahananda,A,Taibpur,64.52,66,67.26,0
2026-08-05,14:00,L-B,L,Mahananda,B,Dhangaraghat,35.52,35.65,38.2,50
2026-08-05,14:00,M-A,M,Ghaghra,A,Darauli,60.04,60.82,61.82,0
2026-08-05,14:00,M-B,M,Ghaghra,B,Gangpur Siswan,54.73,57.04,58.26,50
2026-08-06,06:00,A-A,A,Gandak,A,Khada,94.99,96,97.5,0
2026-08-06,06:00,A-B,A,Gandak,B,Chatia,66.73,69.15,70.04,25
2026-08-06,06:00,A-C,A,Gandak,C,Dumaria Ghat,62.73,62.22,64.36,25
2026-08-06,06:00,A-D,A,Gandak,D,Rewa Ghat,53.58,54.41,55.46,25
2026-08-06,06:00,A-E,A,Gandak,E,Hajipur,47.32,50.32,50.93,25
2026-08-06,06:00,B-A,B,Kosi,A,Basua,46.87,47.75,49.24,0
2026-08-06,06:00,B-B,B,Kosi,B,Baltara,34.83,33.85,36.4,25
2026-08-06,06:00,B-C,B,Kosi,C,Kursela,28.67,30,32.1,25
2026-08-06,06:00,C-A,C,Bagmati,A,Dheng,71.15,71,73.47,0
2026-08-06,06:00,C-B,C,Bagmati,B,Sonakhan,69.2,68.8,72.05,25
2026-08-06,06:00,C-C,C,Bagmati,C,Dubadhar,61.18,61.28,63.75,50
2026-08-06,06:00,C-D,C,Bagmati,D,Kansar,58.8,59.06,60.86,25
2026-08-06,06:00,C-E,C,Bagmati,E,Kataunjha,55.65,55,58.36,25
2026-08-06,06:00,C-F,C,Bagmati,F,Benibad,49.74,48.68,50.12,28
2026-08-06,06:00,C-G,C,Bagmati,G,Hayaghat,43.11,45.72,48.96,25
2026-08-06,06:00,D-A,D,Burhi Gandak,A,Sikandarpur,48.84,52.53,54.29,0
2026-08-06,06:00,D-B,D,Burhi Gandak,B,Samastipur,41.45,45.73,49.38,33
2026-08-06,06:00,D-C,D,Burhi Gandak,C,Rosara,38.69,42.63,46.56,25
2026-08-06,06:00,D-D,D,Burhi Gandak,D,Khagaria,34.3,36.58,39.22,25
2026-08-06,06:00,E-A,E,Kamla Balan,A,Jainagar,67.85,68.5,71.35,0
2026-08-06,06:00,E-B,E,Kamla Balan,B,Jhanjharpur,49.45,50.5,53.11,100
2026-08-06,06:00,F-A,F,Bhuthi Balan,A,Ekma,68.59,69.5,72.1,0
2026-08-06,06:00,G-A,G,Lalbakeya,A,Gowabari,71.4,71.15,73.86,0
2026-08-06,06:00,H-A,H,Ganga,A,Allahabad,74.9,84.73,88.03,0
2026-08-06,06:00,H-B,H,Ganga,B,Varanasi,62.36,71.26,73.9,67
2026-08-06,06:00,H-C,H,Ganga,C,Buxar,52.89,60.32,62.09,50
2026-08-06,06:00,H-D,H,Ganga,D,Digha,47.24,50.45,52.52,50
2026-08-06,06:00,H-E,H,Ganga,E,Gandhi Ghat,46.75,48.6,50.52,25
2026-08-06,06:00,H-F,H,Ganga,F,Hathidah,39.63,41.76,43.52,50
2026-08-06,06:00,H-G,H,Ganga,G,Munger,35.67,39.33,40.99,25
2026-08-06,06:00,H-H,H,Ganga,H,Bhagalpur,30.57,33.68,34.86,25
2026-08-06,06:00,H-I,H,Ganga,I,Kahalgaon,29.43,31.09,32.87,25
2026-08-06,06:00,H-J,H,Ganga,J,Farakka,20.12,22.25,25.14,25
2026-08-06,06:00,I-A,I,Punpun,A,Sripalpur,46.9,50.6,53.91,0
2026-08-06,06:00,J-A,J,Adhwara,A,Sonbarsa,78.85,81.85,83.75,0
2026-08-06,06:00,J-B,J,Adhwara,B,Sundarpur,58.7,61.7,64.1,108
2026-08-06,06:00,J-C,J,Adhwara,C,Pupri,51.5,55.79,56.95,50
2026-08-06,06:00,K-A,K,Khiroi,A,Kamtaul,47.1,50,53.05,0
2026-08-06,06:00,K-B,K,Khiroi,B,Ekmighat,44.14,46.94,49.52,50
2026-08-06,06:00,L-A,L,Mahananda,A,Taibpur,64.21,66,67.26,0
2026-08-06,06:00,L-B,L,Mahananda,B,Dhangaraghat,35.45,35.65,38.2,50
2026-08-06,06:00,M-A,M,Ghaghra,A,Darauli,60.06,60.82,61.82,0
2026-08-06,06:00,M-B,M,Ghaghra,B,Gangpur Siswan,54.81,57.04,58.26,50
2026-08-06,14:00,A-A,A,Gandak,A,Khada,95.28,96,97.5,0
2026-08-06,14:00,A-B,A,Gandak,B,Chatia,66.81,69.15,70.04,25
2026-08-06,14:00,A-C,A,Gandak,C,Dumaria Ghat,62.8,62.22,64.36,25
2026-08-06,14:00,A-D,A,Gandak,D,Rewa Ghat,53.62,54.41,55.46,25
2026-08-06,14:00,A-E,A,Gandak,E,Hajipur,47.4,50.32,50.93,25
2026-08-06,14:00,B-A,B,Kosi,A,Basua,46.93,47.75,49.24,0
2026-08-06,14:00,B-B,B,Kosi,B,Baltara,34.84,33.85,36.4,25
2026-08-06,14:00,B-C,B,Kosi,C,Kursela,28.82,30,32.1,25
2026-08-06,14:00,C-A,C,Bagmati,A,Dheng,71.04,71,73.47,0
2026-08-06,14:00,C-B,C,Bagmati,B,Sonakhan,69.04,68.8,72.05,25
2026-08-06,14:00,C-C,C,Bagmati,C,Dubadhar,61.36,61.28,63.75,50
2026-08-06,14:00,C-D,C,Bagmati,D,Kansar,59.08,59.06,60.86,25
2026-08-06,14:00,C-E,C,Bagmati,E,Kataunjha,56.05,55,58.36,25
2026-08-06,14:00,C-F,C,Bagmati,F,Benibad,49.78,48.68,50.12,28
2026-08-06,14:00,C-G,C,Bagmati,G,Hayaghat,43.15,45.72,48.96,25
2026-08-06,14:00,D-A,D,Burhi Gandak,A,Sikandarpur,48.92,52.53,54.29,0
2026-08-06,14:00,D-B,D,Burhi Gandak,B,Samastipur,41.65,45.73,49.38,33
2026-08-06,14:00,D-C,D,Burhi Gandak,C,Rosara,38.77,42.63,46.56,25
2026-08-06,14:00,D-D,D,Burhi Gandak,D,Khagaria,34.34,36.58,39.22,25
2026-08-06,14:00,E-A,E,Kamla Balan,A,Jainagar,67.7,68.5,71.35,0
2026-08-06,14:00,E-B,E,Kamla Balan,B,Jhanjharpur,50.04,50.5,53.11,100
2026-08-06,14:00,F-A,F,Bhuthi Balan,A,Ekma,68.59,69.5,72.1,0
2026-08-06,14:00,G-A,G,Lalbakeya,A,Gowabari,71.7,71.15,73.86,0
2026-08-06,14:00,H-A,H,Ganga,A,Allahabad,75.02,84.73,88.03,0
2026-08-06,14:00,H-B,H,Ganga,B,Varanasi,62.58,71.26,73.9,67
2026-08-06,14:00,H-C,H,Ganga,C,Buxar,52.97,60.32,62.09,50
2026-08-06,14:00,H-D,H,Ganga,D,Digha,47.3,50.45,52.52,50
2026-08-06,14:00,H-E,H,Ganga,E,Gandhi Ghat,46.8,48.6,50.52,25
2026-08-06,14:00,H-F,H,Ganga,F,Hathidah,39.67,41.76,43.52,50
2026-08-06,14:00,H-G,H,Ganga,G,Munger,35.75,39.33,40.99,25
2026-08-06,14:00,H-H,H,Ganga,H,Bhagalpur,30.65,33.68,34.86,25
2026-08-06,14:00,H-I,H,Ganga,I,Kahalgaon,29.59,31.09,32.87,25
2026-08-06,14:00,H-J,H,Ganga,J,Farakka,20.3,22.25,25.14,25
2026-08-06,14:00,I-A,I,Punpun,A,Sripalpur,47.06,50.6,53.91,0
2026-08-06,14:00,J-A,J,Adhwara,A,Sonbarsa,78.8,81.85,83.75,0
2026-08-06,14:00,J-B,J,Adhwara,B,Sundarpur,58.8,61.7,64.1,108
2026-08-06,14:00,J-C,J,Adhwara,C,Pupri,51.52,55.79,56.95,50
2026-08-06,14:00,K-A,K,Khiroi,A,Kamtaul,47.18,50,53.05,0
2026-08-06,14:00,K-B,K,Khiroi,B,Ekmighat,44.17,46.94,49.52,50
2026-08-06,14:00,L-A,L,Mahananda,A,Taibpur,64.36,66,67.26,0
2026-08-06,14:00,L-B,L,Mahananda,B,Dhangaraghat,35.44,35.65,38.2,50
2026-08-06,14:00,M-A,M,Ghaghra,A,Darauli,60.07,60.82,61.82,0
2026-08-06,14:00,M-B,M,Ghaghra,B,Gangpur Siswan,54.79,57.04,58.26,50
2026-08-07,06:00,A-A,A,Gandak,A,Khada,95.46,96,97.5,0
2026-08-07,06:00,A-B,A,Gandak,B,Chatia,66.97,69.15,70.04,25
2026-08-07,06:00,A-C,A,Gandak,C,Dumaria Ghat,62.93,62.22,64.36,25
2026-08-07,06:00,A-D,A,Gandak,D,Rewa Ghat,53.63,54.41,55.46,25
2026-08-07,06:00,A-E,A,Gandak,E,Hajipur,47.45,50.32,50.93,25
2026-08-07,06:00,B-A,B,Kosi,A,Basua,47.06,47.75,49.24,0
2026-08-07,06:00,B-B,B,Kosi,B,Baltara,34.89,33.85,36.4,25
2026-08-07,06:00,B-C,B,Kosi,C,Kursela,28.92,30,32.1,25
2026-08-07,06:00,C-A,C,Bagmati,A,Dheng,70.45,71,73.47,0
2026-08-07,06:00,C-B,C,Bagmati,B,Sonakhan,68.5,68.8,72.05,25
2026-08-07,06:00,C-C,C,Bagmati,C,Dubadhar,60.85,61.28,63.75,50
2026-08-07,06:00,C-D,C,Bagmati,D,Kansar,58.6,59.06,60.86,25
2026-08-07,06:00,C-E,C,Bagmati,E,Kataunjha,55.95,55,58.36,25
2026-08-07,06:00,C-F,C,Bagmati,F,Benibad,49.82,48.68,50.12,28
2026-08-07,06:00,C-G,C,Bagmati,G,Hayaghat,43.38,45.72,48.96,25
2026-08-07,06:00,D-A,D,Burhi Gandak,A,Sikandarpur,49.16,52.53,54.29,0
2026-08-07,06:00,D-B,D,Burhi Gandak,B,Samastipur,42.05,45.73,49.38,33
2026-08-07,06:00,D-C,D,Burhi Gandak,C,Rosara,39.15,42.63,46.56,25
2026-08-07,06:00,D-D,D,Burhi Gandak,D,Khagaria,34.42,36.58,39.22,25
2026-08-07,06:00,E-A,E,Kamla Balan,A,Jainagar,67.25,68.5,71.35,0
2026-08-07,06:00,E-B,E,Kamla Balan,B,Jhanjharpur,49.4,50.5,53.11,100
2026-08-07,06:00,F-A,F,Bhuthi Balan,A,Ekma,68.59,69.5,72.1,0
2026-08-07,06:00,G-A,G,Lalbakeya,A,Gowabari,71,71.15,73.86,0
2026-08-07,06:00,H-A,H,Ganga,A,Allahabad,75.21,84.73,88.03,0
2026-08-07,06:00,H-B,H,Ganga,B,Varanasi,62.89,71.26,73.9,67
2026-08-07,06:00,H-C,H,Ganga,C,Buxar,53.27,60.32,62.09,50
2026-08-07,06:00,H-D,H,Ganga,D,Digha,47.39,50.45,52.52,50
2026-08-07,06:00,H-E,H,Ganga,E,Gandhi Ghat,46.89,48.6,50.52,25
2026-08-07,06:00,H-F,H,Ganga,F,Hathidah,39.77,41.76,43.52,50
2026-08-07,06:00,H-G,H,Ganga,G,Munger,35.07,39.33,40.99,25
2026-08-07,06:00,H-H,H,Ganga,H,Bhagalpur,30.81,33.68,34.86,25
2026-08-07,06:00,H-I,H,Ganga,I,Kahalgaon,29.69,31.09,32.87,25
2026-08-07,06:00,H-J,H,Ganga,J,Farakka,20.49,22.25,25.14,25
2026-08-07,06:00,I-A,I,Punpun,A,Sripalpur,47.26,50.6,53.91,0
2026-08-07,06:00,J-A,J,Adhwara,A,Sonbarsa,78.8,81.85,83.75,0
2026-08-07,06:00,J-B,J,Adhwara,B,Sundarpur,58.8,61.7,64.1,108
2026-08-07,06:00,J-C,J,Adhwara,C,Pupri,51.6,55.79,56.95,50
2026-08-07,06:00,K-A,K,Khiroi,A,Kamtaul,47.37,50,53.05,0
2026-08-07,06:00,K-B,K,Khiroi,B,Ekmighat,44.29,46.94,49.52,50
2026-08-07,06:00,L-A,L,Mahananda,A,Taibpur,64.07,66,67.26,0
2026-08-07,06:00,L-B,L,Mahananda,B,Dhangaraghat,35.39,35.65,38.2,50
2026-08-07,06:00,M-A,M,Ghaghra,A,Darauli,60.13,60.82,61.82,0
2026-08-07,06:00,M-B,M,Ghaghra,B,Gangpur Siswan,54.86,57.04,58.26,50
2026-08-07,14:00,A-A,A,Gandak,A,Khada,95.44,96,97.5,0
2026-08-07,14:00,A-B,A,Gandak,B,Chatia,67.01,69.15,70.04,25
2026-08-07,14:00,A-C,A,Gandak,C,Dumaria Ghat,62.94,62.22,64.36,25
2026-08-07,14:00,A-D,A,Gandak,D,Rewa Ghat,53.68,54.41,55.46,25
2026-08-07,14:00,A-E,A,Gandak,E,Hajipur,47.5,50.32,50.93,25
2026-08-07,14:00,B-A,B,Kosi,A,Basua,47.12,47.75,49.24,0
2026-08-07,14:00,B-B,B,Kosi,B,Baltara,34.9,33.85,36.4,25
2026-08-07,14:00,B-C,B,Kosi,C,Kursela,28.94,30,32.1,25
2026-08-07,14:00,C-A,C,Bagmati,A,Dheng,70.36,71,73.47,0
2026-08-07,14:00,C-B,C,Bagmati,B,Sonakhan,68.41,68.8,72.05,25
2026-08-07,14:00,C-C,C,Bagmati,C,Dubadhar,60.7,61.28,63.75,50
2026-08-07,14:00,C-D,C,Bagmati,D,Kansar,58.27,59.06,60.86,25
2026-08-07,14:00,C-E,C,Bagmati,E,Kataunjha,55.65,55,58.36,25
2026-08-07,14:00,C-F,C,Bagmati,F,Benibad,49.82,48.68,50.12,28
2026-08-07,14:00,C-G,C,Bagmati,G,Hayaghat,43.45,45.72,48.96,25
2026-08-07,14:00,D-A,D,Burhi Gandak,A,Sikandarpur,49.24,52.53,54.29,0
2026-08-07,14:00,D-B,D,Burhi Gandak,B,Samastipur,42.25,45.73,49.38,33
2026-08-07,14:00,D-C,D,Burhi Gandak,C,Rosara,39.39,42.63,46.56,25
2026-08-07,14:00,D-D,D,Burhi Gandak,D,Khagaria,34.51,36.58,39.22,25
2026-08-07,14:00,E-A,E,Kamla Balan,A,Jainagar,67.2,68.5,71.35,0
2026-08-07,14:00,E-B,E,Kamla Balan,B,Jhanjharpur,49.37,50.5,53.11,100
2026-08-07,14:00,F-A,F,Bhuthi Balan,A,Ekma,68.59,69.5,72.1,0
2026-08-07,14:00,G-A,G,Lalbakeya,A,Gowabari,70.7,71.15,73.86,0
2026-08-07,14:00,H-A,H,Ganga,A,Allahabad,75.29,84.73,88.03,0
2026-08-07,14:00,H-B,H,Ganga,B,Varanasi,63.02,71.26,73.9,67
2026-08-07,14:00,H-C,H,Ganga,C,Buxar,53.43,60.32,62.09,50
2026-08-07,14:00,H-D,H,Ganga,D,Digha,47.47,50.45,52.52,50
2026-08-07,14:00,H-E,H,Ganga,E,Gandhi Ghat,46.94,48.6,50.52,25
2026-08-07,14:00,H-F,H,Ganga,F,Hathidah,39.85,41.76,43.52,50
2026-08-07,14:00,H-G,H,Ganga,G,Munger,36.12,39.33,40.99,25
2026-08-07,14:00,H-H,H,Ganga,H,Bhagalpur,30.89,33.68,34.86,25
2026-08-07,14:00,H-I,H,Ganga,I,Kahalgaon,29.71,31.09,32.87,25
2026-08-07,14:00,H-J,H,Ganga,J,Farakka,20.64,22.25,25.14,25
2026-08-07,14:00,I-A,I,Punpun,A,Sripalpur,47.46,50.6,53.91,0
2026-08-07,14:00,J-A,J,Adhwara,A,Sonbarsa,78.7,81.85,83.75,0
2026-08-07,14:00,J-B,J,Adhwara,B,Sundarpur,58.8,61.7,64.1,108
2026-08-07,14:00,J-C,J,Adhwara,C,Pupri,51.6,55.79,56.95,50
2026-08-07,14:00,K-A,K,Khiroi,A,Kamtaul,47.41,50,53.05,0
2026-08-07,14:00,K-B,K,Khiroi,B,Ekmighat,44.45,46.94,49.52,50
2026-08-07,14:00,L-A,L,Mahananda,A,Taibpur,63.95,66,67.26,0
2026-08-07,14:00,L-B,L,Mahananda,B,Dhangaraghat,35.23,35.65,38.2,50
2026-08-07,14:00,M-A,M,Ghaghra,A,Darauli,60.13,60.82,61.82,0
2026-08-07,14:00,M-B,M,Ghaghra,B,Gangpur Siswan,54.85,57.04,58.26,50
2026-08-08,06:00,A-A,A,Gandak,A,Khada,95.09,96,97.5,0
2026-08-08,06:00,A-B,A,Gandak,B,Chatia,67.17,69.15,70.04,25
2026-08-08,06:00,A-C,A,Gandak,C,Dumaria Ghat,63.02,62.22,64.36,25
2026-08-08,06:00,A-D,A,Gandak,D,Rewa Ghat,53.76,54.41,55.46,25
2026-08-08,06:00,A-E,A,Gandak,E,Hajipur,47.62,50.32,50.93,25
2026-08-08,06:00,B-A,B,Kosi,A,Basua,46.91,47.75,49.24,0
2026-08-08,06:00,B-B,B,Kosi,B,Baltara,35,33.85,36.4,25
2026-08-08,06:00,B-C,B,Kosi,C,Kursela,28.96,30,32.1,25
2026-08-08,06:00,C-A,C,Bagmati,A,Dheng,70.2,71,73.47,0
2026-08-08,06:00,C-B,C,Bagmati,B,Sonakhan,68.25,68.8,72.05,25
2026-08-08,06:00,C-C,C,Bagmati,C,Dubadhar,60.39,61.28,63.75,50
2026-08-08,06:00,C-D,C,Bagmati,D,Kansar,57.9,59.06,60.86,25
2026-08-08,06:00,C-E,C,Bagmati,E,Kataunjha,55.2,55,58.36,25
2026-08-08,06:00,C-F,C,Bagmati,F,Benibad,49.82,48.68,50.12,28
2026-08-08,06:00,C-G,C,Bagmati,G,Hayaghat,43.77,45.72,48.96,25
2026-08-08,06:00,D-A,D,Burhi Gandak,A,Sikandarpur,49.36,52.53,54.29,0
2026-08-08,06:00,D-B,D,Burhi Gandak,B,Samastipur,42.55,45.73,49.38,33
2026-08-08,06:00,D-C,D,Burhi Gandak,C,Rosara,39.87,42.63,46.56,25
2026-08-08,06:00,D-D,D,Burhi Gandak,D,Khagaria,34.7,36.58,39.22,25
2026-08-08,06:00,E-A,E,Kamla Balan,A,Jainagar,67,68.5,71.35,0
2026-08-08,06:00,E-B,E,Kamla Balan,B,Jhanjharpur,49.32,50.5,53.11,100
2026-08-08,06:00,F-A,F,Bhuthi Balan,A,Ekma,68.59,69.5,72.1,0
2026-08-08,06:00,G-A,G,Lalbakeya,A,Gowabari,70.4,71.15,73.86,0
2026-08-08,06:00,H-A,H,Ganga,A,Allahabad,75.51,84.73,88.03,0
2026-08-08,06:00,H-B,H,Ganga,B,Varanasi,63.36,71.26,73.9,67
2026-08-08,06:00,H-C,H,Ganga,C,Buxar,53.81,60.32,62.09,50
2026-08-08,06:00,H-D,H,Ganga,D,Digha,47.6,50.45,52.52,50
2026-08-08,06:00,H-E,H,Ganga,E,Gandhi Ghat,47.11,48.6,50.52,25
2026-08-08,06:00,H-F,H,Ganga,F,Hathidah,39.98,41.76,43.52,50
2026-08-08,06:00,H-G,H,Ganga,G,Munger,36.16,39.33,40.99,25
2026-08-08,06:00,H-H,H,Ganga,H,Bhagalpur,31.01,33.68,34.86,25
2026-08-08,06:00,H-I,H,Ganga,I,Kahalgaon,29.75,31.09,32.87,25
2026-08-08,06:00,H-J,H,Ganga,J,Farakka,20.61,22.25,25.14,25
2026-08-08,06:00,I-A,I,Punpun,A,Sripalpur,48.08,50.6,53.91,0
2026-08-08,06:00,J-A,J,Adhwara,A,Sonbarsa,78.67,81.85,83.75,0
2026-08-08,06:00,J-B,J,Adhwara,B,Sundarpur,58.95,61.7,64.1,108
2026-08-08,06:00,J-C,J,Adhwara,C,Pupri,51.6,55.79,56.95,50
2026-08-08,06:00,K-A,K,Khiroi,A,Kamtaul,47.77,50,53.05,0
2026-08-08,06:00,K-B,K,Khiroi,B,Ekmighat,44.57,46.94,49.52,50
2026-08-08,06:00,L-A,L,Mahananda,A,Taibpur,63.85,66,67.26,0
2026-08-08,06:00,L-B,L,Mahananda,B,Dhangaraghat,34.9,35.65,38.2,50
2026-08-08,06:00,M-A,M,Ghaghra,A,Darauli,60.17,60.82,61.82,0
2026-08-08,06:00,M-B,M,Ghaghra,B,Gangpur Siswan,54.95,57.04,58.26,50
2026-08-08,14:00,A-A,A,Gandak,A,Khada,95.01,96,97.5,0
2026-08-08,14:00,A-B,A,Gandak,B,Chatia,67.42,69.15,70.04,25
2026-08-08,14:00,A-C,A,Gandak,C,Dumaria Ghat,63.16,62.22,64.36,25
2026-08-08,14:00,A-D,A,Gandak,D,Rewa Ghat,53.88,54.41,55.46,25
2026-08-08,14:00,A-E,A,Gandak,E,Hajipur,47.72,50.32,50.93,25
2026-08-08,14:00,B-A,B,Kosi,A,Basua,46.88,47.75,49.24,0
2026-08-08,14:00,B-B,B,Kosi,B,Baltara,35,33.85,36.4,25
2026-08-08,14:00,B-C,B,Kosi,C,Kursela,29.02,30,32.1,25
2026-08-08,14:00,C-A,C,Bagmati,A,Dheng,70.17,71,73.47,0
2026-08-08,14:00,C-B,C,Bagmati,B,Sonakhan,68.22,68.8,72.05,25
2026-08-08,14:00,C-C,C,Bagmati,C,Dubadhar,60.71,61.28,63.75,50
2026-08-08,14:00,C-D,C,Bagmati,D,Kansar,57.75,59.06,60.86,25
2026-08-08,14:00,C-E,C,Bagmati,E,Kataunjha,54.85,55,58.36,25
2026-08-08,14:00,C-F,C,Bagmati,F,Benibad,49.74,48.68,50.12,28
2026-08-08,14:00,C-G,C,Bagmati,G,Hayaghat,43.86,45.72,48.96,25
2026-08-08,14:00,D-A,D,Burhi Gandak,A,Sikandarpur,49.51,52.53,54.29,0
2026-08-08,14:00,D-B,D,Burhi Gandak,B,Samastipur,42.66,45.73,49.38,33
2026-08-08,14:00,D-C,D,Burhi Gandak,C,Rosara,40.11,42.63,46.56,25
2026-08-08,14:00,D-D,D,Burhi Gandak,D,Khagaria,34.77,36.58,39.22,25
2026-08-08,14:00,E-A,E,Kamla Balan,A,Jainagar,67.15,68.5,71.35,0
2026-08-08,14:00,E-B,E,Kamla Balan,B,Jhanjharpur,49.28,50.5,53.11,100
2026-08-08,14:00,F-A,F,Bhuthi Balan,A,Ekma,68.59,69.5,72.1,0
2026-08-08,14:00,G-A,G,Lalbakeya,A,Gowabari,70.4,71.15,73.86,0
2026-08-08,14:00,H-A,H,Ganga,A,Allahabad,75.59,84.73,88.03,0
2026-08-08,14:00,H-B,H,Ganga,B,Varanasi,63.52,71.26,73.9,67
2026-08-08,14:00,H-C,H,Ganga,C,Buxar,53.97,60.32,62.09,50
2026-08-08,14:00,H-D,H,Ganga,D,Digha,47.72,50.45,52.52,50
2026-08-08,14:00,H-E,H,Ganga,E,Gandhi Ghat,47.19,48.6,50.52,25
2026-08-08,14:00,H-F,H,Ganga,F,Hathidah,40.06,41.76,43.52,50
2026-08-08,14:00,H-G,H,Ganga,G,Munger,36.18,39.33,40.99,25
2026-08-08,14:00,H-H,H,Ganga,H,Bhagalpur,31.03,33.68,34.86,25
2026-08-08,14:00,H-I,H,Ganga,I,Kahalgaon,29.77,31.09,32.87,25
2026-08-08,14:00,H-J,H,Ganga,J,Farakka,20.68,22.25,25.14,25
2026-08-08,14:00,I-A,I,Punpun,A,Sripalpur,48.48,50.6,53.91,0
2026-08-08,14:00,J-A,J,Adhwara,A,Sonbarsa,78.62,81.85,83.75,0
2026-08-08,14:00,J-B,J,Adhwara,B,Sundarpur,58.9,61.7,64.1,108
2026-08-08,14:00,J-C,J,Adhwara,C,Pupri,51.62,55.79,56.95,50
2026-08-08,14:00,K-A,K,Khiroi,A,Kamtaul,48.05,50,53.05,0
2026-08-08,14:00,K-B,K,Khiroi,B,Ekmighat,44.69,46.94,49.52,50
2026-08-08,14:00,L-A,L,Mahananda,A,Taibpur,63.84,66,67.26,0
2026-08-08,14:00,L-B,L,Mahananda,B,Dhangaraghat,34.79,35.65,38.2,50
2026-08-08,14:00,M-A,M,Ghaghra,A,Darauli,60.24,60.82,61.82,0
2026-08-08,14:00,M-B,M,Ghaghra,B,Gangpur Siswan,55.03,57.04,58.26,50
2026-08-09,06:00,A-A,A,Gandak,A,Khada,94.87,96,97.5,0
2026-08-09,06:00,A-B,A,Gandak,B,Chatia,67.6,69.15,70.04,25
2026-08-09,06:00,A-C,A,Gandak,C,Dumaria Ghat,63.03,62.22,64.36,25
2026-08-09,06:00,A-D,A,Gandak,D,Rewa Ghat,53.93,54.41,55.46,25
2026-08-09,06:00,A-E,A,Gandak,E,Hajipur,47.85,50.32,50.93,25
2026-08-09,06:00,B-A,B,Kosi,A,Basua,46.81,47.75,49.24,0
2026-08-09,06:00,B-B,B,Kosi,B,Baltara,34.99,33.85,36.4,25
2026-08-09,06:00,B-C,B,Kosi,C,Kursela,29.1,30,32.1,25
2026-08-09,06:00,C-A,C,Bagmati,A,Dheng,70.3,71,73.47,0
2026-08-09,06:00,C-B,C,Bagmati,B,Sonakhan,68.35,68.8,72.05,25
2026-08-09,06:00,C-C,C,Bagmati,C,Dubadhar,60.23,61.28,63.75,50
2026-08-09,06:00,C-D,C,Bagmati,D,Kansar,57.6,59.06,60.86,25
2026-08-09,06:00,C-E,C,Bagmati,E,Kataunjha,54.7,55,58.36,25
2026-08-09,06:00,C-F,C,Bagmati,F,Benibad,49.58,48.68,50.12,28
2026-08-09,06:00,C-G,C,Bagmati,G,Hayaghat,43.92,45.72,48.96,25
2026-08-09,06:00,D-A,D,Burhi Gandak,A,Sikandarpur,49.67,52.53,54.29,0
2026-08-09,06:00,D-B,D,Burhi Gandak,B,Samastipur,42.85,45.73,49.38,33
2026-08-09,06:00,D-C,D,Burhi Gandak,C,Rosara,40.51,42.63,46.56,25
2026-08-09,06:00,D-D,D,Burhi Gandak,D,Khagaria,34.91,36.58,39.22,25
2026-08-09,06:00,E-A,E,Kamla Balan,A,Jainagar,67.05,68.5,71.35,0
2026-08-09,06:00,E-B,E,Kamla Balan,B,Jhanjharpur,49.25,50.5,53.11,100
2026-08-09,06:00,F-A,F,Bhuthi Balan,A,Ekma,68.74,69.5,72.1,0
2026-08-09,06:00,G-A,G,Lalbakeya,A,Gowabari,70.4,71.15,73.86,0
2026-08-09,06:00,H-A,H,Ganga,A,Allahabad,75.53,84.73,88.03,0
2026-08-09,06:00,H-B,H,Ganga,B,Varanasi,63.72,71.26,73.9,67
2026-08-09,06:00,H-C,H,Ganga,C,Buxar,54.4,60.32,62.09,50
2026-08-09,06:00,H-D,H,Ganga,D,Digha,47.98,50.45,52.52,50
2026-08-09,06:00,H-E,H,Ganga,E,Gandhi Ghat,47.63,48.6,50.52,25
2026-08-09,06:00,H-F,H,Ganga,F,Hathidah,40.27,41.76,43.52,50
2026-08-09,06:00,H-G,H,Ganga,G,Munger,36.24,39.33,40.99,25
2026-08-09,06:00,H-H,H,Ganga,H,Bhagalpur,31.09,33.68,34.86,25
2026-08-09,06:00,H-I,H,Ganga,I,Kahalgaon,29.82,31.09,32.87,25
2026-08-09,06:00,H-J,H,Ganga,J,Farakka,20.78,22.25,25.14,25
2026-08-09,06:00,I-A,I,Punpun,A,Sripalpur,48.88,50.6,53.91,0
2026-08-09,06:00,J-A,J,Adhwara,A,Sonbarsa,78.6,81.85,83.75,0
2026-08-09,06:00,J-B,J,Adhwara,B,Sundarpur,58.85,61.7,64.1,108
2026-08-09,06:00,J-C,J,Adhwara,C,Pupri,51.6,55.79,56.95,50
2026-08-09,06:00,K-A,K,Khiroi,A,Kamtaul,48.79,50,53.05,0
2026-08-09,06:00,K-B,K,Khiroi,B,Ekmighat,44.89,46.94,49.52,50
2026-08-09,06:00,L-A,L,Mahananda,A,Taibpur,64.11,66,67.26,0
2026-08-09,06:00,L-B,L,Mahananda,B,Dhangaraghat,34.61,35.65,38.2,50
2026-08-09,06:00,M-A,M,Ghaghra,A,Darauli,60.32,60.82,61.82,0
2026-08-09,06:00,M-B,M,Ghaghra,B,Gangpur Siswan,55.13,57.04,58.26,50
2026-08-09,14:00,A-A,A,Gandak,A,Khada,94.79,96,97.5,0
2026-08-09,14:00,A-B,A,Gandak,B,Chatia,67.62,69.15,70.04,25
2026-08-09,14:00,A-C,A,Gandak,C,Dumaria Ghat,63.09,62.22,64.36,25
2026-08-09,14:00,A-D,A,Gandak,D,Rewa Ghat,53.97,54.41,55.46,25
2026-08-09,14:00,A-E,A,Gandak,E,Hajipur,47.92,50.32,50.93,25
2026-08-09,14:00,B-A,B,Kosi,A,Basua,46.79,47.75,49.24,0
2026-08-09,14:00,B-B,B,Kosi,B,Baltara,34.92,33.85,36.4,25
2026-08-09,14:00,B-C,B,Kosi,C,Kursela,29.13,30,32.1,25
2026-08-09,14:00,C-A,C,Bagmati,A,Dheng,70.25,71,73.47,0
2026-08-09,14:00,C-B,C,Bagmati,B,Sonakhan,68.43,68.8,72.05,25
2026-08-09,14:00,C-C,C,Bagmati,C,Dubadhar,60.43,61.28,63.75,50
2026-08-09,14:00,C-D,C,Bagmati,D,Kansar,57.8,59.06,60.86,25
2026-08-09,14:00,C-E,C,Bagmati,E,Kataunjha,54.6,55,58.36,25
2026-08-09,14:00,C-F,C,Bagmati,F,Benibad,49.58,48.68,50.12,28
2026-08-09,14:00,C-G,C,Bagmati,G,Hayaghat,43.94,45.72,48.96,25
2026-08-09,14:00,D-A,D,Burhi Gandak,A,Sikandarpur,49.71,52.53,54.29,0
2026-08-09,14:00,D-B,D,Burhi Gandak,B,Samastipur,42.95,45.73,49.38,33
2026-08-09,14:00,D-C,D,Burhi Gandak,C,Rosara,40.59,42.63,46.56,25
2026-08-09,14:00,D-D,D,Burhi Gandak,D,Khagaria,35.03,36.58,39.22,25
2026-08-09,14:00,E-A,E,Kamla Balan,A,Jainagar,67,68.5,71.35,0
2026-08-09,14:00,E-B,E,Kamla Balan,B,Jhanjharpur,49.23,50.5,53.11,100
2026-08-09,14:00,F-A,F,Bhuthi Balan,A,Ekma,68.59,69.5,72.1,0
2026-08-09,14:00,G-A,G,Lalbakeya,A,Gowabari,70.3,71.15,73.86,0
2026-08-09,14:00,H-A,H,Ganga,A,Allahabad,75.55,84.73,88.03,0
2026-08-09,14:00,H-B,H,Ganga,B,Varanasi,63.76,71.26,73.9,67
2026-08-09,14:00,H-C,H,Ganga,C,Buxar,54.48,60.32,62.09,50
2026-08-09,14:00,H-D,H,Ganga,D,Digha,48.06,50.45,52.52,50
2026-08-09,14:00,H-E,H,Ganga,E,Gandhi Ghat,47.44,48.6,50.52,25
2026-08-09,14:00,H-F,H,Ganga,F,Hathidah,40.35,41.76,43.52,50
2026-08-09,14:00,H-G,H,Ganga,G,Munger,36.27,39.33,40.99,25
2026-08-09,14:00,H-H,H,Ganga,H,Bhagalpur,31.17,33.68,34.86,25
2026-08-09,14:00,H-I,H,Ganga,I,Kahalgaon,29.9,31.09,32.87,25
2026-08-09,14:00,H-J,H,Ganga,J,Farakka,20.78,22.25,25.14,25
2026-08-09,14:00,I-A,I,Punpun,A,Sripalpur,48.76,50.6,53.91,0
2026-08-09,14:00,J-A,J,Adhwara,A,Sonbarsa,78.58,81.85,83.75,0
2026-08-09,14:00,J-B,J,Adhwara,B,Sundarpur,58.8,61.7,64.1,108
2026-08-09,14:00,J-C,J,Adhwara,C,Pupri,51.6,55.79,56.95,50
2026-08-09,14:00,K-A,K,Khiroi,A,Kamtaul,48.87,50,53.05,0
2026-08-09,14:00,K-B,K,Khiroi,B,Ekmighat,44.93,46.94,49.52,50
2026-08-09,14:00,L-A,L,Mahananda,A,Taibpur,64.93,66,67.26,0
2026-08-09,14:00,L-B,L,Mahananda,B,Dhangaraghat,34.53,35.65,38.2,50
2026-08-09,14:00,M-A,M,Ghaghra,A,Darauli,60.34,60.82,61.82,0
2026-08-09,14:00,M-B,M,Ghaghra,B,Gangpur Siswan,55.14,57.04,58.26,50
2026-08-10,06:00,A-A,A,Gandak,A,Khada,94.92,96,97.5,0
2026-08-10,06:00,A-B,A,Gandak,B,Chatia,67.56,69.15,70.04,25
2026-08-10,06:00,A-C,A,Gandak,C,Dumaria Ghat,62.92,62.22,64.36,25
2026-08-10,06:00,A-D,A,Gandak,D,Rewa Ghat,53.96,54.41,55.46,25
2026-08-10,06:00,A-E,A,Gandak,E,Hajipur,47.99,50.32,50.93,25
2026-08-10,06:00,B-A,B,Kosi,A,Basua,46.96,47.75,49.24,0
2026-08-10,06:00,B-B,B,Kosi,B,Baltara,34.9,33.85,36.4,25
2026-08-10,06:00,B-C,B,Kosi,C,Kursela,29.22,30,32.1,25
2026-08-10,06:00,C-A,C,Bagmati,A,Dheng,70.1,71,73.47,0
2026-08-10,06:00,C-B,C,Bagmati,B,Sonakhan,68.25,68.8,72.05,25
2026-08-10,06:00,C-C,C,Bagmati,C,Dubadhar,60.21,61.28,63.75,50
2026-08-10,06:00,C-D,C,Bagmati,D,Kansar,57.6,59.06,60.86,25
2026-08-10,06:00,C-E,C,Bagmati,E,Kataunjha,54.75,55,58.36,25
2026-08-10,06:00,C-F,C,Bagmati,F,Benibad,49.58,48.68,50.12,28
2026-08-10,06:00,C-G,C,Bagmati,G,Hayaghat,44.02,45.72,48.96,25
2026-08-10,06:00,D-A,D,Burhi Gandak,A,Sikandarpur,49.87,52.53,54.29,0
2026-08-10,06:00,D-B,D,Burhi Gandak,B,Samastipur,43.25,45.73,49.38,33
2026-08-10,06:00,D-C,D,Burhi Gandak,C,Rosara,40.75,42.63,46.56,25
2026-08-10,06:00,D-D,D,Burhi Gandak,D,Khagaria,35.24,36.58,39.22,25
2026-08-10,06:00,E-A,E,Kamla Balan,A,Jainagar,67,68.5,71.35,0
2026-08-10,06:00,E-B,E,Kamla Balan,B,Jhanjharpur,49.23,50.5,53.11,100
2026-08-10,06:00,F-A,F,Bhuthi Balan,A,Ekma,68.59,69.5,72.1,0
2026-08-10,06:00,G-A,G,Lalbakeya,A,Gowabari,70,71.15,73.86,0
2026-08-10,06:00,H-A,H,Ganga,A,Allahabad,75.59,84.73,88.03,0
2026-08-10,06:00,H-B,H,Ganga,B,Varanasi,63.76,71.26,73.9,67
2026-08-10,06:00,H-C,H,Ganga,C,Buxar,54.64,60.32,62.09,50
2026-08-10,06:00,H-D,H,Ganga,D,Digha,48.19,50.45,52.52,50
2026-08-10,06:00,H-E,H,Ganga,E,Gandhi Ghat,47.53,48.6,50.52,25
2026-08-10,06:00,H-F,H,Ganga,F,Hathidah,40.51,41.76,43.52,50
2026-08-10,06:00,H-G,H,Ganga,G,Munger,36.51,39.33,40.99,25
2026-08-10,06:00,H-H,H,Ganga,H,Bhagalpur,31.41,33.68,34.86,25
2026-08-10,06:00,H-I,H,Ganga,I,Kahalgaon,30,31.09,32.87,25
2026-08-10,06:00,H-J,H,Ganga,J,Farakka,20.88,22.25,25.14,25
2026-08-10,06:00,I-A,I,Punpun,A,Sripalpur,48.58,50.6,53.91,0
2026-08-10,06:00,J-A,J,Adhwara,A,Sonbarsa,78.56,81.85,83.75,0
2026-08-10,06:00,J-B,J,Adhwara,B,Sundarpur,58.8,61.7,64.1,108
2026-08-10,06:00,J-C,J,Adhwara,C,Pupri,51.5,55.79,56.95,50
2026-08-10,06:00,K-A,K,Khiroi,A,Kamtaul,49.11,50,53.05,0
2026-08-10,06:00,K-B,K,Khiroi,B,Ekmighat,44.93,46.94,49.52,50
2026-08-10,06:00,L-A,L,Mahananda,A,Taibpur,64.62,66,67.26,0
2026-08-10,06:00,L-B,L,Mahananda,B,Dhangaraghat,35.38,35.65,38.2,50
2026-08-10,06:00,M-A,M,Ghaghra,A,Darauli,60.35,60.82,61.82,0
2026-08-10,06:00,M-B,M,Ghaghra,B,Gangpur Siswan,55.23,57.04,58.26,50
2026-08-10,14:00,A-A,A,Gandak,A,Khada,94.76,96,97.5,0
2026-08-10,14:00,A-B,A,Gandak,B,Chatia,67.48,69.15,70.04,25
2026-08-10,14:00,A-C,A,Gandak,C,Dumaria Ghat,62.9,62.22,64.36,25
2026-08-10,14:00,A-D,A,Gandak,D,Rewa Ghat,53.79,54.41,55.46,25
2026-08-10,14:00,A-E,A,Gandak,E,Hajipur,47.99,50.32,50.93,25
2026-08-10,14:00,B-A,B,Kosi,A,Basua,46.98,47.75,49.24,0
2026-08-10,14:00,B-B,B,Kosi,B,Baltara,34.82,33.85,36.4,25
2026-08-10,14:00,B-C,B,Kosi,C,Kursela,29.24,30,32.1,25
2026-08-10,14:00,C-A,C,Bagmati,A,Dheng,71.5,71,73.47,0
2026-08-10,14:00,C-B,C,Bagmati,B,Sonakhan,69.3,68.8,72.05,25
2026-08-10,14:00,C-C,C,Bagmati,C,Dubadhar,61.01,61.28,63.75,50
2026-08-10,14:00,C-D,C,Bagmati,D,Kansar,58.4,59.06,60.86,25
2026-08-10,14:00,C-E,C,Bagmati,E,Kataunjha,54.7,55,58.36,25
2026-08-10,14:00,C-F,C,Bagmati,F,Benibad,49.58,48.68,50.12,28
2026-08-10,14:00,C-G,C,Bagmati,G,Hayaghat,44.02,45.72,48.96,25
2026-08-10,14:00,D-A,D,Burhi Gandak,A,Sikandarpur,50.07,52.53,54.29,0
2026-08-10,14:00,D-B,D,Burhi Gandak,B,Samastipur,43.31,45.73,49.38,33
2026-08-10,14:00,D-C,D,Burhi Gandak,C,Rosara,40.83,42.63,46.56,25
2026-08-10,14:00,D-D,D,Burhi Gandak,D,Khagaria,35.28,36.58,39.22,25
2026-08-10,14:00,E-A,E,Kamla Balan,A,Jainagar,67,68.5,71.35,0
2026-08-10,14:00,E-B,E,Kamla Balan,B,Jhanjharpur,49.23,50.5,53.11,100
2026-08-10,14:00,F-A,F,Bhuthi Balan,A,Ekma,68.59,69.5,72.1,0
2026-08-10,14:00,G-A,G,Lalbakeya,A,Gowabari,71.1,71.15,73.86,0
2026-08-10,14:00,H-A,H,Ganga,A,Allahabad,75.58,84.73,88.03,0
2026-08-10,14:00,H-B,H,Ganga,B,Varanasi,63.77,71.26,73.9,67
2026-08-10,14:00,H-C,H,Ganga,C,Buxar,54.8,60.32,62.09,50
2026-08-10,14:00,H-D,H,Ganga,D,Digha,48.23,50.45,52.52,50
2026-08-10,14:00,H-E,H,Ganga,E,Gandhi Ghat,47.56,48.6,50.52,25
2026-08-10,14:00,H-F,H,Ganga,F,Hathidah,40.55,41.76,43.52,50
2026-08-10,14:00,H-G,H,Ganga,G,Munger,36.67,39.33,40.99,25
2026-08-10,14:00,H-H,H,Ganga,H,Bhagalpur,31.49,33.68,34.86,25
2026-08-10,14:00,H-I,H,Ganga,I,Kahalgaon,30.04,31.09,32.87,25
2026-08-10,14:00,H-J,H,Ganga,J,Farakka,20.88,22.25,25.14,25
2026-08-10,14:00,I-A,I,Punpun,A,Sripalpur,48.5,50.6,53.91,0
2026-08-10,14:00,J-A,J,Adhwara,A,Sonbarsa,78.54,81.85,83.75,0
2026-08-10,14:00,J-B,J,Adhwara,B,Sundarpur,58.7,61.7,64.1,108
2026-08-10,14:00,J-C,J,Adhwara,C,Pupri,51.48,55.79,56.95,50
2026-08-10,14:00,K-A,K,Khiroi,A,Kamtaul,49.28,50,53.05,0
2026-08-10,14:00,K-B,K,Khiroi,B,Ekmighat,44.98,46.94,49.52,50
2026-08-10,14:00,L-A,L,Mahananda,A,Taibpur,64.31,66,67.26,0
2026-08-10,14:00,L-B,L,Mahananda,B,Dhangaraghat,35.32,35.65,38.2,50
2026-08-10,14:00,M-A,M,Ghaghra,A,Darauli,60.34,60.82,61.82,0
2026-08-10,14:00,M-B,M,Ghaghra,B,Gangpur Siswan,55.22,57.04,58.26,50
2026-08-11,06:00,A-A,A,Gandak,A,Khada,94.86,96,97.5,0
2026-08-11,06:00,A-B,A,Gandak,B,Chatia,67.48,69.15,70.04,25
2026-08-11,06:00,A-C,A,Gandak,C,Dumaria Ghat,62.77,62.22,64.36,25
2026-08-11,06:00,A-D,A,Gandak,D,Rewa Ghat,53.7,54.41,55.46,25
2026-08-11,06:00,A-E,A,Gandak,E,Hajipur,47.99,50.32,50.93,25
2026-08-11,06:00,B-A,B,Kosi,A,Basua,47.12,47.75,49.24,0
2026-08-11,06:00,B-B,B,Kosi,B,Baltara,34.82,33.85,36.4,25
2026-08-11,06:00,B-C,B,Kosi,C,Kursela,29.3,30,32.1,25
2026-08-11,06:00,C-A,C,Bagmati,A,Dheng,70.4,71,73.47,0
2026-08-11,06:00,C-B,C,Bagmati,B,Sonakhan,68.45,68.8,72.05,25
2026-08-11,06:00,C-C,C,Bagmati,C,Dubadhar,60.98,61.28,63.75,50
2026-08-11,06:00,C-D,C,Bagmati,D,Kansar,58.9,59.06,60.86,25
2026-08-11,06:00,C-E,C,Bagmati,E,Kataunjha,56.15,55,58.36,25
2026-08-11,06:00,C-F,C,Bagmati,F,Benibad,49.74,48.68,50.12,28
2026-08-11,06:00,C-G,C,Bagmati,G,Hayaghat,44.02,45.72,48.96,25
2026-08-11,06:00,D-A,D,Burhi Gandak,A,Sikandarpur,50.11,52.53,54.29,0
2026-08-11,06:00,D-B,D,Burhi Gandak,B,Samastipur,43.36,45.73,49.38,33
2026-08-11,06:00,D-C,D,Burhi Gandak,C,Rosara,40.92,42.63,46.56,25
2026-08-11,06:00,D-D,D,Burhi Gandak,D,Khagaria,35.43,36.58,39.22,25
2026-08-11,06:00,E-A,E,Kamla Balan,A,Jainagar,67.1,68.5,71.35,0
2026-08-11,06:00,E-B,E,Kamla Balan,B,Jhanjharpur,49.18,50.5,53.11,100
2026-08-11,06:00,F-A,F,Bhuthi Balan,A,Ekma,68.59,69.5,72.1,0
2026-08-11,06:00,G-A,G,Lalbakeya,A,Gowabari,70.9,71.15,73.86,0
2026-08-11,06:00,H-A,H,Ganga,A,Allahabad,75.51,84.73,88.03,0
2026-08-11,06:00,H-B,H,Ganga,B,Varanasi,63.72,71.26,73.9,67
2026-08-11,06:00,H-C,H,Ganga,C,Buxar,54.86,60.32,62.09,50
2026-08-11,06:00,H-D,H,Ganga,D,Digha,48.37,50.45,52.52,50
2026-08-11,06:00,H-E,H,Ganga,E,Gandhi Ghat,47.6,48.6,50.52,25
2026-08-11,06:00,H-F,H,Ganga,F,Hathidah,40.67,41.76,43.52,50
2026-08-11,06:00,H-G,H,Ganga,G,Munger,36.76,39.33,40.99,25
2026-08-11,06:00,H-H,H,Ganga,H,Bhagalpur,31.61,33.68,34.86,25
2026-08-11,06:00,H-I,H,Ganga,I,Kahalgaon,30.2,31.09,32.87,25
2026-08-11,06:00,H-J,H,Ganga,J,Farakka,20.92,22.25,25.14,25
2026-08-11,06:00,I-A,I,Punpun,A,Sripalpur,48.51,50.6,53.91,0
2026-08-11,06:00,J-A,J,Adhwara,A,Sonbarsa,78.5,81.85,83.75,0
2026-08-11,06:00,J-B,J,Adhwara,B,Sundarpur,58.65,61.7,64.1,108
2026-08-11,06:00,J-C,J,Adhwara,C,Pupri,51.4,55.79,56.95,50
2026-08-11,06:00,K-A,K,Khiroi,A,Kamtaul,49.21,50,53.05,0
2026-08-11,06:00,K-B,K,Khiroi,B,Ekmighat,44.94,46.94,49.52,50
2026-08-11,06:00,L-A,L,Mahananda,A,Taibpur,64.05,66,67.26,0
2026-08-11,06:00,L-B,L,Mahananda,B,Dhangaraghat,35,35.65,38.2,50
2026-08-11,06:00,M-A,M,Ghaghra,A,Darauli,60.34,60.82,61.82,0
2026-08-11,06:00,M-B,M,Ghaghra,B,Gangpur Siswan,55.26,57.04,58.26,50
2026-08-11,14:00,A-A,A,Gandak,A,Khada,94.94,96,97.5,0
2026-08-11,14:00,A-B,A,Gandak,B,Chatia,67.36,69.15,70.04,25
2026-08-11,14:00,A-C,A,Gandak,C,Dumaria Ghat,62.77,62.22,64.36,25
2026-08-11,14:00,A-D,A,Gandak,D,Rewa Ghat,53.56,54.41,55.46,25
2026-08-11,14:00,A-E,A,Gandak,E,Hajipur,48,50.32,50.93,25
2026-08-11,14:00,B-A,B,Kosi,A,Basua,47.14,47.75,49.24,0
2026-08-11,14:00,B-B,B,Kosi,B,Baltara,34.82,33.85,36.4,25
2026-08-11,14:00,B-C,B,Kosi,C,Kursela,29.32,30,32.1,25
2026-08-11,14:00,C-A,C,Bagmati,A,Dheng,70.22,71,73.47,0
2026-08-11,14:00,C-B,C,Bagmati,B,Sonakhan,68.33,68.8,72.05,25
2026-08-11,14:00,C-C,C,Bagmati,C,Dubadhar,60.63,61.28,63.75,50
2026-08-11,14:00,C-D,C,Bagmati,D,Kansar,58.37,59.06,60.86,25
2026-08-11,14:00,C-E,C,Bagmati,E,Kataunjha,55.65,55,58.36,25
2026-08-11,14:00,C-F,C,Bagmati,F,Benibad,49.77,48.68,50.12,28
2026-08-11,14:00,C-G,C,Bagmati,G,Hayaghat,44.13,45.72,48.96,25
2026-08-11,14:00,D-A,D,Burhi Gandak,A,Sikandarpur,49.95,52.53,54.29,0
2026-08-11,14:00,D-B,D,Burhi Gandak,B,Samastipur,43.4,45.73,49.38,33
2026-08-11,14:00,D-C,D,Burhi Gandak,C,Rosara,40.95,42.63,46.56,25
2026-08-11,14:00,D-D,D,Burhi Gandak,D,Khagaria,35.47,36.58,39.22,25
2026-08-11,14:00,E-A,E,Kamla Balan,A,Jainagar,67.1,68.5,71.35,0
2026-08-11,14:00,E-B,E,Kamla Balan,B,Jhanjharpur,49.18,50.5,53.11,100
2026-08-11,14:00,F-A,F,Bhuthi Balan,A,Ekma,68.59,69.5,72.1,0
2026-08-11,14:00,G-A,G,Lalbakeya,A,Gowabari,70.5,71.15,73.86,0
2026-08-11,14:00,H-A,H,Ganga,A,Allahabad,75.5,84.73,88.03,0
2026-08-11,14:00,H-B,H,Ganga,B,Varanasi,63.68,71.26,73.9,67
2026-08-11,14:00,H-C,H,Ganga,C,Buxar,54.81,60.32,62.09,50
2026-08-11,14:00,H-D,H,Ganga,D,Digha,48.41,50.45,52.52,50
2026-08-11,14:00,H-E,H,Ganga,E,Gandhi Ghat,47.61,48.6,50.52,25
2026-08-11,14:00,H-F,H,Ganga,F,Hathidah,40.7,41.76,43.52,50
2026-08-11,14:00,H-G,H,Ganga,G,Munger,36.82,39.33,40.99,25
2026-08-11,14:00,H-H,H,Ganga,H,Bhagalpur,31.65,33.68,34.86,25
2026-08-11,14:00,H-I,H,Ganga,I,Kahalgaon,30.28,31.09,32.87,25
2026-08-11,14:00,H-J,H,Ganga,J,Farakka,21.07,22.25,25.14,25
2026-08-11,14:00,I-A,I,Punpun,A,Sripalpur,48.51,50.6,53.91,0
2026-08-11,14:00,J-A,J,Adhwara,A,Sonbarsa,78.48,81.85,83.75,0
2026-08-11,14:00,J-B,J,Adhwara,B,Sundarpur,58.6,61.7,64.1,108
2026-08-11,14:00,J-C,J,Adhwara,C,Pupri,51.38,55.79,56.95,50
2026-08-11,14:00,K-A,K,Khiroi,A,Kamtaul,49.13,50,53.05,0
2026-08-11,14:00,K-B,K,Khiroi,B,Ekmighat,44.94,46.94,49.52,50
2026-08-11,14:00,L-A,L,Mahananda,A,Taibpur,63.99,66,67.26,0
2026-08-11,14:00,L-B,L,Mahananda,B,Dhangaraghat,34.76,35.65,38.2,50
2026-08-11,14:00,M-A,M,Ghaghra,A,Darauli,60.29,60.82,61.82,0
2026-08-11,14:00,M-B,M,Ghaghra,B,Gangpur Siswan,55.21,57.04,58.26,50
2026-08-12,06:00,A-A,A,Gandak,A,Khada,94.96,96,97.5,0
2026-08-12,06:00,A-B,A,Gandak,B,Chatia,67.25,69.15,70.04,25
2026-08-12,06:00,A-C,A,Gandak,C,Dumaria Ghat,62.75,62.22,64.36,25
2026-08-12,06:00,A-D,A,Gandak,D,Rewa Ghat,53.45,54.41,55.46,25
2026-08-12,06:00,A-E,A,Gandak,E,Hajipur,47.98,50.32,50.93,25
2026-08-12,06:00,B-A,B,Kosi,A,Basua,46.89,47.75,49.24,0
2026-08-12,06:00,B-B,B,Kosi,B,Baltara,34.8,33.85,36.4,25
2026-08-12,06:00,B-C,B,Kosi,C,Kursela,29.42,30,32.1,25
2026-08-12,06:00,C-A,C,Bagmati,A,Dheng,70,71,73.47,0
2026-08-12,06:00,C-B,C,Bagmati,B,Sonakhan,68.1,68.8,72.05,25
2026-08-12,06:00,C-C,C,Bagmati,C,Dubadhar,60.16,61.28,63.75,50
2026-08-12,06:00,C-D,C,Bagmati,D,Kansar,57.5,59.06,60.86,25
2026-08-12,06:00,C-E,C,Bagmati,E,Kataunjha,55,55,58.36,25
2026-08-12,06:00,C-F,C,Bagmati,F,Benibad,49.69,48.68,50.12,28
2026-08-12,06:00,C-G,C,Bagmati,G,Hayaghat,44.19,45.72,48.96,25
2026-08-12,06:00,D-A,D,Burhi Gandak,A,Sikandarpur,49.91,52.53,54.29,0
2026-08-12,06:00,D-B,D,Burhi Gandak,B,Samastipur,43.4,45.73,49.38,33
2026-08-12,06:00,D-C,D,Burhi Gandak,C,Rosara,41.03,42.63,46.56,25
2026-08-12,06:00,D-D,D,Burhi Gandak,D,Khagaria,35.58,36.58,39.22,25
2026-08-12,06:00,E-A,E,Kamla Balan,A,Jainagar,67,68.5,71.35,0
2026-08-12,06:00,E-B,E,Kamla Balan,B,Jhanjharpur,49.18,50.5,53.11,100
2026-08-12,06:00,F-A,F,Bhuthi Balan,A,Ekma,68.59,69.5,72.1,0
2026-08-12,06:00,G-A,G,Lalbakeya,A,Gowabari,70,71.15,73.86,0
2026-08-12,06:00,H-A,H,Ganga,A,Allahabad,75.48,84.73,88.03,0
2026-08-12,06:00,H-B,H,Ganga,B,Varanasi,63.64,71.26,73.9,67
2026-08-12,06:00,H-C,H,Ganga,C,Buxar,54.79,60.32,62.09,50
2026-08-12,06:00,H-D,H,Ganga,D,Digha,48.41,50.45,52.52,50
2026-08-12,06:00,H-E,H,Ganga,E,Gandhi Ghat,47.6,48.6,50.52,25
2026-08-12,06:00,H-F,H,Ganga,F,Hathidah,40.74,41.76,43.52,50
2026-08-12,06:00,H-G,H,Ganga,G,Munger,36.98,39.33,40.99,25
2026-08-12,06:00,H-H,H,Ganga,H,Bhagalpur,31.73,33.68,34.86,25
2026-08-12,06:00,H-I,H,Ganga,I,Kahalgaon,30.4,31.09,32.87,25
2026-08-12,06:00,H-J,H,Ganga,J,Farakka,21.3,22.25,25.14,25
2026-08-12,06:00,I-A,I,Punpun,A,Sripalpur,48.46,50.6,53.91,0
2026-08-12,06:00,J-A,J,Adhwara,A,Sonbarsa,78.48,81.85,83.75,0
2026-08-12,06:00,J-B,J,Adhwara,B,Sundarpur,58.55,61.7,64.1,108
2026-08-12,06:00,J-C,J,Adhwara,C,Pupri,51.38,55.79,56.95,50
2026-08-12,06:00,K-A,K,Khiroi,A,Kamtaul,48.89,50,53.05,0
2026-08-12,06:00,K-B,K,Khiroi,B,Ekmighat,44.94,46.94,49.52,50
2026-08-12,06:00,L-A,L,Mahananda,A,Taibpur,63.82,66,67.26,0
2026-08-12,06:00,L-B,L,Mahananda,B,Dhangaraghat,34.48,35.65,38.2,50
2026-08-12,06:00,M-A,M,Ghaghra,A,Darauli,60.2,60.82,61.82,0
2026-08-12,06:00,M-B,M,Ghaghra,B,Gangpur Siswan,55.09,57.04,58.26,50
2026-08-12,14:00,A-A,A,Gandak,A,Khada,94.88,96,97.5,0
2026-08-12,14:00,A-B,A,Gandak,B,Chatia,67.21,69.15,70.04,25
2026-08-12,14:00,A-C,A,Gandak,C,Dumaria Ghat,62.71,62.22,64.36,25
2026-08-12,14:00,A-D,A,Gandak,D,Rewa Ghat,53.37,54.41,55.46,25
2026-08-12,14:00,A-E,A,Gandak,E,Hajipur,47.92,50.32,50.93,25
2026-08-12,14:00,B-A,B,Kosi,A,Basua,46.85,47.75,49.24,0
2026-08-12,14:00,B-B,B,Kosi,B,Baltara,34.79,33.85,36.4,25
2026-08-12,14:00,B-C,B,Kosi,C,Kursela,29.44,30,32.1,25
2026-08-12,14:00,C-A,C,Bagmati,A,Dheng,70,71,73.47,0
2026-08-12,14:00,C-B,C,Bagmati,B,Sonakhan,68.1,68.8,72.05,25
2026-08-12,14:00,C-C,C,Bagmati,C,Dubadhar,60.12,61.28,63.75,50
2026-08-12,14:00,C-D,C,Bagmati,D,Kansar,57.4,59.06,60.86,25
2026-08-12,14:00,C-E,C,Bagmati,E,Kataunjha,54.75,55,58.36,25
2026-08-12,14:00,C-F,C,Bagmati,F,Benibad,49.65,48.68,50.12,28
2026-08-12,14:00,C-G,C,Bagmati,G,Hayaghat,44.05,45.72,48.96,25
2026-08-12,14:00,D-A,D,Burhi Gandak,A,Sikandarpur,49.91,52.53,54.29,0
2026-08-12,14:00,D-B,D,Burhi Gandak,B,Samastipur,43.4,45.73,49.38,33
2026-08-12,14:00,D-C,D,Burhi Gandak,C,Rosara,41.09,42.63,46.56,25
2026-08-12,14:00,D-D,D,Burhi Gandak,D,Khagaria,35.61,36.58,39.22,25
2026-08-12,14:00,E-A,E,Kamla Balan,A,Jainagar,67,68.5,71.35,0
2026-08-12,14:00,E-B,E,Kamla Balan,B,Jhanjharpur,49.16,50.5,53.11,100
2026-08-12,14:00,F-A,F,Bhuthi Balan,A,Ekma,68.59,69.5,72.1,0
2026-08-12,14:00,G-A,G,Lalbakeya,A,Gowabari,69.8,71.15,73.86,0
2026-08-12,14:00,H-A,H,Ganga,A,Allahabad,75.48,84.73,88.03,0
2026-08-12,14:00,H-B,H,Ganga,B,Varanasi,63.61,71.26,73.9,67
2026-08-12,14:00,H-C,H,Ganga,C,Buxar,54.75,60.32,62.09,50
2026-08-12,14:00,H-D,H,Ganga,D,Digha,48.33,50.45,52.52,50
2026-08-12,14:00,H-E,H,Ganga,E,Gandhi Ghat,47.56,48.6,50.52,25
2026-08-12,14:00,H-F,H,Ganga,F,Hathidah,40.74,41.76,43.52,50
2026-08-12,14:00,H-G,H,Ganga,G,Munger,37,39.33,40.99,25
2026-08-12,14:00,H-H,H,Ganga,H,Bhagalpur,31.81,33.68,34.86,25
2026-08-12,14:00,H-I,H,Ganga,I,Kahalgaon,30.43,31.09,32.87,25
2026-08-12,14:00,H-J,H,Ganga,J,Farakka,21.3,22.25,25.14,25
2026-08-12,14:00,I-A,I,Punpun,A,Sripalpur,48.32,50.6,53.91,0
2026-08-12,14:00,J-A,J,Adhwara,A,Sonbarsa,78.48,81.85,83.75,0
2026-08-12,14:00,J-B,J,Adhwara,B,Sundarpur,58.55,61.7,64.1,108
2026-08-12,14:00,J-C,J,Adhwara,C,Pupri,51.35,55.79,56.95,50
2026-08-12,14:00,K-A,K,Khiroi,A,Kamtaul,48.86,50,53.05,0
2026-08-12,14:00,K-B,K,Khiroi,B,Ekmighat,44.94,46.94,49.52,50
2026-08-12,14:00,L-A,L,Mahananda,A,Taibpur,63.78,66,67.26,0
2026-08-12,14:00,L-B,L,Mahananda,B,Dhangaraghat,34.46,35.65,38.2,50
2026-08-12,14:00,M-A,M,Ghaghra,A,Darauli,60.08,60.82,61.82,0
2026-08-12,14:00,M-B,M,Ghaghra,B,Gangpur Siswan,54.94,57.04,58.26,50
2026-08-13,06:00,A-A,A,Gandak,A,Khada,94.72,96,97.5,0
2026-08-13,06:00,A-B,A,Gandak,B,Chatia,67.1,69.15,70.04,25
2026-08-13,06:00,A-C,A,Gandak,C,Dumaria Ghat,62.65,62.22,64.36,25
2026-08-13,06:00,A-D,A,Gandak,D,Rewa Ghat,53.27,54.41,55.46,25
2026-08-13,06:00,A-E,A,Gandak,E,Hajipur,47.86,50.32,50.93,25
2026-08-13,06:00,B-A,B,Kosi,A,Basua,46.72,47.75,49.24,0
2026-08-13,06:00,B-B,B,Kosi,B,Baltara,34.79,33.85,36.4,25
2026-08-13,06:00,B-C,B,Kosi,C,Kursela,29.54,30,32.1,25
2026-08-13,06:00,C-A,C,Bagmati,A,Dheng,70.2,71,73.47,0
2026-08-13,06:00,C-B,C,Bagmati,B,Sonakhan,68.3,68.8,72.05,25
2026-08-13,06:00,C-C,C,Bagmati,C,Dubadhar,60.13,61.28,63.75,50
2026-08-13,06:00,C-D,C,Bagmati,D,Kansar,57.25,59.06,60.86,25
2026-08-13,06:00,C-E,C,Bagmati,E,Kataunjha,54.5,55,58.36,25
2026-08-13,06:00,C-F,C,Bagmati,F,Benibad,49.57,48.68,50.12,28
2026-08-13,06:00,C-G,C,Bagmati,G,Hayaghat,43.86,45.72,48.96,25
2026-08-13,06:00,D-A,D,Burhi Gandak,A,Sikandarpur,49.75,52.53,54.29,0
2026-08-13,06:00,D-B,D,Burhi Gandak,B,Samastipur,43.4,45.73,49.38,33
2026-08-13,06:00,D-C,D,Burhi Gandak,C,Rosara,41.3,42.63,46.56,25
2026-08-13,06:00,D-D,D,Burhi Gandak,D,Khagaria,35.63,36.58,39.22,25
2026-08-13,06:00,E-A,E,Kamla Balan,A,Jainagar,67,68.5,71.35,0
2026-08-13,06:00,E-B,E,Kamla Balan,B,Jhanjharpur,49.13,50.5,53.11,100
2026-08-13,06:00,F-A,F,Bhuthi Balan,A,Ekma,68.59,69.5,72.1,0
2026-08-13,06:00,G-A,G,Lalbakeya,A,Gowabari,70.8,71.15,73.86,0
2026-08-13,06:00,H-A,H,Ganga,A,Allahabad,75.5,84.73,88.03,0
2026-08-13,06:00,H-B,H,Ganga,B,Varanasi,63.57,71.26,73.9,67
2026-08-13,06:00,H-C,H,Ganga,C,Buxar,54.67,60.32,62.09,50
2026-08-13,06:00,H-D,H,Ganga,D,Digha,48.2,50.45,52.52,50
2026-08-13,06:00,H-E,H,Ganga,E,Gandhi Ghat,47.47,48.6,50.52,25
2026-08-13,06:00,H-F,H,Ganga,F,Hathidah,40.7,41.76,43.52,50
2026-08-13,06:00,H-G,H,Ganga,G,Munger,37.02,39.33,40.99,25
2026-08-13,06:00,H-H,H,Ganga,H,Bhagalpur,31.89,33.68,34.86,25
2026-08-13,06:00,H-I,H,Ganga,I,Kahalgaon,30.5,31.09,32.87,25
2026-08-13,06:00,H-J,H,Ganga,J,Farakka,21.3,22.25,25.14,25
2026-08-13,06:00,I-A,I,Punpun,A,Sripalpur,48.15,50.6,53.91,0
2026-08-13,06:00,J-A,J,Adhwara,A,Sonbarsa,78.45,81.85,83.75,0
2026-08-13,06:00,J-B,J,Adhwara,B,Sundarpur,58.45,61.7,64.1,108
2026-08-13,06:00,J-C,J,Adhwara,C,Pupri,51.3,55.79,56.95,50
2026-08-13,06:00,K-A,K,Khiroi,A,Kamtaul,48.82,50,53.05,0
2026-08-13,06:00,K-B,K,Khiroi,B,Ekmighat,44.99,46.94,49.52,50
2026-08-13,06:00,L-A,L,Mahananda,A,Taibpur,63.7,66,67.26,0
2026-08-13,06:00,L-B,L,Mahananda,B,Dhangaraghat,34.34,35.65,38.2,50
2026-08-13,06:00,M-A,M,Ghaghra,A,Darauli,59.98,60.82,61.82,0
2026-08-13,06:00,M-B,M,Ghaghra,B,Gangpur Siswan,54.83,57.04,58.26,50
2026-08-13,14:00,A-A,A,Gandak,A,Khada,94.67,96,97.5,0
2026-08-13,14:00,A-B,A,Gandak,B,Chatia,67.02,69.15,70.04,25
2026-08-13,14:00,A-C,A,Gandak,C,Dumaria Ghat,62.57,62.22,64.36,25
2026-08-13,14:00,A-D,A,Gandak,D,Rewa Ghat,53.26,54.41,55.46,25
2026-08-13,14:00,A-E,A,Gandak,E,Hajipur,47.8,50.32,50.93,25
2026-08-13,14:00,B-A,B,Kosi,A,Basua,46.7,47.75,49.24,0
2026-08-13,14:00,B-B,B,Kosi,B,Baltara,34.74,33.85,36.4,25
2026-08-13,14:00,B-C,B,Kosi,C,Kursela,29.47,30,32.1,25
2026-08-13,14:00,C-A,C,Bagmati,A,Dheng,70.08,71,73.47,0
2026-08-13,14:00,C-B,C,Bagmati,B,Sonakhan,68.25,68.8,72.05,25
2026-08-13,14:00,C-C,C,Bagmati,C,Dubadhar,60.41,61.28,63.75,50
2026-08-13,14:00,C-D,C,Bagmati,D,Kansar,57.8,59.06,60.86,25
2026-08-13,14:00,C-E,C,Bagmati,E,Kataunjha,54.85,55,58.36,25
2026-08-13,14:00,C-F,C,Bagmati,F,Benibad,49.49,48.68,50.12,28
2026-08-13,14:00,C-G,C,Bagmati,G,Hayaghat,43.86,45.72,48.96,25
2026-08-13,14:00,D-A,D,Burhi Gandak,A,Sikandarpur,49.56,52.53,54.29,0
2026-08-13,14:00,D-B,D,Burhi Gandak,B,Samastipur,43.4,45.73,49.38,33
2026-08-13,14:00,D-C,D,Burhi Gandak,C,Rosara,41.32,42.63,46.56,25
2026-08-13,14:00,D-D,D,Burhi Gandak,D,Khagaria,35.6,36.58,39.22,25
2026-08-13,14:00,E-A,E,Kamla Balan,A,Jainagar,67.3,68.5,71.35,0
2026-08-13,14:00,E-B,E,Kamla Balan,B,Jhanjharpur,49.17,50.5,53.11,100
2026-08-13,14:00,F-A,F,Bhuthi Balan,A,Ekma,68.59,69.5,72.1,0
2026-08-13,14:00,G-A,G,Lalbakeya,A,Gowabari,70.2,71.15,73.86,0
2026-08-13,14:00,H-A,H,Ganga,A,Allahabad,75.57,84.73,88.03,0
2026-08-13,14:00,H-B,H,Ganga,B,Varanasi,63.56,71.26,73.9,67
2026-08-13,14:00,H-C,H,Ganga,C,Buxar,54.63,60.32,62.09,50
2026-08-13,14:00,H-D,H,Ganga,D,Digha,48.09,50.45,52.52,50
2026-08-13,14:00,H-E,H,Ganga,E,Gandhi Ghat,47.38,48.6,50.52,25
2026-08-13,14:00,H-F,H,Ganga,F,Hathidah,40.66,41.76,43.52,50
2026-08-13,14:00,H-G,H,Ganga,G,Munger,36.98,39.33,40.99,25
2026-08-13,14:00,H-H,H,Ganga,H,Bhagalpur,31.9,33.68,34.86,25
2026-08-13,14:00,H-I,H,Ganga,I,Kahalgaon,30.52,31.09,32.87,25
2026-08-13,14:00,H-J,H,Ganga,J,Farakka,21.36,22.25,25.14,25
2026-08-13,14:00,I-A,I,Punpun,A,Sripalpur,48.07,50.6,53.91,0
2026-08-13,14:00,J-A,J,Adhwara,A,Sonbarsa,78.45,81.85,83.75,0
2026-08-13,14:00,J-B,J,Adhwara,B,Sundarpur,58.45,61.7,64.1,108
2026-08-13,14:00,J-C,J,Adhwara,C,Pupri,51.28,55.79,56.95,50
2026-08-13,14:00,K-A,K,Khiroi,A,Kamtaul,48.79,50,53.05,0
2026-08-13,14:00,K-B,K,Khiroi,B,Ekmighat,44.99,46.94,49.52,50
2026-08-13,14:00,L-A,L,Mahananda,A,Taibpur,63.67,66,67.26,0
2026-08-13,14:00,L-B,L,Mahananda,B,Dhangaraghat,34.26,35.65,38.2,50
2026-08-13,14:00,M-A,M,Ghaghra,A,Darauli,59.98,60.82,61.82,0
2026-08-13,14:00,M-B,M,Ghaghra,B,Gangpur Siswan,54.81,57.04,58.26,50
2026-08-14,06:00,A-A,A,Gandak,A,Khada,94.76,96,97.5,0
2026-08-14,06:00,A-B,A,Gandak,B,Chatia,66.97,69.15,70.04,25
2026-08-14,06:00,A-C,A,Gandak,C,Dumaria Ghat,62.45,62.22,64.36,25
2026-08-14,06:00,A-D,A,Gandak,D,Rewa Ghat,53.18,54.41,55.46,25
2026-08-14,06:00,A-E,A,Gandak,E,Hajipur,47.71,50.32,50.93,25
2026-08-14,06:00,B-A,B,Kosi,A,Basua,46.65,47.75,49.24,0
2026-08-14,06:00,B-B,B,Kosi,B,Baltara,34.67,33.85,36.4,25
2026-08-14,06:00,B-C,B,Kosi,C,Kursela,29.46,30,32.1,25
2026-08-14,06:00,C-A,C,Bagmati,A,Dheng,70,71,73.47,0
2026-08-14,06:00,C-B,C,Bagmati,B,Sonakhan,68.17,68.8,72.05,25
2026-08-14,06:00,C-C,C,Bagmati,C,Dubadhar,60.13,61.28,63.75,50
2026-08-14,06:00,C-D,C,Bagmati,D,Kansar,57.35,59.06,60.86,25
2026-08-14,06:00,C-E,C,Bagmati,E,Kataunjha,54.5,55,58.36,25
2026-08-14,06:00,C-F,C,Bagmati,F,Benibad,49.41,48.68,50.12,28
2026-08-14,06:00,C-G,C,Bagmati,G,Hayaghat,43.86,45.72,48.96,25
2026-08-14,06:00,D-A,D,Burhi Gandak,A,Sikandarpur,49.32,52.53,54.29,0
2026-08-14,06:00,D-B,D,Burhi Gandak,B,Samastipur,43.3,45.73,49.38,33
2026-08-14,06:00,D-C,D,Burhi Gandak,C,Rosara,41.28,42.63,46.56,25
2026-08-14,06:00,D-D,D,Burhi Gandak,D,Khagaria,35.59,36.58,39.22,25
2026-08-14,06:00,E-A,E,Kamla Balan,A,Jainagar,67.6,68.5,71.35,0
2026-08-14,06:00,E-B,E,Kamla Balan,B,Jhanjharpur,50,50.5,53.11,100
2026-08-14,06:00,F-A,F,Bhuthi Balan,A,Ekma,68.59,69.5,72.1,0
2026-08-14,06:00,G-A,G,Lalbakeya,A,Gowabari,70.4,71.15,73.86,0
2026-08-14,06:00,H-A,H,Ganga,A,Allahabad,75.82,84.73,88.03,0
2026-08-14,06:00,H-B,H,Ganga,B,Varanasi,63.58,71.26,73.9,67
2026-08-14,06:00,H-C,H,Ganga,C,Buxar,54.6,60.32,62.09,50
2026-08-14,06:00,H-D,H,Ganga,D,Digha,48.02,50.45,52.52,50
2026-08-14,06:00,H-E,H,Ganga,E,Gandhi Ghat,47.3,48.6,50.52,25
2026-08-14,06:00,H-F,H,Ganga,F,Hathidah,40.58,41.76,43.52,50
2026-08-14,06:00,H-G,H,Ganga,G,Munger,36.9,39.33,40.99,25
2026-08-14,06:00,H-H,H,Ganga,H,Bhagalpur,31.87,33.68,34.86,25
2026-08-14,06:00,H-I,H,Ganga,I,Kahalgaon,30.54,31.09,32.87,25
2026-08-14,06:00,H-J,H,Ganga,J,Farakka,21.36,22.25,25.14,25
2026-08-14,06:00,I-A,I,Punpun,A,Sripalpur,47.91,50.6,53.91,0
2026-08-14,06:00,J-A,J,Adhwara,A,Sonbarsa,79.6,81.85,83.75,0
2026-08-14,06:00,J-B,J,Adhwara,B,Sundarpur,58.45,61.7,64.1,108
2026-08-14,06:00,J-C,J,Adhwara,C,Pupri,51.28,55.79,56.95,50
2026-08-14,06:00,K-A,K,Khiroi,A,Kamtaul,48.72,50,53.05,0
2026-08-14,06:00,K-B,K,Khiroi,B,Ekmighat,44.97,46.94,49.52,50
2026-08-14,06:00,L-A,L,Mahananda,A,Taibpur,63.66,66,67.26,0
2026-08-14,06:00,L-B,L,Mahananda,B,Dhangaraghat,34.1,35.65,38.2,50
2026-08-14,06:00,M-A,M,Ghaghra,A,Darauli,59.99,60.82,61.82,0
2026-08-14,06:00,M-B,M,Ghaghra,B,Gangpur Siswan,54.84,57.04,58.26,50
2026-08-14,14:00,A-A,A,Gandak,A,Khada,95.2,96,97.5,0
2026-08-14,14:00,A-B,A,Gandak,B,Chatia,66.93,69.15,70.04,25
2026-08-14,14:00,A-C,A,Gandak,C,Dumaria Ghat,62.49,62.22,64.36,25
2026-08-14,14:00,A-D,A,Gandak,D,Rewa Ghat,52.98,54.41,55.46,25
2026-08-14,14:00,A-E,A,Gandak,E,Hajipur,47.63,50.32,50.93,25
2026-08-14,14:00,B-A,B,Kosi,A,Basua,46.69,47.75,49.24,0
2026-08-14,14:00,B-B,B,Kosi,B,Baltara,34.54,33.85,36.4,25
2026-08-14,14:00,B-C,B,Kosi,C,Kursela,29.42,30,32.1,25
2026-08-14,14:00,C-A,C,Bagmati,A,Dheng,70.3,71,73.47,0
2026-08-14,14:00,C-B,C,Bagmati,B,Sonakhan,68.32,68.8,72.05,25
2026-08-14,14:00,C-C,C,Bagmati,C,Dubadhar,60.03,61.28,63.75,50
2026-08-14,14:00,C-D,C,Bagmati,D,Kansar,57.38,59.06,60.86,25
2026-08-14,14:00,C-E,C,Bagmati,E,Kataunjha,54.5,55,58.36,25
2026-08-14,14:00,C-F,C,Bagmati,F,Benibad,49.41,48.68,50.12,28
2026-08-14,14:00,C-G,C,Bagmati,G,Hayaghat,43.86,45.72,48.96,25
2026-08-14,14:00,D-A,D,Burhi Gandak,A,Sikandarpur,49.24,52.53,54.29,0
2026-08-14,14:00,D-B,D,Burhi Gandak,B,Samastipur,43.26,45.73,49.38,33
2026-08-14,14:00,D-C,D,Burhi Gandak,C,Rosara,41.21,42.63,46.56,25
2026-08-14,14:00,D-D,D,Burhi Gandak,D,Khagaria,35.58,36.58,39.22,25
2026-08-14,14:00,E-A,E,Kamla Balan,A,Jainagar,67.3,68.5,71.35,0
2026-08-14,14:00,E-B,E,Kamla Balan,B,Jhanjharpur,50.1,50.5,53.11,100
2026-08-14,14:00,F-A,F,Bhuthi Balan,A,Ekma,68.59,69.5,72.1,0
2026-08-14,14:00,G-A,G,Lalbakeya,A,Gowabari,70.1,71.15,73.86,0
2026-08-14,14:00,H-A,H,Ganga,A,Allahabad,75.9,84.73,88.03,0
2026-08-14,14:00,H-B,H,Ganga,B,Varanasi,63.6,71.26,73.9,67
2026-08-14,14:00,H-C,H,Ganga,C,Buxar,54.56,60.32,62.09,50
2026-08-14,14:00,H-D,H,Ganga,D,Digha,47.98,50.45,52.52,50
2026-08-14,14:00,H-E,H,Ganga,E,Gandhi Ghat,47.25,48.6,50.52,25
2026-08-14,14:00,H-F,H,Ganga,F,Hathidah,40.54,41.76,43.52,50
2026-08-14,14:00,H-G,H,Ganga,G,Munger,36.86,39.33,40.99,25
2026-08-14,14:00,H-H,H,Ganga,H,Bhagalpur,31.83,33.68,34.86,25
2026-08-14,14:00,H-I,H,Ganga,I,Kahalgaon,30.54,31.09,32.87,25
2026-08-14,14:00,H-J,H,Ganga,J,Farakka,21.34,22.25,25.14,25
2026-08-14,14:00,I-A,I,Punpun,A,Sripalpur,47.83,50.6,53.91,0
2026-08-14,14:00,J-A,J,Adhwara,A,Sonbarsa,79.25,81.85,83.75,0
2026-08-14,14:00,J-B,J,Adhwara,B,Sundarpur,58.45,61.7,64.1,108
2026-08-14,14:00,J-C,J,Adhwara,C,Pupri,51.28,55.79,56.95,50
2026-08-14,14:00,K-A,K,Khiroi,A,Kamtaul,48.68,50,53.05,0
2026-08-14,14:00,K-B,K,Khiroi,B,Ekmighat,44.93,46.94,49.52,50
2026-08-14,14:00,L-A,L,Mahananda,A,Taibpur,63.7,66,67.26,0
2026-08-14,14:00,L-B,L,Mahananda,B,Dhangaraghat,34.1,35.65,38.2,50
2026-08-14,14:00,M-A,M,Ghaghra,A,Darauli,60.12,60.82,61.82,0
2026-08-14,14:00,M-B,M,Ghaghra,B,Gangpur Siswan,54.88,57.04,58.26,50
2026-08-15,06:00,A-A,A,Gandak,A,Khada,95.3,96,97.5,0
2026-08-15,06:00,A-B,A,Gandak,B,Chatia,66.87,69.15,70.04,25
2026-08-15,06:00,A-C,A,Gandak,C,Dumaria Ghat,62.57,62.22,64.36,25
2026-08-15,06:00,A-D,A,Gandak,D,Rewa Ghat,52.86,54.41,55.46,25
2026-08-15,06:00,A-E,A,Gandak,E,Hajipur,47.56,50.32,50.93,25
2026-08-15,06:00,B-A,B,Kosi,A,Basua,46.74,47.75,49.24,0
2026-08-15,06:00,B-B,B,Kosi,B,Baltara,34.48,33.85,36.4,25
2026-08-15,06:00,B-C,B,Kosi,C,Kursela,29.33,30,32.1,25
2026-08-15,06:00,C-A,C,Bagmati,A,Dheng,70,71,73.47,0
2026-08-15,06:00,C-B,C,Bagmati,B,Sonakhan,68.25,68.8,72.05,25
2026-08-15,06:00,C-C,C,Bagmati,C,Dubadhar,59.96,61.28,63.75,50
2026-08-15,06:00,C-D,C,Bagmati,D,Kansar,57.35,59.06,60.86,25
2026-08-15,06:00,C-E,C,Bagmati,E,Kataunjha,54.55,55,58.36,25
2026-08-15,06:00,C-F,C,Bagmati,F,Benibad,49.41,48.68,50.12,28
2026-08-15,06:00,C-G,C,Bagmati,G,Hayaghat,43.86,45.72,48.96,25
2026-08-15,06:00,D-A,D,Burhi Gandak,A,Sikandarpur,49,52.53,54.29,0
2026-08-15,06:00,D-B,D,Burhi Gandak,B,Samastipur,43.14,45.73,49.38,33
2026-08-15,06:00,D-C,D,Burhi Gandak,C,Rosara,40.92,42.63,46.56,25
2026-08-15,06:00,D-D,D,Burhi Gandak,D,Khagaria,35.49,36.58,39.22,25
2026-08-15,06:00,E-A,E,Kamla Balan,A,Jainagar,67.15,68.5,71.35,0
2026-08-15,06:00,E-B,E,Kamla Balan,B,Jhanjharpur,49.35,50.5,53.11,100
2026-08-15,06:00,F-A,F,Bhuthi Balan,A,Ekma,68.59,69.5,72.1,0
2026-08-15,06:00,G-A,G,Lalbakeya,A,Gowabari,69.8,71.15,73.86,0
2026-08-15,06:00,H-A,H,Ganga,A,Allahabad,76.11,84.73,88.03,0
2026-08-15,06:00,H-B,H,Ganga,B,Varanasi,63.68,71.26,73.9,67
2026-08-15,06:00,H-C,H,Ganga,C,Buxar,54.53,60.32,62.09,50
2026-08-15,06:00,H-D,H,Ganga,D,Digha,47.86,50.45,52.52,50
2026-08-15,06:00,H-E,H,Ganga,E,Gandhi Ghat,47.17,48.6,50.52,25
2026-08-15,06:00,H-F,H,Ganga,F,Hathidah,40.44,41.76,43.52,50
2026-08-15,06:00,H-G,H,Ganga,G,Munger,36.78,39.33,40.99,25
2026-08-15,06:00,H-H,H,Ganga,H,Bhagalpur,31.71,33.68,34.86,25
2026-08-15,06:00,H-I,H,Ganga,I,Kahalgaon,30.49,31.09,32.87,25
2026-08-15,06:00,H-J,H,Ganga,J,Farakka,21.3,22.25,25.14,25
2026-08-15,06:00,I-A,I,Punpun,A,Sripalpur,47.65,50.6,53.91,0
2026-08-15,06:00,J-A,J,Adhwara,A,Sonbarsa,78.7,81.85,83.75,0
2026-08-15,06:00,J-B,J,Adhwara,B,Sundarpur,58.55,61.7,64.1,108
2026-08-15,06:00,J-C,J,Adhwara,C,Pupri,51.35,55.79,56.95,50
2026-08-15,06:00,K-A,K,Khiroi,A,Kamtaul,48.64,50,53.05,0
2026-08-15,06:00,K-B,K,Khiroi,B,Ekmighat,44.77,46.94,49.52,50
2026-08-15,06:00,L-A,L,Mahananda,A,Taibpur,63.65,66,67.26,0
2026-08-15,06:00,L-B,L,Mahananda,B,Dhangaraghat,34.1,35.65,38.2,50
2026-08-15,06:00,M-A,M,Ghaghra,A,Darauli,60.18,60.82,61.82,0
2026-08-15,06:00,M-B,M,Ghaghra,B,Gangpur Siswan,54.96,57.04,58.26,50
2026-08-15,14:00,A-A,A,Gandak,A,Khada,95.06,96,97.5,0
2026-08-15,14:00,A-B,A,Gandak,B,Chatia,66.79,69.15,70.04,25
2026-08-15,14:00,A-C,A,Gandak,C,Dumaria Ghat,62.81,62.22,64.36,25
2026-08-15,14:00,A-D,A,Gandak,D,Rewa Ghat,52.87,54.41,55.46,25
2026-08-15,14:00,A-E,A,Gandak,E,Hajipur,47.6,50.32,50.93,25
2026-08-15,14:00,B-A,B,Kosi,A,Basua,46.78,47.75,49.24,0
2026-08-15,14:00,B-B,B,Kosi,B,Baltara,34.46,33.85,36.4,25
2026-08-15,14:00,B-C,B,Kosi,C,Kursela,29.29,30,32.1,25
2026-08-15,14:00,C-A,C,Bagmati,A,Dheng,69.98,71,73.47,0
2026-08-15,14:00,C-B,C,Bagmati,B,Sonakhan,68.22,68.8,72.05,25
2026-08-15,14:00,C-C,C,Bagmati,C,Dubadhar,59.93,61.28,63.75,50
2026-08-15,14:00,C-D,C,Bagmati,D,Kansar,57.4,59.06,60.86,25
2026-08-15,14:00,C-E,C,Bagmati,E,Kataunjha,54.5,55,58.36,25
2026-08-15,14:00,C-F,C,Bagmati,F,Benibad,49.41,48.68,50.12,28
2026-08-15,14:00,C-G,C,Bagmati,G,Hayaghat,43.76,45.72,48.96,25
2026-08-15,14:00,D-A,D,Burhi Gandak,A,Sikandarpur,48.86,52.53,54.29,0
2026-08-15,14:00,D-B,D,Burhi Gandak,B,Samastipur,43.06,45.73,49.38,33
2026-08-15,14:00,D-C,D,Burhi Gandak,C,Rosara,40.79,42.63,46.56,25
2026-08-15,14:00,D-D,D,Burhi Gandak,D,Khagaria,35.46,36.58,39.22,25
2026-08-15,14:00,E-A,E,Kamla Balan,A,Jainagar,67.1,68.5,71.35,0
2026-08-15,14:00,E-B,E,Kamla Balan,B,Jhanjharpur,49.35,50.5,53.11,100
2026-08-15,14:00,F-A,F,Bhuthi Balan,A,Ekma,68.59,69.5,72.1,0
2026-08-15,14:00,G-A,G,Lalbakeya,A,Gowabari,69.8,71.15,73.86,0
2026-08-15,14:00,H-A,H,Ganga,A,Allahabad,76.36,84.73,88.03,0
2026-08-15,14:00,H-B,H,Ganga,B,Varanasi,63.84,71.26,73.9,67
2026-08-15,14:00,H-C,H,Ganga,C,Buxar,54.52,60.32,62.09,50
2026-08-15,14:00,H-D,H,Ganga,D,Digha,47.85,50.45,52.52,50
2026-08-15,14:00,H-E,H,Ganga,E,Gandhi Ghat,47.16,48.6,50.52,25
2026-08-15,14:00,H-F,H,Ganga,F,Hathidah,40.36,41.76,43.52,50
2026-08-15,14:00,H-G,H,Ganga,G,Munger,36.74,39.33,40.99,25
2026-08-15,14:00,H-H,H,Ganga,H,Bhagalpur,31.63,33.68,34.86,25
2026-08-15,14:00,H-I,H,Ganga,I,Kahalgaon,30.45,31.09,32.87,25
2026-08-15,14:00,H-J,H,Ganga,J,Farakka,21.24,22.25,25.14,25
2026-08-15,14:00,I-A,I,Punpun,A,Sripalpur,47.55,50.6,53.91,0
2026-08-15,14:00,J-A,J,Adhwara,A,Sonbarsa,78.5,81.85,83.75,0
2026-08-15,14:00,J-B,J,Adhwara,B,Sundarpur,58.55,61.7,64.1,108
2026-08-15,14:00,J-C,J,Adhwara,C,Pupri,51.4,55.79,56.95,50
2026-08-15,14:00,K-A,K,Khiroi,A,Kamtaul,48.61,50,53.05,0
2026-08-15,14:00,K-B,K,Khiroi,B,Ekmighat,44.69,46.94,49.52,50
2026-08-15,14:00,L-A,L,Mahananda,A,Taibpur,63.65,66,67.26,0
2026-08-15,14:00,L-B,L,Mahananda,B,Dhangaraghat,34.1,35.65,38.2,50
2026-08-15,14:00,M-A,M,Ghaghra,A,Darauli,60.21,60.82,61.82,0
2026-08-15,14:00,M-B,M,Ghaghra,B,Gangpur Siswan,55,57.04,58.26,50
2026-08-16,06:00,A-A,A,Gandak,A,Khada,94.85,96,97.5,0
2026-08-16,06:00,A-B,A,Gandak,B,Chatia,66.85,69.15,70.04,25
2026-08-16,06:00,A-C,A,Gandak,C,Dumaria Ghat,63.05,62.22,64.36,25
2026-08-16,06:00,A-D,A,Gandak,D,Rewa Ghat,53.15,54.41,55.46,25
2026-08-16,06:00,A-E,A,Gandak,E,Hajipur,47.76,50.32,50.93,25
2026-08-16,06:00,B-A,B,Kosi,A,Basua,46.75,47.75,49.24,0
2026-08-16,06:00,B-B,B,Kosi,B,Baltara,34.54,33.85,36.4,25
2026-08-16,06:00,B-C,B,Kosi,C,Kursela,29.21,30,32.1,25
2026-08-16,06:00,C-A,C,Bagmati,A,Dheng,69.9,71,73.47,0
2026-08-16,06:00,C-B,C,Bagmati,B,Sonakhan,68.12,68.8,72.05,25
2026-08-16,06:00,C-C,C,Bagmati,C,Dubadhar,59.74,61.28,63.75,50
2026-08-16,06:00,C-D,C,Bagmati,D,Kansar,57.3,59.06,60.86,25
2026-08-16,06:00,C-E,C,Bagmati,E,Kataunjha,54.45,55,58.36,25
2026-08-16,06:00,C-F,C,Bagmati,F,Benibad,49.21,48.68,50.12,28
2026-08-16,06:00,C-G,C,Bagmati,G,Hayaghat,43.56,45.72,48.96,25
2026-08-16,06:00,D-A,D,Burhi Gandak,A,Sikandarpur,48.62,52.53,54.29,0
2026-08-16,06:00,D-B,D,Burhi Gandak,B,Samastipur,42.76,45.73,49.38,33
2026-08-16,06:00,D-C,D,Burhi Gandak,C,Rosara,40.63,42.63,46.56,25
2026-08-16,06:00,D-D,D,Burhi Gandak,D,Khagaria,35.32,36.58,39.22,25
2026-08-16,06:00,E-A,E,Kamla Balan,A,Jainagar,67,68.5,71.35,0
2026-08-16,06:00,E-B,E,Kamla Balan,B,Jhanjharpur,49.28,50.5,53.11,100
2026-08-16,06:00,F-A,F,Bhuthi Balan,A,Ekma,68.59,69.5,72.1,0
2026-08-16,06:00,G-A,G,Lalbakeya,A,Gowabari,69.6,71.15,73.86,0
2026-08-16,06:00,H-A,H,Ganga,A,Allahabad,77.27,84.73,88.03,0
2026-08-16,06:00,H-B,H,Ganga,B,Varanasi,64.44,71.26,73.9,67
2026-08-16,06:00,H-C,H,Ganga,C,Buxar,54.62,60.32,62.09,50
2026-08-16,06:00,H-D,H,Ganga,D,Digha,48.08,50.45,52.52,50
2026-08-16,06:00,H-E,H,Ganga,E,Gandhi Ghat,47.57,48.6,50.52,25
2026-08-16,06:00,H-F,H,Ganga,F,Hathidah,40.36,41.76,43.52,50
2026-08-16,06:00,H-G,H,Ganga,G,Munger,36.66,39.33,40.99,25
2026-08-16,06:00,H-H,H,Ganga,H,Bhagalpur,31.43,33.68,34.86,25
2026-08-16,06:00,H-I,H,Ganga,I,Kahalgaon,30.28,31.09,32.87,25
2026-08-16,06:00,H-J,H,Ganga,J,Farakka,21.16,22.25,25.14,25
2026-08-16,06:00,I-A,I,Punpun,A,Sripalpur,47.4,50.6,53.91,0
2026-08-16,06:00,J-A,J,Adhwara,A,Sonbarsa,78.5,81.85,83.75,0
2026-08-16,06:00,J-B,J,Adhwara,B,Sundarpur,58.5,61.7,64.1,108
2026-08-16,06:00,J-C,J,Adhwara,C,Pupri,51.35,55.79,56.95,50
2026-08-16,06:00,K-A,K,Khiroi,A,Kamtaul,48.45,50,53.05,0
2026-08-16,06:00,K-B,K,Khiroi,B,Ekmighat,44.55,46.94,49.52,50
2026-08-16,06:00,L-A,L,Mahananda,A,Taibpur,63.6,66,67.26,0
2026-08-16,06:00,L-B,L,Mahananda,B,Dhangaraghat,34.1,35.65,38.2,50
2026-08-16,06:00,M-A,M,Ghaghra,A,Darauli,60.27,60.82,61.82,0
2026-08-16,06:00,M-B,M,Ghaghra,B,Gangpur Siswan,55.09,57.04,58.26,50
2026-08-16,14:00,A-A,A,Gandak,A,Khada,94.99,96,97.5,0
2026-08-16,14:00,A-B,A,Gandak,B,Chatia,66.93,69.15,70.04,25
2026-08-16,14:00,A-C,A,Gandak,C,Dumaria Ghat,63.03,62.22,64.36,25
2026-08-16,14:00,A-D,A,Gandak,D,Rewa Ghat,53.48,54.41,55.46,25
2026-08-16,14:00,A-E,A,Gandak,E,Hajipur,48.02,50.32,50.93,25
2026-08-16,14:00,B-A,B,Kosi,A,Basua,46.73,47.75,49.24,0
2026-08-16,14:00,B-B,B,Kosi,B,Baltara,34.47,33.85,36.4,25
2026-08-16,14:00,B-C,B,Kosi,C,Kursela,29.17,30,32.1,25
2026-08-16,14:00,C-A,C,Bagmati,A,Dheng,70,71,73.47,0
2026-08-16,14:00,C-B,C,Bagmati,B,Sonakhan,68.22,68.8,72.05,25
2026-08-16,14:00,C-C,C,Bagmati,C,Dubadhar,59.68,61.28,63.75,50
2026-08-16,14:00,C-D,C,Bagmati,D,Kansar,57.23,59.06,60.86,25
2026-08-16,14:00,C-E,C,Bagmati,E,Kataunjha,54.5,55,58.36,25
2026-08-16,14:00,C-F,C,Bagmati,F,Benibad,49.05,48.68,50.12,28
2026-08-16,14:00,C-G,C,Bagmati,G,Hayaghat,43.48,45.72,48.96,25
2026-08-16,14:00,D-A,D,Burhi Gandak,A,Sikandarpur,48.54,52.53,54.29,0
2026-08-16,14:00,D-B,D,Burhi Gandak,B,Samastipur,42.64,45.73,49.38,33
2026-08-16,14:00,D-C,D,Burhi Gandak,C,Rosara,40.55,42.63,46.56,25
2026-08-16,14:00,D-D,D,Burhi Gandak,D,Khagaria,35.3,36.58,39.22,25
2026-08-16,14:00,E-A,E,Kamla Balan,A,Jainagar,67,68.5,71.35,0
2026-08-16,14:00,E-B,E,Kamla Balan,B,Jhanjharpur,49.28,50.5,53.11,100
2026-08-16,14:00,F-A,F,Bhuthi Balan,A,Ekma,68.59,69.5,72.1,0
2026-08-16,14:00,G-A,G,Lalbakeya,A,Gowabari,69.6,71.15,73.86,0
2026-08-16,14:00,H-A,H,Ganga,A,Allahabad,77.63,84.73,88.03,0
2026-08-16,14:00,H-B,H,Ganga,B,Varanasi,64.94,71.26,73.9,67
2026-08-16,14:00,H-C,H,Ganga,C,Buxar,54.7,60.32,62.09,50
2026-08-16,14:00,H-D,H,Ganga,D,Digha,48.38,50.45,52.52,50
2026-08-16,14:00,H-E,H,Ganga,E,Gandhi Ghat,47.65,48.6,50.52,25
2026-08-16,14:00,H-F,H,Ganga,F,Hathidah,40.45,41.76,43.52,50
2026-08-16,14:00,H-G,H,Ganga,G,Munger,36.62,39.33,40.99,25
2026-08-16,14:00,H-H,H,Ganga,H,Bhagalpur,31.39,33.68,34.86,25
2026-08-16,14:00,H-I,H,Ganga,I,Kahalgaon,30.15,31.09,32.87,25
2026-08-16,14:00,H-J,H,Ganga,J,Farakka,21.1,22.25,25.14,25
2026-08-16,14:00,I-A,I,Punpun,A,Sripalpur,47.44,50.6,53.91,0
2026-08-16,14:00,J-A,J,Adhwara,A,Sonbarsa,78.5,81.85,83.75,0
2026-08-16,14:00,J-B,J,Adhwara,B,Sundarpur,58.5,61.7,64.1,108
2026-08-16,14:00,J-C,J,Adhwara,C,Pupri,51.25,55.79,56.95,50
2026-08-16,14:00,K-A,K,Khiroi,A,Kamtaul,48.44,50,53.05,0
2026-08-16,14:00,K-B,K,Khiroi,B,Ekmighat,44.39,46.94,49.52,50
2026-08-16,14:00,L-A,L,Mahananda,A,Taibpur,63.6,66,67.26,0
2026-08-16,14:00,L-B,L,Mahananda,B,Dhangaraghat,34.07,35.65,38.2,50
2026-08-16,14:00,M-A,M,Ghaghra,A,Darauli,60.28,60.82,61.82,0
2026-08-16,14:00,M-B,M,Ghaghra,B,Gangpur Siswan,55.1,57.04,58.26,50
2026-08-17,06:00,A-A,A,Gandak,A,Khada,95.09,96,97.5,0
2026-08-17,06:00,A-B,A,Gandak,B,Chatia,66.65,69.15,70.04,25
2026-08-17,06:00,A-C,A,Gandak,C,Dumaria Ghat,62.95,62.22,64.36,25
2026-08-17,06:00,A-D,A,Gandak,D,Rewa Ghat,53.62,54.41,55.46,25
2026-08-17,06:00,A-E,A,Gandak,E,Hajipur,48.06,50.32,50.93,25
2026-08-17,06:00,B-A,B,Kosi,A,Basua,46.69,47.75,49.24,0
2026-08-17,06:00,B-B,B,Kosi,B,Baltara,34.39,33.85,36.4,25
2026-08-17,06:00,B-C,B,Kosi,C,Kursela,29.13,30,32.1,25
2026-08-17,06:00,C-A,C,Bagmati,A,Dheng,70.25,71,73.47,0
2026-08-17,06:00,C-B,C,Bagmati,B,Sonakhan,68.47,68.8,72.05,25
2026-08-17,06:00,C-C,C,Bagmati,C,Dubadhar,59.82,61.28,63.75,50
2026-08-17,06:00,C-D,C,Bagmati,D,Kansar,57.05,59.06,60.86,25
2026-08-17,06:00,C-E,C,Bagmati,E,Kataunjha,54.3,55,58.36,25
2026-08-17,06:00,C-F,C,Bagmati,F,Benibad,48.85,48.68,50.12,28
2026-08-17,06:00,C-G,C,Bagmati,G,Hayaghat,43.32,45.72,48.96,25
2026-08-17,06:00,D-A,D,Burhi Gandak,A,Sikandarpur,48.34,52.53,54.29,0
2026-08-17,06:00,D-B,D,Burhi Gandak,B,Samastipur,42.38,45.73,49.38,33
2026-08-17,06:00,D-C,D,Burhi Gandak,C,Rosara,40.28,42.63,46.56,25
2026-08-17,06:00,D-D,D,Burhi Gandak,D,Khagaria,35.32,36.58,39.22,25
2026-08-17,06:00,E-A,E,Kamla Balan,A,Jainagar,67.2,68.5,71.35,0
2026-08-17,06:00,E-B,E,Kamla Balan,B,Jhanjharpur,49.15,50.5,53.11,100
2026-08-17,06:00,F-A,F,Bhuthi Balan,A,Ekma,68.59,69.5,72.1,0
2026-08-17,06:00,G-A,G,Lalbakeya,A,Gowabari,70.6,71.15,73.86,0
2026-08-17,06:00,H-A,H,Ganga,A,Allahabad,78.11,84.73,88.03,0
2026-08-17,06:00,H-B,H,Ganga,B,Varanasi,65.76,71.26,73.9,67
2026-08-17,06:00,H-C,H,Ganga,C,Buxar,55.28,60.32,62.09,50
2026-08-17,06:00,H-D,H,Ganga,D,Digha,48.41,50.45,52.52,50
2026-08-17,06:00,H-E,H,Ganga,E,Gandhi Ghat,47.72,48.6,50.52,25
2026-08-17,06:00,H-F,H,Ganga,F,Hathidah,40.75,41.76,43.52,50
2026-08-17,06:00,H-G,H,Ganga,G,Munger,36.62,39.33,40.99,25
2026-08-17,06:00,H-H,H,Ganga,H,Bhagalpur,31.35,33.68,34.86,25
2026-08-17,06:00,H-I,H,Ganga,I,Kahalgaon,30.04,31.09,32.87,25
2026-08-17,06:00,H-J,H,Ganga,J,Farakka,21,22.25,25.14,25
2026-08-17,06:00,I-A,I,Punpun,A,Sripalpur,47.62,50.6,53.91,0
2026-08-17,06:00,J-A,J,Adhwara,A,Sonbarsa,79.1,81.85,83.75,0
2026-08-17,06:00,J-B,J,Adhwara,B,Sundarpur,58.5,61.7,64.1,108
2026-08-17,06:00,J-C,J,Adhwara,C,Pupri,51.2,55.79,56.95,50
2026-08-17,06:00,K-A,K,Khiroi,A,Kamtaul,48.48,50,53.05,0
2026-08-17,06:00,K-B,K,Khiroi,B,Ekmighat,44.01,46.94,49.52,50
2026-08-17,06:00,L-A,L,Mahananda,A,Taibpur,63.52,66,67.26,0
2026-08-17,06:00,L-B,L,Mahananda,B,Dhangaraghat,33.99,35.65,38.2,50
2026-08-17,06:00,M-A,M,Ghaghra,A,Darauli,60.28,60.82,61.82,0
2026-08-17,06:00,M-B,M,Ghaghra,B,Gangpur Siswan,55.1,57.04,58.26,50
2026-08-17,14:00,A-A,A,Gandak,A,Khada,95.02,96,97.5,0
2026-08-17,14:00,A-B,A,Gandak,B,Chatia,66.98,69.15,70.04,25
2026-08-17,14:00,A-C,A,Gandak,C,Dumaria Ghat,62.99,62.22,64.36,25
2026-08-17,14:00,A-D,A,Gandak,D,Rewa Ghat,53.56,54.41,55.46,25
2026-08-17,14:00,A-E,A,Gandak,E,Hajipur,48.14,50.32,50.93,25
2026-08-17,14:00,B-A,B,Kosi,A,Basua,46.75,47.75,49.24,0
2026-08-17,14:00,B-B,B,Kosi,B,Baltara,34.41,33.85,36.4,25
2026-08-17,14:00,B-C,B,Kosi,C,Kursela,29.18,30,32.1,25
2026-08-17,14:00,C-A,C,Bagmati,A,Dheng,70.15,71,73.47,0
2026-08-17,14:00,C-B,C,Bagmati,B,Sonakhan,68.36,68.8,72.05,25
2026-08-17,14:00,C-C,C,Bagmati,C,Dubadhar,60.28,61.28,63.75,50
2026-08-17,14:00,C-D,C,Bagmati,D,Kansar,57.5,59.06,60.86,25
2026-08-17,14:00,C-E,C,Bagmati,E,Kataunjha,54.4,55,58.36,25
2026-08-17,14:00,C-F,C,Bagmati,F,Benibad,48.77,48.68,50.12,28
2026-08-17,14:00,C-G,C,Bagmati,G,Hayaghat,43.12,45.72,48.96,25
2026-08-17,14:00,D-A,D,Burhi Gandak,A,Sikandarpur,48.26,52.53,54.29,0
2026-08-17,14:00,D-B,D,Burhi Gandak,B,Samastipur,42.26,45.73,49.38,33
2026-08-17,14:00,D-C,D,Burhi Gandak,C,Rosara,40.12,42.63,46.56,25
2026-08-17,14:00,D-D,D,Burhi Gandak,D,Khagaria,35.43,36.58,39.22,25
2026-08-17,14:00,E-A,E,Kamla Balan,A,Jainagar,67.35,68.5,71.35,0
2026-08-17,14:00,E-B,E,Kamla Balan,B,Jhanjharpur,49.15,50.5,53.11,100
2026-08-17,14:00,F-A,F,Bhuthi Balan,A,Ekma,68.59,69.5,72.1,0
2026-08-17,14:00,G-A,G,Lalbakeya,A,Gowabari,70.2,71.15,73.86,0
2026-08-17,14:00,H-A,H,Ganga,A,Allahabad,78.27,84.73,88.03,0
2026-08-17,14:00,H-B,H,Ganga,B,Varanasi,65.98,71.26,73.9,67
2026-08-17,14:00,H-C,H,Ganga,C,Buxar,55.92,60.32,62.09,50
2026-08-17,14:00,H-D,H,Ganga,D,Digha,48.6,50.45,52.52,50
2026-08-17,14:00,H-E,H,Ganga,E,Gandhi Ghat,47.86,48.6,50.52,25
2026-08-17,14:00,H-F,H,Ganga,F,Hathidah,40.84,41.76,43.52,50
2026-08-17,14:00,H-G,H,Ganga,G,Munger,36.68,39.33,40.99,25
2026-08-17,14:00,H-H,H,Ganga,H,Bhagalpur,31.4,33.68,34.86,25
2026-08-17,14:00,H-I,H,Ganga,I,Kahalgaon,30.04,31.09,32.87,25
2026-08-17,14:00,H-J,H,Ganga,J,Farakka,20.97,22.25,25.14,25
2026-08-17,14:00,I-A,I,Punpun,A,Sripalpur,47.78,50.6,53.91,0
2026-08-17,14:00,J-A,J,Adhwara,A,Sonbarsa,79.15,81.85,83.75,0
2026-08-17,14:00,J-B,J,Adhwara,B,Sundarpur,58.45,61.7,64.1,108
2026-08-17,14:00,J-C,J,Adhwara,C,Pupri,51.2,55.79,56.95,50
2026-08-17,14:00,K-A,K,Khiroi,A,Kamtaul,48.51,50,53.05,0
2026-08-17,14:00,K-B,K,Khiroi,B,Ekmighat,43.89,46.94,49.52,50
2026-08-17,14:00,L-A,L,Mahananda,A,Taibpur,63.56,66,67.26,0
2026-08-17,14:00,L-B,L,Mahananda,B,Dhangaraghat,33.95,35.65,38.2,50
2026-08-17,14:00,M-A,M,Ghaghra,A,Darauli,60.26,60.82,61.82,0
2026-08-17,14:00,M-B,M,Ghaghra,B,Gangpur Siswan,55.12,57.04,58.26,50
2026-08-18,06:00,A-A,A,Gandak,A,Khada,95,96,97.5,0
2026-08-18,06:00,A-B,A,Gandak,B,Chatia,67.02,69.15,70.04,25
2026-08-18,06:00,A-C,A,Gandak,C,Dumaria Ghat,63.05,62.22,64.36,25
2026-08-18,06:00,A-D,A,Gandak,D,Rewa Ghat,53.58,54.41,55.46,25
2026-08-18,06:00,A-E,A,Gandak,E,Hajipur,48.37,50.32,50.93,25
2026-08-18,06:00,B-A,B,Kosi,A,Basua,46.62,47.75,49.24,0
2026-08-18,06:00,B-B,B,Kosi,B,Baltara,34.52,33.85,36.4,25
2026-08-18,06:00,B-C,B,Kosi,C,Kursela,29.27,30,32.1,25
2026-08-18,06:00,C-A,C,Bagmati,A,Dheng,69.92,71,73.47,0
2026-08-18,06:00,C-B,C,Bagmati,B,Sonakhan,68.13,68.8,72.05,25
2026-08-18,06:00,C-C,C,Bagmati,C,Dubadhar,60.08,61.28,63.75,50
2026-08-18,06:00,C-D,C,Bagmati,D,Kansar,57.4,59.06,60.86,25
2026-08-18,06:00,C-E,C,Bagmati,E,Kataunjha,54.3,55,58.36,25
2026-08-18,06:00,C-F,C,Bagmati,F,Benibad,49.04,48.68,50.12,28
2026-08-18,06:00,C-G,C,Bagmati,G,Hayaghat,42.87,45.72,48.96,25
2026-08-18,06:00,D-A,D,Burhi Gandak,A,Sikandarpur,48.1,52.53,54.29,0
2026-08-18,06:00,D-B,D,Burhi Gandak,B,Samastipur,42.07,45.73,49.38,33
2026-08-18,06:00,D-C,D,Burhi Gandak,C,Rosara,39.8,42.63,46.56,25
2026-08-18,06:00,D-D,D,Burhi Gandak,D,Khagaria,35.52,36.58,39.22,25
2026-08-18,06:00,E-A,E,Kamla Balan,A,Jainagar,67.6,68.5,71.35,0
2026-08-18,06:00,E-B,E,Kamla Balan,B,Jhanjharpur,49.4,50.5,53.11,100
2026-08-18,06:00,F-A,F,Bhuthi Balan,A,Ekma,68.59,69.5,72.1,0
2026-08-18,06:00,G-A,G,Lalbakeya,A,Gowabari,69.7,71.15,73.86,0
2026-08-18,06:00,H-A,H,Ganga,A,Allahabad,78.65,84.73,88.03,0
2026-08-18,06:00,H-B,H,Ganga,B,Varanasi,66.64,71.26,73.9,67
2026-08-18,06:00,H-C,H,Ganga,C,Buxar,56.54,60.32,62.09,50
2026-08-18,06:00,H-D,H,Ganga,D,Digha,48.99,50.45,52.52,50
2026-08-18,06:00,H-E,H,Ganga,E,Gandhi Ghat,48.1,48.6,50.52,25
2026-08-18,06:00,H-F,H,Ganga,F,Hathidah,41.08,41.76,43.52,50
2026-08-18,06:00,H-G,H,Ganga,G,Munger,37,39.33,40.99,25
2026-08-18,06:00,H-H,H,Ganga,H,Bhagalpur,31.65,33.68,34.86,25
2026-08-18,06:00,H-I,H,Ganga,I,Kahalgaon,30.14,31.09,32.87,25
2026-08-18,06:00,H-J,H,Ganga,J,Farakka,20.97,22.25,25.14,25
2026-08-18,06:00,I-A,I,Punpun,A,Sripalpur,47.94,50.6,53.91,0
2026-08-18,06:00,J-A,J,Adhwara,A,Sonbarsa,78.95,81.85,83.75,0
2026-08-18,06:00,J-B,J,Adhwara,B,Sundarpur,58.45,61.7,64.1,108
2026-08-18,06:00,J-C,J,Adhwara,C,Pupri,51.25,55.79,56.95,50
2026-08-18,06:00,K-A,K,Khiroi,A,Kamtaul,48.51,50,53.05,0
2026-08-18,06:00,K-B,K,Khiroi,B,Ekmighat,43.79,46.94,49.52,50
2026-08-18,06:00,L-A,L,Mahananda,A,Taibpur,63.55,66,67.26,0
2026-08-18,06:00,L-B,L,Mahananda,B,Dhangaraghat,34,35.65,38.2,50
2026-08-18,06:00,M-A,M,Ghaghra,A,Darauli,60.26,60.82,61.82,0
2026-08-18,06:00,M-B,M,Ghaghra,B,Gangpur Siswan,55.18,57.04,58.26,50
2026-08-18,14:00,A-A,A,Gandak,A,Khada,94.9,96,97.5,0
2026-08-18,14:00,A-B,A,Gandak,B,Chatia,67.06,69.15,70.04,25
2026-08-18,14:00,A-C,A,Gandak,C,Dumaria Ghat,62.97,62.22,64.36,25
2026-08-18,14:00,A-D,A,Gandak,D,Rewa Ghat,53.62,54.41,55.46,25
2026-08-18,14:00,A-E,A,Gandak,E,Hajipur,48.41,50.32,50.93,25
2026-08-18,14:00,B-A,B,Kosi,A,Basua,46.6,47.75,49.24,0
2026-08-18,14:00,B-B,B,Kosi,B,Baltara,34.4,33.85,36.4,25
2026-08-18,14:00,B-C,B,Kosi,C,Kursela,29.3,30,32.1,25
2026-08-18,14:00,C-A,C,Bagmati,A,Dheng,69.81,71,73.47,0
2026-08-18,14:00,C-B,C,Bagmati,B,Sonakhan,68,68.8,72.05,25
2026-08-18,14:00,C-C,C,Bagmati,C,Dubadhar,59.88,61.28,63.75,50
2026-08-18,14:00,C-D,C,Bagmati,D,Kansar,57.2,59.06,60.86,25
2026-08-18,14:00,C-E,C,Bagmati,E,Kataunjha,53.9,55,58.36,25
2026-08-18,14:00,C-F,C,Bagmati,F,Benibad,49.16,48.68,50.12,28
2026-08-18,14:00,C-G,C,Bagmati,G,Hayaghat,43.01,45.72,48.96,25
2026-08-18,14:00,D-A,D,Burhi Gandak,A,Sikandarpur,47.88,52.53,54.29,0
2026-08-18,14:00,D-B,D,Burhi Gandak,B,Samastipur,41.98,45.73,49.38,33
2026-08-18,14:00,D-C,D,Burhi Gandak,C,Rosara,39.64,42.63,46.56,25
2026-08-18,14:00,D-D,D,Burhi Gandak,D,Khagaria,35.6,36.58,39.22,25
2026-08-18,14:00,E-A,E,Kamla Balan,A,Jainagar,67.35,68.5,71.35,0
2026-08-18,14:00,E-B,E,Kamla Balan,B,Jhanjharpur,49.85,50.5,53.11,100
2026-08-18,14:00,F-A,F,Bhuthi Balan,A,Ekma,68.59,69.5,72.1,0
2026-08-18,14:00,G-A,G,Lalbakeya,A,Gowabari,69.6,71.15,73.86,0
2026-08-18,14:00,H-A,H,Ganga,A,Allahabad,78.88,84.73,88.03,0
2026-08-18,14:00,H-B,H,Ganga,B,Varanasi,66.98,71.26,73.9,67
2026-08-18,14:00,H-C,H,Ganga,C,Buxar,56.96,60.32,62.09,50
2026-08-18,14:00,H-D,H,Ganga,D,Digha,49.02,50.45,52.52,50
2026-08-18,14:00,H-E,H,Ganga,E,Gandhi Ghat,48.19,48.6,50.52,25
2026-08-18,14:00,H-F,H,Ganga,F,Hathidah,41.17,41.76,43.52,50
2026-08-18,14:00,H-G,H,Ganga,G,Munger,37.16,39.33,40.99,25
2026-08-18,14:00,H-H,H,Ganga,H,Bhagalpur,31.81,33.68,34.86,25
2026-08-18,14:00,H-I,H,Ganga,I,Kahalgaon,30.26,31.09,32.87,25
2026-08-18,14:00,H-J,H,Ganga,J,Farakka,21.04,22.25,25.14,25
2026-08-18,14:00,I-A,I,Punpun,A,Sripalpur,48.08,50.6,53.91,0
2026-08-18,14:00,J-A,J,Adhwara,A,Sonbarsa,78.65,81.85,83.75,0
2026-08-18,14:00,J-B,J,Adhwara,B,Sundarpur,58.55,61.7,64.1,108
2026-08-18,14:00,J-C,J,Adhwara,C,Pupri,51.28,55.79,56.95,50
2026-08-18,14:00,K-A,K,Khiroi,A,Kamtaul,48.28,50,53.05,0
2026-08-18,14:00,K-B,K,Khiroi,B,Ekmighat,43.8,46.94,49.52,50
2026-08-18,14:00,L-A,L,Mahananda,A,Taibpur,63.54,66,67.26,0
2026-08-18,14:00,L-B,L,Mahananda,B,Dhangaraghat,33.9,35.65,38.2,50
2026-08-18,14:00,M-A,M,Ghaghra,A,Darauli,60.42,60.82,61.82,0
2026-08-18,14:00,M-B,M,Ghaghra,B,Gangpur Siswan,55.34,57.04,58.26,50
2026-08-19,06:00,A-A,A,Gandak,A,Khada,94.84,96,97.5,0
2026-08-19,06:00,A-B,A,Gandak,B,Chatia,67.06,69.15,70.04,25
2026-08-19,06:00,A-C,A,Gandak,C,Dumaria Ghat,62.95,62.22,64.36,25
2026-08-19,06:00,A-D,A,Gandak,D,Rewa Ghat,53.62,54.41,55.46,25
2026-08-19,06:00,A-E,A,Gandak,E,Hajipur,48.51,50.32,50.93,25
2026-08-19,06:00,B-A,B,Kosi,A,Basua,46.66,47.75,49.24,0
2026-08-19,06:00,B-B,B,Kosi,B,Baltara,34.4,33.85,36.4,25
2026-08-19,06:00,B-C,B,Kosi,C,Kursela,29.41,30,32.1,25
2026-08-19,06:00,C-A,C,Bagmati,A,Dheng,69.75,71,73.47,0
2026-08-19,06:00,C-B,C,Bagmati,B,Sonakhan,67.95,68.8,72.05,25
2026-08-19,06:00,C-C,C,Bagmati,C,Dubadhar,59.73,61.28,63.75,50
2026-08-19,06:00,C-D,C,Bagmati,D,Kansar,57.1,59.06,60.86,25
2026-08-19,06:00,C-E,C,Bagmati,E,Kataunjha,53.6,55,58.36,25
2026-08-19,06:00,C-F,C,Bagmati,F,Benibad,49.04,48.68,50.12,28
2026-08-19,06:00,C-G,C,Bagmati,G,Hayaghat,43.07,45.72,48.96,25
2026-08-19,06:00,D-A,D,Burhi Gandak,A,Sikandarpur,47.72,52.53,54.29,0
2026-08-19,06:00,D-B,D,Burhi Gandak,B,Samastipur,41.85,45.73,49.38,33
2026-08-19,06:00,D-C,D,Burhi Gandak,C,Rosara,39.32,42.63,46.56,25
2026-08-19,06:00,D-D,D,Burhi Gandak,D,Khagaria,35.78,36.58,39.22,25
2026-08-19,06:00,E-A,E,Kamla Balan,A,Jainagar,67.15,68.5,71.35,0
2026-08-19,06:00,E-B,E,Kamla Balan,B,Jhanjharpur,49.4,50.5,53.11,100
2026-08-19,06:00,F-A,F,Bhuthi Balan,A,Ekma,68.59,69.5,72.1,0
2026-08-19,06:00,G-A,G,Lalbakeya,A,Gowabari,70,71.15,73.86,0
2026-08-19,06:00,H-A,H,Ganga,A,Allahabad,79.21,84.73,88.03,0
2026-08-19,06:00,H-B,H,Ganga,B,Varanasi,67.58,71.26,73.9,67
2026-08-19,06:00,H-C,H,Ganga,C,Buxar,57.58,60.32,62.09,50
2026-08-19,06:00,H-D,H,Ganga,D,Digha,49.26,50.45,52.52,50
2026-08-19,06:00,H-E,H,Ganga,E,Gandhi Ghat,48.36,48.6,50.52,25
2026-08-19,06:00,H-F,H,Ganga,F,Hathidah,41.21,41.76,43.52,50
2026-08-19,06:00,H-G,H,Ganga,G,Munger,37.48,39.33,40.99,25
2026-08-19,06:00,H-H,H,Ganga,H,Bhagalpur,31.97,33.68,34.86,25
2026-08-19,06:00,H-I,H,Ganga,I,Kahalgaon,30.56,31.09,32.87,25
2026-08-19,06:00,H-J,H,Ganga,J,Farakka,21.12,22.25,25.14,25
2026-08-19,06:00,I-A,I,Punpun,A,Sripalpur,47.22,50.6,53.91,0
2026-08-19,06:00,J-A,J,Adhwara,A,Sonbarsa,78.62,81.85,83.75,0
2026-08-19,06:00,J-B,J,Adhwara,B,Sundarpur,58.5,61.7,64.1,108
2026-08-19,06:00,J-C,J,Adhwara,C,Pupri,51.25,55.79,56.95,50
2026-08-19,06:00,K-A,K,Khiroi,A,Kamtaul,47.99,50,53.05,0
2026-08-19,06:00,K-B,K,Khiroi,B,Ekmighat,43.72,46.94,49.52,50
2026-08-19,06:00,L-A,L,Mahananda,A,Taibpur,63.59,66,67.26,0
2026-08-19,06:00,L-B,L,Mahananda,B,Dhangaraghat,33.9,35.65,38.2,50
2026-08-19,06:00,M-A,M,Ghaghra,A,Darauli,60.63,60.82,61.82,0
2026-08-19,06:00,M-B,M,Ghaghra,B,Gangpur Siswan,55.62,57.04,58.26,50
2026-08-19,14:00,A-A,A,Gandak,A,Khada,94.84,96,97.5,0
2026-08-19,14:00,A-B,A,Gandak,B,Chatia,67.06,69.15,70.04,25
2026-08-19,14:00,A-C,A,Gandak,C,Dumaria Ghat,62.93,62.22,64.36,25
2026-08-19,14:00,A-D,A,Gandak,D,Rewa Ghat,53.62,54.41,55.46,25
2026-08-19,14:00,A-E,A,Gandak,E,Hajipur,48.61,50.32,50.93,25
2026-08-19,14:00,B-A,B,Kosi,A,Basua,46.69,47.75,49.24,0
2026-08-19,14:00,B-B,B,Kosi,B,Baltara,34.44,33.85,36.4,25
2026-08-19,14:00,B-C,B,Kosi,C,Kursela,29.43,30,32.1,25
2026-08-19,14:00,C-A,C,Bagmati,A,Dheng,70.2,71,73.47,0
2026-08-19,14:00,C-B,C,Bagmati,B,Sonakhan,68.47,68.8,72.05,25
2026-08-19,14:00,C-C,C,Bagmati,C,Dubadhar,59.88,61.28,63.75,50
2026-08-19,14:00,C-D,C,Bagmati,D,Kansar,57.15,59.06,60.86,25
2026-08-19,14:00,C-E,C,Bagmati,E,Kataunjha,53.55,55,58.36,25
2026-08-19,14:00,C-F,C,Bagmati,F,Benibad,48.78,48.68,50.12,28
2026-08-19,14:00,C-G,C,Bagmati,G,Hayaghat,42.94,45.72,48.96,25
2026-08-19,14:00,D-A,D,Burhi Gandak,A,Sikandarpur,47.7,52.53,54.29,0
2026-08-19,14:00,D-B,D,Burhi Gandak,B,Samastipur,41.81,45.73,49.38,33
2026-08-19,14:00,D-C,D,Burhi Gandak,C,Rosara,39.16,42.63,46.56,25
2026-08-19,14:00,D-D,D,Burhi Gandak,D,Khagaria,35.81,36.58,39.22,25
2026-08-19,14:00,E-A,E,Kamla Balan,A,Jainagar,67.1,68.5,71.35,0
2026-08-19,14:00,E-B,E,Kamla Balan,B,Jhanjharpur,49.35,50.5,53.11,100
2026-08-19,14:00,F-A,F,Bhuthi Balan,A,Ekma,68.59,69.5,72.1,0
2026-08-19,14:00,G-A,G,Lalbakeya,A,Gowabari,69.9,71.15,73.86,0
2026-08-19,14:00,H-A,H,Ganga,A,Allahabad,79.43,84.73,88.03,0
2026-08-19,14:00,H-B,H,Ganga,B,Varanasi,67.96,71.26,73.9,67
2026-08-19,14:00,H-C,H,Ganga,C,Buxar,57.96,60.32,62.09,50
2026-08-19,14:00,H-D,H,Ganga,D,Digha,49.32,50.45,52.52,50
2026-08-19,14:00,H-E,H,Ganga,E,Gandhi Ghat,48.42,48.6,50.52,25
2026-08-19,14:00,H-F,H,Ganga,F,Hathidah,41.27,41.76,43.52,50
2026-08-19,14:00,H-G,H,Ganga,G,Munger,37.55,39.33,40.99,25
2026-08-19,14:00,H-H,H,Ganga,H,Bhagalpur,32.05,33.68,34.86,25
2026-08-19,14:00,H-I,H,Ganga,I,Kahalgaon,30.67,31.09,32.87,25
2026-08-19,14:00,H-J,H,Ganga,J,Farakka,21.19,22.25,25.14,25
2026-08-19,14:00,I-A,I,Punpun,A,Sripalpur,48.59,50.6,53.91,0
2026-08-19,14:00,J-A,J,Adhwara,A,Sonbarsa,78.61,81.85,83.75,0
2026-08-19,14:00,J-B,J,Adhwara,B,Sundarpur,58.5,61.7,64.1,108
2026-08-19,14:00,J-C,J,Adhwara,C,Pupri,51.22,55.79,56.95,50
2026-08-19,14:00,K-A,K,Khiroi,A,Kamtaul,47.99,50,53.05,0
2026-08-19,14:00,K-B,K,Khiroi,B,Ekmighat,43.57,46.94,49.52,50
2026-08-19,14:00,L-A,L,Mahananda,A,Taibpur,63.63,66,67.26,0
2026-08-19,14:00,L-B,L,Mahananda,B,Dhangaraghat,33.85,35.65,38.2,50
2026-08-19,14:00,M-A,M,Ghaghra,A,Darauli,60.79,60.82,61.82,0
2026-08-19,14:00,M-B,M,Ghaghra,B,Gangpur Siswan,55.76,57.04,58.26,50
2026-08-20,06:00,A-A,A,Gandak,A,Khada,94.97,96,97.5,0
2026-08-20,06:00,A-B,A,Gandak,B,Chatia,67.02,69.15,70.04,25
2026-08-20,06:00,A-C,A,Gandak,C,Dumaria Ghat,62.83,62.22,64.36,25
2026-08-20,06:00,A-D,A,Gandak,D,Rewa Ghat,53.62,54.41,55.46,25
2026-08-20,06:00,A-E,A,Gandak,E,Hajipur,48.76,50.32,50.93,25
2026-08-20,06:00,B-A,B,Kosi,A,Basua,46.73,47.75,49.24,0
2026-08-20,06:00,B-B,B,Kosi,B,Baltara,34.37,33.85,36.4,25
2026-08-20,06:00,B-C,B,Kosi,C,Kursela,29.5,30,32.1,25
2026-08-20,06:00,C-A,C,Bagmati,A,Dheng,70,71,73.47,0
2026-08-20,06:00,C-B,C,Bagmati,B,Sonakhan,68.27,68.8,72.05,25
2026-08-20,06:00,C-C,C,Bagmati,C,Dubadhar,59.86,61.28,63.75,50
2026-08-20,06:00,C-D,C,Bagmati,D,Kansar,57.25,59.06,60.86,25
2026-08-20,06:00,C-E,C,Bagmati,E,Kataunjha,53.6,55,58.36,25
2026-08-20,06:00,C-F,C,Bagmati,F,Benibad,49.05,48.68,50.12,28
2026-08-20,06:00,C-G,C,Bagmati,G,Hayaghat,42.54,45.72,48.96,25
2026-08-20,06:00,D-A,D,Burhi Gandak,A,Sikandarpur,47.7,52.53,54.29,0
2026-08-20,06:00,D-B,D,Burhi Gandak,B,Samastipur,41.7,45.73,49.38,33
2026-08-20,06:00,D-C,D,Burhi Gandak,C,Rosara,39.08,42.63,46.56,25
2026-08-20,06:00,D-D,D,Burhi Gandak,D,Khagaria,35.92,36.58,39.22,25
2026-08-20,06:00,E-A,E,Kamla Balan,A,Jainagar,67.1,68.5,71.35,0
2026-08-20,06:00,E-B,E,Kamla Balan,B,Jhanjharpur,49.3,50.5,53.11,100
2026-08-20,06:00,F-A,F,Bhuthi Balan,A,Ekma,68.59,69.5,72.1,0
2026-08-20,06:00,G-A,G,Lalbakeya,A,Gowabari,69.6,71.15,73.86,0
2026-08-20,06:00,H-A,H,Ganga,A,Allahabad,79.58,84.73,88.03,0
2026-08-20,06:00,H-B,H,Ganga,B,Varanasi,68.35,71.26,73.9,67
2026-08-20,06:00,H-C,H,Ganga,C,Buxar,58.56,60.32,62.09,50
2026-08-20,06:00,H-D,H,Ganga,D,Digha,49.56,50.45,52.52,50
2026-08-20,06:00,H-E,H,Ganga,E,Gandhi Ghat,48.67,48.6,50.52,25
2026-08-20,06:00,H-F,H,Ganga,F,Hathidah,41.51,41.76,43.52,50
2026-08-20,06:00,H-G,H,Ganga,G,Munger,37.63,39.33,40.99,25
2026-08-20,06:00,H-H,H,Ganga,H,Bhagalpur,32.17,33.68,34.86,25
2026-08-20,06:00,H-I,H,Ganga,I,Kahalgaon,30.81,31.09,32.87,25
2026-08-20,06:00,H-J,H,Ganga,J,Farakka,21.28,22.25,25.14,25
2026-08-20,06:00,I-A,I,Punpun,A,Sripalpur,49.54,50.6,53.91,0
2026-08-20,06:00,J-A,J,Adhwara,A,Sonbarsa,78.6,81.85,83.75,0
2026-08-20,06:00,J-B,J,Adhwara,B,Sundarpur,58.5,61.7,64.1,108
2026-08-20,06:00,J-C,J,Adhwara,C,Pupri,51.2,55.79,56.95,50
2026-08-20,06:00,K-A,K,Khiroi,A,Kamtaul,47.96,50,53.05,0
2026-08-20,06:00,K-B,K,Khiroi,B,Ekmighat,43.32,46.94,49.52,50
2026-08-20,06:00,L-A,L,Mahananda,A,Taibpur,63.7,66,67.26,0
2026-08-20,06:00,L-B,L,Mahananda,B,Dhangaraghat,33.85,35.65,38.2,50
2026-08-20,06:00,M-A,M,Ghaghra,A,Darauli,60.95,60.82,61.82,0
2026-08-20,06:00,M-B,M,Ghaghra,B,Gangpur Siswan,56,57.04,58.26,50
2026-08-20,14:00,A-A,A,Gandak,A,Khada,94.91,96,97.5,0
2026-08-20,14:00,A-B,A,Gandak,B,Chatia,66.98,69.15,70.04,25
2026-08-20,14:00,A-C,A,Gandak,C,Dumaria Ghat,62.8,62.22,64.36,25
2026-08-20,14:00,A-D,A,Gandak,D,Rewa Ghat,53.46,54.41,55.46,25
2026-08-20,14:00,A-E,A,Gandak,E,Hajipur,48.92,50.32,50.93,25
2026-08-20,14:00,B-A,B,Kosi,A,Basua,46.77,47.75,49.24,0
2026-08-20,14:00,B-B,B,Kosi,B,Baltara,34.32,33.85,36.4,25
2026-08-20,14:00,B-C,B,Kosi,C,Kursela,29.58,30,32.1,25
2026-08-20,14:00,C-A,C,Bagmati,A,Dheng,69.88,71,73.47,0
2026-08-20,14:00,C-B,C,Bagmati,B,Sonakhan,68.16,68.8,72.05,25
2026-08-20,14:00,C-C,C,Bagmati,C,Dubadhar,59.84,61.28,63.75,50
2026-08-20,14:00,C-D,C,Bagmati,D,Kansar,57.3,59.06,60.86,25
2026-08-20,14:00,C-E,C,Bagmati,E,Kataunjha,53.55,55,58.36,25
2026-08-20,14:00,C-F,C,Bagmati,F,Benibad,49.1,48.68,50.12,28
2026-08-20,14:00,C-G,C,Bagmati,G,Hayaghat,42.49,45.72,48.96,25
2026-08-20,14:00,D-A,D,Burhi Gandak,A,Sikandarpur,47.7,52.53,54.29,0
2026-08-20,14:00,D-B,D,Burhi Gandak,B,Samastipur,41.62,45.73,49.38,33
2026-08-20,14:00,D-C,D,Burhi Gandak,C,Rosara,39.04,42.63,46.56,25
2026-08-20,14:00,D-D,D,Burhi Gandak,D,Khagaria,36,36.58,39.22,25
2026-08-20,14:00,E-A,E,Kamla Balan,A,Jainagar,67.05,68.5,71.35,0
2026-08-20,14:00,E-B,E,Kamla Balan,B,Jhanjharpur,49.4,50.5,53.11,100
2026-08-20,14:00,F-A,F,Bhuthi Balan,A,Ekma,68.59,69.5,72.1,0
2026-08-20,14:00,G-A,G,Lalbakeya,A,Gowabari,69.7,71.15,73.86,0
2026-08-20,14:00,H-A,H,Ganga,A,Allahabad,79.53,84.73,88.03,0
2026-08-20,14:00,H-B,H,Ganga,B,Varanasi,68.35,71.26,73.9,67
2026-08-20,14:00,H-C,H,Ganga,C,Buxar,58.71,60.32,62.09,50
2026-08-20,14:00,H-D,H,Ganga,D,Digha,49.8,50.45,52.52,50
2026-08-20,14:00,H-E,H,Ganga,E,Gandhi Ghat,48.8,48.6,50.52,25
2026-08-20,14:00,H-F,H,Ganga,F,Hathidah,41.61,41.76,43.52,50
2026-08-20,14:00,H-G,H,Ganga,G,Munger,37.67,39.33,40.99,25
2026-08-20,14:00,H-H,H,Ganga,H,Bhagalpur,32.25,33.68,34.86,25
2026-08-20,14:00,H-I,H,Ganga,I,Kahalgaon,30.86,31.09,32.87,25
2026-08-20,14:00,H-J,H,Ganga,J,Farakka,21.36,22.25,25.14,25
2026-08-20,14:00,I-A,I,Punpun,A,Sripalpur,50.02,50.6,53.91,0
2026-08-20,14:00,J-A,J,Adhwara,A,Sonbarsa,78.58,81.85,83.75,0
2026-08-20,14:00,J-B,J,Adhwara,B,Sundarpur,58.45,61.7,64.1,108
2026-08-20,14:00,J-C,J,Adhwara,C,Pupri,51.2,55.79,56.95,50
2026-08-20,14:00,K-A,K,Khiroi,A,Kamtaul,47.96,50,53.05,0
2026-08-20,14:00,K-B,K,Khiroi,B,Ekmighat,43.39,46.94,49.52,50
2026-08-20,14:00,L-A,L,Mahananda,A,Taibpur,63.74,66,67.26,0
2026-08-20,14:00,L-B,L,Mahananda,B,Dhangaraghat,33.89,35.65,38.2,50
2026-08-20,14:00,M-A,M,Ghaghra,A,Darauli,60.99,60.82,61.82,0
2026-08-20,14:00,M-B,M,Ghaghra,B,Gangpur Siswan,56.07,57.04,58.26,50
2026-08-21,06:00,A-A,A,Gandak,A,Khada,94.96,96,97.5,0
2026-08-21,06:00,A-B,A,Gandak,B,Chatia,66.9,69.15,70.04,25
2026-08-21,06:00,A-C,A,Gandak,C,Dumaria Ghat,62.75,62.22,64.36,25
2026-08-21,06:00,A-D,A,Gandak,D,Rewa Ghat,53.43,54.41,55.46,25
2026-08-21,06:00,A-E,A,Gandak,E,Hajipur,49.17,50.32,50.93,25
2026-08-21,06:00,B-A,B,Kosi,A,Basua,46.71,47.75,49.24,0
2026-08-21,06:00,B-B,B,Kosi,B,Baltara,34.37,33.85,36.4,25
2026-08-21,06:00,B-C,B,Kosi,C,Kursela,29.68,30,32.1,25
2026-08-21,06:00,C-A,C,Bagmati,A,Dheng,69.75,71,73.47,0
2026-08-21,06:00,C-B,C,Bagmati,B,Sonakhan,68.06,68.8,72.05,25
2026-08-21,06:00,C-C,C,Bagmati,C,Dubadhar,59.75,61.28,63.75,50
2026-08-21,06:00,C-D,C,Bagmati,D,Kansar,57.15,59.06,60.86,25
2026-08-21,06:00,C-E,C,Bagmati,E,Kataunjha,53.45,55,58.36,25
2026-08-21,06:00,C-F,C,Bagmati,F,Benibad,48.98,48.68,50.12,28
2026-08-21,06:00,C-G,C,Bagmati,G,Hayaghat,42.7,45.72,48.96,25
2026-08-21,06:00,D-A,D,Burhi Gandak,A,Sikandarpur,47.7,52.53,54.29,0
2026-08-21,06:00,D-B,D,Burhi Gandak,B,Samastipur,41.55,45.73,49.38,33
2026-08-21,06:00,D-C,D,Burhi Gandak,C,Rosara,39,42.63,46.56,25
2026-08-21,06:00,D-D,D,Burhi Gandak,D,Khagaria,36.13,36.58,39.22,25
2026-08-21,06:00,E-A,E,Kamla Balan,A,Jainagar,66.95,68.5,71.35,0
2026-08-21,06:00,E-B,E,Kamla Balan,B,Jhanjharpur,49.2,50.5,53.11,100
2026-08-21,06:00,F-A,F,Bhuthi Balan,A,Ekma,68.59,69.5,72.1,0
2026-08-21,06:00,G-A,G,Lalbakeya,A,Gowabari,69.5,71.15,73.86,0
2026-08-21,06:00,H-A,H,Ganga,A,Allahabad,79.91,84.73,88.03,0
2026-08-21,06:00,H-B,H,Ganga,B,Varanasi,68.7,71.26,73.9,67
2026-08-21,06:00,H-C,H,Ganga,C,Buxar,58.88,60.32,62.09,50
2026-08-21,06:00,H-D,H,Ganga,D,Digha,50.2,50.45,52.52,50
2026-08-21,06:00,H-E,H,Ganga,E,Gandhi Ghat,49.17,48.6,50.52,25
2026-08-21,06:00,H-F,H,Ganga,F,Hathidah,41.88,41.76,43.52,50
2026-08-21,06:00,H-G,H,Ganga,G,Munger,37.83,39.33,40.99,25
2026-08-21,06:00,H-H,H,Ganga,H,Bhagalpur,32.37,33.68,34.86,25
2026-08-21,06:00,H-I,H,Ganga,I,Kahalgaon,30.97,31.09,32.87,25
2026-08-21,06:00,H-J,H,Ganga,J,Farakka,21.49,22.25,25.14,25
2026-08-21,06:00,I-A,I,Punpun,A,Sripalpur,50.4,50.6,53.91,0
2026-08-21,06:00,J-A,J,Adhwara,A,Sonbarsa,79.24,81.85,83.75,0
2026-08-21,06:00,J-B,J,Adhwara,B,Sundarpur,58.45,61.7,64.1,108
2026-08-21,06:00,J-C,J,Adhwara,C,Pupri,51.2,55.79,56.95,50
2026-08-21,06:00,K-A,K,Khiroi,A,Kamtaul,47.96,50,53.05,0
2026-08-21,06:00,K-B,K,Khiroi,B,Ekmighat,43.33,46.94,49.52,50
2026-08-21,06:00,L-A,L,Mahananda,A,Taibpur,63.54,66,67.26,0
2026-08-21,06:00,L-B,L,Mahananda,B,Dhangaraghat,33.84,35.65,38.2,50
2026-08-21,06:00,M-A,M,Ghaghra,A,Darauli,61.11,60.82,61.82,0
2026-08-21,06:00,M-B,M,Ghaghra,B,Gangpur Siswan,56.27,57.04,58.26,50
2026-08-21,14:00,A-A,A,Gandak,A,Khada,94.7,96,97.5,0
2026-08-21,14:00,A-B,A,Gandak,B,Chatia,66.88,69.15,70.04,25
2026-08-21,14:00,A-C,A,Gandak,C,Dumaria Ghat,62.75,62.22,64.36,25
2026-08-21,14:00,A-D,A,Gandak,D,Rewa Ghat,53.43,54.41,55.46,25
2026-08-21,14:00,A-E,A,Gandak,E,Hajipur,49.28,50.32,50.93,25
2026-08-21,14:00,B-A,B,Kosi,A,Basua,46.73,47.75,49.24,0
2026-08-21,14:00,B-B,B,Kosi,B,Baltara,34.37,33.85,36.4,25
2026-08-21,14:00,B-C,B,Kosi,C,Kursela,29.75,30,32.1,25
2026-08-21,14:00,C-A,C,Bagmati,A,Dheng,69.6,71,73.47,0
2026-08-21,14:00,C-B,C,Bagmati,B,Sonakhan,67.9,68.8,72.05,25
2026-08-21,14:00,C-C,C,Bagmati,C,Dubadhar,59.7,61.28,63.75,50
2026-08-21,14:00,C-D,C,Bagmati,D,Kansar,56.8,59.06,60.86,25
2026-08-21,14:00,C-E,C,Bagmati,E,Kataunjha,53.38,55,58.36,25
2026-08-21,14:00,C-F,C,Bagmati,F,Benibad,48.82,48.68,50.12,28
2026-08-21,14:00,C-G,C,Bagmati,G,Hayaghat,42.62,45.72,48.96,25
2026-08-21,14:00,D-A,D,Burhi Gandak,A,Sikandarpur,47.7,52.53,54.29,0
2026-08-21,14:00,D-B,D,Burhi Gandak,B,Samastipur,41.55,45.73,49.38,33
2026-08-21,14:00,D-C,D,Burhi Gandak,C,Rosara,39,42.63,46.56,25
2026-08-21,14:00,D-D,D,Burhi Gandak,D,Khagaria,36.26,36.58,39.22,25
2026-08-21,14:00,E-A,E,Kamla Balan,A,Jainagar,67.1,68.5,71.35,0
2026-08-21,14:00,E-B,E,Kamla Balan,B,Jhanjharpur,49.2,50.5,53.11,100
2026-08-21,14:00,F-A,F,Bhuthi Balan,A,Ekma,68.59,69.5,72.1,0
2026-08-21,14:00,G-A,G,Lalbakeya,A,Gowabari,69.5,71.15,73.86,0
2026-08-21,14:00,H-A,H,Ganga,A,Allahabad,80.07,84.73,88.03,0
2026-08-21,14:00,H-B,H,Ganga,B,Varanasi,68.9,71.26,73.9,67
2026-08-21,14:00,H-C,H,Ganga,C,Buxar,59.04,60.32,62.09,50
2026-08-21,14:00,H-D,H,Ganga,D,Digha,50.36,50.45,52.52,50
2026-08-21,14:00,H-E,H,Ganga,E,Gandhi Ghat,49.22,48.6,50.52,25
2026-08-21,14:00,H-F,H,Ganga,F,Hathidah,42.02,41.76,43.52,50
2026-08-21,14:00,H-G,H,Ganga,G,Munger,37.91,39.33,40.99,25
2026-08-21,14:00,H-H,H,Ganga,H,Bhagalpur,32.45,33.68,34.86,25
2026-08-21,14:00,H-I,H,Ganga,I,Kahalgaon,30.99,31.09,32.87,25
2026-08-21,14:00,H-J,H,Ganga,J,Farakka,21.68,22.25,25.14,25
2026-08-21,14:00,I-A,I,Punpun,A,Sripalpur,50.32,50.6,53.91,0
2026-08-21,14:00,J-A,J,Adhwara,A,Sonbarsa,79.26,81.85,83.75,0
2026-08-21,14:00,J-B,J,Adhwara,B,Sundarpur,58.45,61.7,64.1,108
2026-08-21,14:00,J-C,J,Adhwara,C,Pupri,51.2,55.79,56.95,50
2026-08-21,14:00,K-A,K,Khiroi,A,Kamtaul,47.92,50,53.05,0
2026-08-21,14:00,K-B,K,Khiroi,B,Ekmighat,43.25,46.94,49.52,50
2026-08-21,14:00,L-A,L,Mahananda,A,Taibpur,63.55,66,67.26,0
2026-08-21,14:00,L-B,L,Mahananda,B,Dhangaraghat,33.91,35.65,38.2,50
2026-08-21,14:00,M-A,M,Ghaghra,A,Darauli,61.12,60.82,61.82,0
2026-08-21,14:00,M-B,M,Ghaghra,B,Gangpur Siswan,56.38,57.04,58.26,50
2026-08-22,06:00,A-A,A,Gandak,A,Khada,94.8,96,97.5,0
2026-08-22,06:00,A-B,A,Gandak,B,Chatia,66.82,69.15,70.04,25
2026-08-22,06:00,A-C,A,Gandak,C,Dumaria Ghat,62.78,62.22,64.36,25
2026-08-22,06:00,A-D,A,Gandak,D,Rewa Ghat,53.39,54.41,55.46,25
2026-08-22,06:00,A-E,A,Gandak,E,Hajipur,49.38,50.32,50.93,25
2026-08-22,06:00,B-A,B,Kosi,A,Basua,46.79,47.75,49.24,0
2026-08-22,06:00,B-B,B,Kosi,B,Baltara,34.39,33.85,36.4,25
2026-08-22,06:00,B-C,B,Kosi,C,Kursela,29.94,30,32.1,25
2026-08-22,06:00,C-A,C,Bagmati,A,Dheng,69.95,71,73.47,0
2026-08-22,06:00,C-B,C,Bagmati,B,Sonakhan,68.35,68.8,72.05,25
2026-08-22,06:00,C-C,C,Bagmati,C,Dubadhar,59.62,61.28,63.75,50
2026-08-22,06:00,C-D,C,Bagmati,D,Kansar,56.6,59.06,60.86,25
2026-08-22,06:00,C-E,C,Bagmati,E,Kataunjha,53.3,55,58.36,25
2026-08-22,06:00,C-F,C,Bagmati,F,Benibad,48.42,48.68,50.12,28
2026-08-22,06:00,C-G,C,Bagmati,G,Hayaghat,42.38,45.72,48.96,25
2026-08-22,06:00,D-A,D,Burhi Gandak,A,Sikandarpur,47.7,52.53,54.29,0
2026-08-22,06:00,D-B,D,Burhi Gandak,B,Samastipur,41.55,45.73,49.38,33
2026-08-22,06:00,D-C,D,Burhi Gandak,C,Rosara,39,42.63,46.56,25
2026-08-22,06:00,D-D,D,Burhi Gandak,D,Khagaria,36.5,36.58,39.22,25
2026-08-22,06:00,E-A,E,Kamla Balan,A,Jainagar,67,68.5,71.35,0
2026-08-22,06:00,E-B,E,Kamla Balan,B,Jhanjharpur,49.2,50.5,53.11,100
2026-08-22,06:00,F-A,F,Bhuthi Balan,A,Ekma,68.59,69.5,72.1,0
2026-08-22,06:00,G-A,G,Lalbakeya,A,Gowabari,69.45,71.15,73.86,0
2026-08-22,06:00,H-A,H,Ganga,A,Allahabad,80.3,84.73,88.03,0
2026-08-22,06:00,H-B,H,Ganga,B,Varanasi,69.13,71.26,73.9,67
2026-08-22,06:00,H-C,H,Ganga,C,Buxar,59.28,60.32,62.09,50
2026-08-22,06:00,H-D,H,Ganga,D,Digha,50.53,50.45,52.52,50
2026-08-22,06:00,H-E,H,Ganga,E,Gandhi Ghat,49.35,48.6,50.52,25
2026-08-22,06:00,H-F,H,Ganga,F,Hathidah,42.22,41.76,43.52,50
2026-08-22,06:00,H-G,H,Ganga,G,Munger,38.23,39.33,40.99,25
2026-08-22,06:00,H-H,H,Ganga,H,Bhagalpur,32.73,33.68,34.86,25
2026-08-22,06:00,H-I,H,Ganga,I,Kahalgaon,31.07,31.09,32.87,25
2026-08-22,06:00,H-J,H,Ganga,J,Farakka,21.74,22.25,25.14,25
2026-08-22,06:00,I-A,I,Punpun,A,Sripalpur,50.26,50.6,53.91,0
2026-08-22,06:00,J-A,J,Adhwara,A,Sonbarsa,79.38,81.85,83.75,0
2026-08-22,06:00,J-B,J,Adhwara,B,Sundarpur,58.4,61.7,64.1,108
2026-08-22,06:00,J-C,J,Adhwara,C,Pupri,51.15,55.79,56.95,50
2026-08-22,06:00,K-A,K,Khiroi,A,Kamtaul,47.84,50,53.05,0
2026-08-22,06:00,K-B,K,Khiroi,B,Ekmighat,43.1,46.94,49.52,50
2026-08-22,06:00,L-A,L,Mahananda,A,Taibpur,63.49,66,67.26,0
2026-08-22,06:00,L-B,L,Mahananda,B,Dhangaraghat,33.89,35.65,38.2,50
2026-08-22,06:00,M-A,M,Ghaghra,A,Darauli,61.2,60.82,61.82,0
2026-08-22,06:00,M-B,M,Ghaghra,B,Gangpur Siswan,56.5,57.04,58.26,50
2026-08-22,14:00,A-A,A,Gandak,A,Khada,94.75,96,97.5,0
2026-08-22,14:00,A-B,A,Gandak,B,Chatia,66.74,69.15,70.04,25
2026-08-22,14:00,A-C,A,Gandak,C,Dumaria Ghat,62.64,62.22,64.36,25
2026-08-22,14:00,A-D,A,Gandak,D,Rewa Ghat,53.36,54.41,55.46,25
2026-08-22,14:00,A-E,A,Gandak,E,Hajipur,49.41,50.32,50.93,25
2026-08-22,14:00,B-A,B,Kosi,A,Basua,46.82,47.75,49.24,0
2026-08-22,14:00,B-B,B,Kosi,B,Baltara,34.39,33.85,36.4,25
2026-08-22,14:00,B-C,B,Kosi,C,Kursela,30.02,30,32.1,25
2026-08-22,14:00,C-A,C,Bagmati,A,Dheng,70,71,73.47,0
2026-08-22,14:00,C-B,C,Bagmati,B,Sonakhan,68.4,68.8,72.05,25
2026-08-22,14:00,C-C,C,Bagmati,C,Dubadhar,59.58,61.28,63.75,50
2026-08-22,14:00,C-D,C,Bagmati,D,Kansar,56.6,59.06,60.86,25
2026-08-22,14:00,C-E,C,Bagmati,E,Kataunjha,53.3,55,58.36,25
2026-08-22,14:00,C-F,C,Bagmati,F,Benibad,48.18,48.68,50.12,28
2026-08-22,14:00,C-G,C,Bagmati,G,Hayaghat,42.12,45.72,48.96,25
2026-08-22,14:00,D-A,D,Burhi Gandak,A,Sikandarpur,47.65,52.53,54.29,0
2026-08-22,14:00,D-B,D,Burhi Gandak,B,Samastipur,41.55,45.73,49.38,33
2026-08-22,14:00,D-C,D,Burhi Gandak,C,Rosara,39,42.63,46.56,25
2026-08-22,14:00,D-D,D,Burhi Gandak,D,Khagaria,36.62,36.58,39.22,25
2026-08-22,14:00,E-A,E,Kamla Balan,A,Jainagar,67.1,68.5,71.35,0
2026-08-22,14:00,E-B,E,Kamla Balan,B,Jhanjharpur,49.2,50.5,53.11,100
2026-08-22,14:00,F-A,F,Bhuthi Balan,A,Ekma,68.59,69.5,72.1,0
2026-08-22,14:00,G-A,G,Lalbakeya,A,Gowabari,69.95,71.15,73.86,0
2026-08-22,14:00,H-A,H,Ganga,A,Allahabad,80.42,84.73,88.03,0
2026-08-22,14:00,H-B,H,Ganga,B,Varanasi,69.18,71.26,73.9,67
2026-08-22,14:00,H-C,H,Ganga,C,Buxar,59.39,60.32,62.09,50
2026-08-22,14:00,H-D,H,Ganga,D,Digha,50.53,50.45,52.52,50
2026-08-22,14:00,H-E,H,Ganga,E,Gandhi Ghat,49.36,48.6,50.52,25
2026-08-22,14:00,H-F,H,Ganga,F,Hathidah,42.3,41.76,43.52,50
2026-08-22,14:00,H-G,H,Ganga,G,Munger,38.35,39.33,40.99,25
2026-08-22,14:00,H-H,H,Ganga,H,Bhagalpur,32.85,33.68,34.86,25
2026-08-22,14:00,H-I,H,Ganga,I,Kahalgaon,31.15,31.09,32.87,25
2026-08-22,14:00,H-J,H,Ganga,J,Farakka,21.85,22.25,25.14,25
2026-08-22,14:00,I-A,I,Punpun,A,Sripalpur,50.12,50.6,53.91,0
2026-08-22,14:00,J-A,J,Adhwara,A,Sonbarsa,79.6,81.85,83.75,0
2026-08-22,14:00,J-B,J,Adhwara,B,Sundarpur,58.35,61.7,64.1,108
2026-08-22,14:00,J-C,J,Adhwara,C,Pupri,51.15,55.79,56.95,50
2026-08-22,14:00,K-A,K,Khiroi,A,Kamtaul,47.8,50,53.05,0
2026-08-22,14:00,K-B,K,Khiroi,B,Ekmighat,43.02,46.94,49.52,50
2026-08-22,14:00,L-A,L,Mahananda,A,Taibpur,63.46,66,67.26,0
2026-08-22,14:00,L-B,L,Mahananda,B,Dhangaraghat,33.84,35.65,38.2,50
2026-08-22,14:00,M-A,M,Ghaghra,A,Darauli,61.2,60.82,61.82,0
2026-08-22,14:00,M-B,M,Ghaghra,B,Gangpur Siswan,56.54,57.04,58.26,50
2026-08-23,06:00,A-A,A,Gandak,A,Khada,95.08,96,97.5,0
2026-08-23,06:00,A-B,A,Gandak,B,Chatia,66.73,69.15,70.04,25
2026-08-23,06:00,A-C,A,Gandak,C,Dumaria Ghat,62.71,62.22,64.36,25
2026-08-23,06:00,A-D,A,Gandak,D,Rewa Ghat,53.34,54.41,55.46,25
2026-08-23,06:00,A-E,A,Gandak,E,Hajipur,49.51,50.32,50.93,25
2026-08-23,06:00,B-A,B,Kosi,A,Basua,46.7,47.75,49.24,0
2026-08-23,06:00,B-B,B,Kosi,B,Baltara,34.51,33.85,36.4,25
2026-08-23,06:00,B-C,B,Kosi,C,Kursela,30.14,30,32.1,25
2026-08-23,06:00,C-A,C,Bagmati,A,Dheng,69.9,71,73.47,0
2026-08-23,06:00,C-B,C,Bagmati,B,Sonakhan,68.3,68.8,72.05,25
2026-08-23,06:00,C-C,C,Bagmati,C,Dubadhar,59.98,61.28,63.75,50
2026-08-23,06:00,C-D,C,Bagmati,D,Kansar,57.3,59.06,60.86,25
2026-08-23,06:00,C-E,C,Bagmati,E,Kataunjha,53.8,55,58.36,25
2026-08-23,06:00,C-F,C,Bagmati,F,Benibad,48.02,48.68,50.12,28
2026-08-23,06:00,C-G,C,Bagmati,G,Hayaghat,41.82,45.72,48.96,25
2026-08-23,06:00,D-A,D,Burhi Gandak,A,Sikandarpur,47.49,52.53,54.29,0
2026-08-23,06:00,D-B,D,Burhi Gandak,B,Samastipur,41.55,45.73,49.38,33
2026-08-23,06:00,D-C,D,Burhi Gandak,C,Rosara,39,42.63,46.56,25
2026-08-23,06:00,D-D,D,Burhi Gandak,D,Khagaria,36.7,36.58,39.22,25
2026-08-23,06:00,E-A,E,Kamla Balan,A,Jainagar,67,68.5,71.35,0
2026-08-23,06:00,E-B,E,Kamla Balan,B,Jhanjharpur,49.3,50.5,53.11,100
2026-08-23,06:00,F-A,F,Bhuthi Balan,A,Ekma,68.59,69.5,72.1,0
2026-08-23,06:00,G-A,G,Lalbakeya,A,Gowabari,69.6,71.15,73.86,0
2026-08-23,06:00,H-A,H,Ganga,A,Allahabad,80.37,84.73,88.03,0
2026-08-23,06:00,H-B,H,Ganga,B,Varanasi,69.23,71.26,73.9,67
2026-08-23,06:00,H-C,H,Ganga,C,Buxar,59.51,60.32,62.09,50
2026-08-23,06:00,H-D,H,Ganga,D,Digha,50.63,50.45,52.52,50
2026-08-23,06:00,H-E,H,Ganga,E,Gandhi Ghat,49.54,48.6,50.52,25
2026-08-23,06:00,H-F,H,Ganga,F,Hathidah,42.37,41.76,43.52,50
2026-08-23,06:00,H-G,H,Ganga,G,Munger,38.67,39.33,40.99,25
2026-08-23,06:00,H-H,H,Ganga,H,Bhagalpur,33.01,33.68,34.86,25
2026-08-23,06:00,H-I,H,Ganga,I,Kahalgaon,31.31,31.09,32.87,25
2026-08-23,06:00,H-J,H,Ganga,J,Farakka,21.99,22.25,25.14,25
2026-08-23,06:00,I-A,I,Punpun,A,Sripalpur,49.8,50.6,53.91,0
2026-08-23,06:00,J-A,J,Adhwara,A,Sonbarsa,79.62,81.85,83.75,0
2026-08-23,06:00,J-B,J,Adhwara,B,Sundarpur,58.35,61.7,64.1,108
2026-08-23,06:00,J-C,J,Adhwara,C,Pupri,51.15,55.79,56.95,50
2026-08-23,06:00,K-A,K,Khiroi,A,Kamtaul,47.76,50,53.05,0
2026-08-23,06:00,K-B,K,Khiroi,B,Ekmighat,42.82,46.94,49.52,50
2026-08-23,06:00,L-A,L,Mahananda,A,Taibpur,63.43,66,67.26,0
2026-08-23,06:00,L-B,L,Mahananda,B,Dhangaraghat,33.77,35.65,38.2,50
2026-08-23,06:00,M-A,M,Ghaghra,A,Darauli,61.26,60.82,61.82,0
2026-08-23,06:00,M-B,M,Ghaghra,B,Gangpur Siswan,56.67,57.04,58.26,50
2026-08-23,14:00,A-A,A,Gandak,A,Khada,94.88,96,97.5,0
2026-08-23,14:00,A-B,A,Gandak,B,Chatia,66.73,69.15,70.04,25
2026-08-23,14:00,A-C,A,Gandak,C,Dumaria Ghat,62.79,62.22,64.36,25
2026-08-23,14:00,A-D,A,Gandak,D,Rewa Ghat,53.34,54.41,55.46,25
2026-08-23,14:00,A-E,A,Gandak,E,Hajipur,49.59,50.32,50.93,25
2026-08-23,14:00,B-A,B,Kosi,A,Basua,46.74,47.75,49.24,0
2026-08-23,14:00,B-B,B,Kosi,B,Baltara,34.59,33.85,36.4,25
2026-08-23,14:00,B-C,B,Kosi,C,Kursela,30.22,30,32.1,25
2026-08-23,14:00,C-A,C,Bagmati,A,Dheng,69.85,71,73.47,0
2026-08-23,14:00,C-B,C,Bagmati,B,Sonakhan,68.25,68.8,72.05,25
2026-08-23,14:00,C-C,C,Bagmati,C,Dubadhar,59.86,61.28,63.75,50
2026-08-23,14:00,C-D,C,Bagmati,D,Kansar,57.15,59.06,60.86,25
2026-08-23,14:00,C-E,C,Bagmati,E,Kataunjha,53.7,55,58.36,25
2026-08-23,14:00,C-F,C,Bagmati,F,Benibad,48.65,48.68,50.12,28
2026-08-23,14:00,C-G,C,Bagmati,G,Hayaghat,41.92,45.72,48.96,25
2026-08-23,14:00,D-A,D,Burhi Gandak,A,Sikandarpur,47.41,52.53,54.29,0
2026-08-23,14:00,D-B,D,Burhi Gandak,B,Samastipur,41.55,45.73,49.38,33
2026-08-23,14:00,D-C,D,Burhi Gandak,C,Rosara,39,42.63,46.56,25
2026-08-23,14:00,D-D,D,Burhi Gandak,D,Khagaria,36.75,36.58,39.22,25
2026-08-23,14:00,E-A,E,Kamla Balan,A,Jainagar,67.05,68.5,71.35,0
2026-08-23,14:00,E-B,E,Kamla Balan,B,Jhanjharpur,49.3,50.5,53.11,100
2026-08-23,14:00,F-A,F,Bhuthi Balan,A,Ekma,68.59,69.5,72.1,0
2026-08-23,14:00,G-A,G,Lalbakeya,A,Gowabari,69.6,71.15,73.86,0
2026-08-23,14:00,H-A,H,Ganga,A,Allahabad,80.08,84.73,88.03,0
2026-08-23,14:00,H-B,H,Ganga,B,Varanasi,69.08,71.26,73.9,67
2026-08-23,14:00,H-C,H,Ganga,C,Buxar,59.59,60.32,62.09,50
2026-08-23,14:00,H-D,H,Ganga,D,Digha,50.71,50.45,52.52,50
2026-08-23,14:00,H-E,H,Ganga,E,Gandhi Ghat,49.54,48.6,50.52,25
2026-08-23,14:00,H-F,H,Ganga,F,Hathidah,42.44,41.76,43.52,50
2026-08-23,14:00,H-G,H,Ganga,G,Munger,38.75,39.33,40.99,25
2026-08-23,14:00,H-H,H,Ganga,H,Bhagalpur,33.09,33.68,34.86,25
2026-08-23,14:00,H-I,H,Ganga,I,Kahalgaon,31.39,31.09,32.87,25
2026-08-23,14:00,H-J,H,Ganga,J,Farakka,22.14,22.25,25.14,25
2026-08-23,14:00,I-A,I,Punpun,A,Sripalpur,49.77,50.6,53.91,0
2026-08-23,14:00,J-A,J,Adhwara,A,Sonbarsa,79.58,81.85,83.75,0
2026-08-23,14:00,J-B,J,Adhwara,B,Sundarpur,58.35,61.7,64.1,108
2026-08-23,14:00,J-C,J,Adhwara,C,Pupri,51.15,55.79,56.95,50
2026-08-23,14:00,K-A,K,Khiroi,A,Kamtaul,47.72,50,53.05,0
2026-08-23,14:00,K-B,K,Khiroi,B,Ekmighat,42.81,46.94,49.52,50
2026-08-23,14:00,L-A,L,Mahananda,A,Taibpur,63.41,66,67.26,0
2026-08-23,14:00,L-B,L,Mahananda,B,Dhangaraghat,33.77,35.65,38.2,50
2026-08-23,14:00,M-A,M,Ghaghra,A,Darauli,61.24,60.82,61.82,0
2026-08-23,14:00,M-B,M,Ghaghra,B,Gangpur Siswan,56.71,57.04,58.26,50
2026-08-24,06:00,A-A,A,Gandak,A,Khada,94.75,96,97.5,0
2026-08-24,06:00,A-B,A,Gandak,B,Chatia,66.73,69.15,70.04,25
2026-08-24,06:00,A-C,A,Gandak,C,Dumaria Ghat,62.91,62.22,64.36,25
2026-08-24,06:00,A-D,A,Gandak,D,Rewa Ghat,53.34,54.41,55.46,25
2026-08-24,06:00,A-E,A,Gandak,E,Hajipur,49.62,50.32,50.93,25
2026-08-24,06:00,B-A,B,Kosi,A,Basua,46.7,47.75,49.24,0
2026-08-24,06:00,B-B,B,Kosi,B,Baltara,34.66,33.85,36.4,25
2026-08-24,06:00,B-C,B,Kosi,C,Kursela,30.34,30,32.1,25
2026-08-24,06:00,C-A,C,Bagmati,A,Dheng,69.9,71,73.47,0
2026-08-24,06:00,C-B,C,Bagmati,B,Sonakhan,68.15,68.8,72.05,25
2026-08-24,06:00,C-C,C,Bagmati,C,Dubadhar,59.92,61.28,63.75,50
2026-08-24,06:00,C-D,C,Bagmati,D,Kansar,57.25,59.06,60.86,25
2026-08-24,06:00,C-E,C,Bagmati,E,Kataunjha,53.6,55,58.36,25
2026-08-24,06:00,C-F,C,Bagmati,F,Benibad,48.56,48.68,50.12,28
2026-08-24,06:00,C-G,C,Bagmati,G,Hayaghat,42.17,45.72,48.96,25
2026-08-24,06:00,D-A,D,Burhi Gandak,A,Sikandarpur,47.25,52.53,54.29,0
2026-08-24,06:00,D-B,D,Burhi Gandak,B,Samastipur,41.45,45.73,49.38,33
2026-08-24,06:00,D-C,D,Burhi Gandak,C,Rosara,39,42.63,46.56,25
2026-08-24,06:00,D-D,D,Burhi Gandak,D,Khagaria,36.87,36.58,39.22,25
2026-08-24,06:00,E-A,E,Kamla Balan,A,Jainagar,67.05,68.5,71.35,0
2026-08-24,06:00,E-B,E,Kamla Balan,B,Jhanjharpur,49.08,50.5,53.11,100
2026-08-24,06:00,F-A,F,Bhuthi Balan,A,Ekma,68.59,69.5,72.1,0
2026-08-24,06:00,G-A,G,Lalbakeya,A,Gowabari,70,71.15,73.86,0
2026-08-24,06:00,H-A,H,Ganga,A,Allahabad,79.68,84.73,88.03,0
2026-08-24,06:00,H-B,H,Ganga,B,Varanasi,68.72,71.26,73.9,67
2026-08-24,06:00,H-C,H,Ganga,C,Buxar,59.58,60.32,62.09,50
2026-08-24,06:00,H-D,H,Ganga,D,Digha,50.75,50.45,52.52,50
2026-08-24,06:00,H-E,H,Ganga,E,Gandhi Ghat,49.57,48.6,50.52,25
2026-08-24,06:00,H-F,H,Ganga,F,Hathidah,42.51,41.76,43.52,50
2026-08-24,06:00,H-G,H,Ganga,G,Munger,38.8,39.33,40.99,25
2026-08-24,06:00,H-H,H,Ganga,H,Bhagalpur,33.19,33.68,34.86,25
2026-08-24,06:00,H-I,H,Ganga,I,Kahalgaon,31.55,31.09,32.87,25
2026-08-24,06:00,H-J,H,Ganga,J,Farakka,22.2,22.25,25.14,25
2026-08-24,06:00,I-A,I,Punpun,A,Sripalpur,49.6,50.6,53.91,0
2026-08-24,06:00,J-A,J,Adhwara,A,Sonbarsa,78.6,81.85,83.75,0
2026-08-24,06:00,J-B,J,Adhwara,B,Sundarpur,58.53,61.7,64.1,108
2026-08-24,06:00,J-C,J,Adhwara,C,Pupri,51.15,55.79,56.95,50
2026-08-24,06:00,K-A,K,Khiroi,A,Kamtaul,47.52,50,53.05,0
2026-08-24,06:00,K-B,K,Khiroi,B,Ekmighat,42.95,46.94,49.52,50
2026-08-24,06:00,L-A,L,Mahananda,A,Taibpur,63.4,66,67.26,0
2026-08-24,06:00,L-B,L,Mahananda,B,Dhangaraghat,33.85,35.65,38.2,50
2026-08-24,06:00,M-A,M,Ghaghra,A,Darauli,61.23,60.82,61.82,0
2026-08-24,06:00,M-B,M,Ghaghra,B,Gangpur Siswan,56.75,57.04,58.26,50
2026-08-24,14:00,A-A,A,Gandak,A,Khada,94.8,96,97.5,0
2026-08-24,14:00,A-B,A,Gandak,B,Chatia,66.79,69.15,70.04,25
2026-08-24,14:00,A-C,A,Gandak,C,Dumaria Ghat,62.83,62.22,64.36,25
2026-08-24,14:00,A-D,A,Gandak,D,Rewa Ghat,53.57,54.41,55.46,25
2026-08-24,14:00,A-E,A,Gandak,E,Hajipur,49.62,50.32,50.93,25
2026-08-24,14:00,B-A,B,Kosi,A,Basua,46.68,47.75,49.24,0
2026-08-24,14:00,B-B,B,Kosi,B,Baltara,34.68,33.85,36.4,25
2026-08-24,14:00,B-C,B,Kosi,C,Kursela,30.37,30,32.1,25
2026-08-24,14:00,C-A,C,Bagmati,A,Dheng,69.87,71,73.47,0
2026-08-24,14:00,C-B,C,Bagmati,B,Sonakhan,68.12,68.8,72.05,25
2026-08-24,14:00,C-C,C,Bagmati,C,Dubadhar,59.9,61.28,63.75,50
2026-08-24,14:00,C-D,C,Bagmati,D,Kansar,57.23,59.06,60.86,25
2026-08-24,14:00,C-E,C,Bagmati,E,Kataunjha,53.5,55,58.36,25
2026-08-24,14:00,C-F,C,Bagmati,F,Benibad,48.54,48.68,50.12,28
2026-08-24,14:00,C-G,C,Bagmati,G,Hayaghat,42.17,45.72,48.96,25
2026-08-24,14:00,D-A,D,Burhi Gandak,A,Sikandarpur,47.22,52.53,54.29,0
2026-08-24,14:00,D-B,D,Burhi Gandak,B,Samastipur,41.37,45.73,49.38,33
2026-08-24,14:00,D-C,D,Burhi Gandak,C,Rosara,38.99,42.63,46.56,25
2026-08-24,14:00,D-D,D,Burhi Gandak,D,Khagaria,36.95,36.58,39.22,25
2026-08-24,14:00,E-A,E,Kamla Balan,A,Jainagar,67.1,68.5,71.35,0
2026-08-24,14:00,E-B,E,Kamla Balan,B,Jhanjharpur,49.08,50.5,53.11,100
2026-08-24,14:00,F-A,F,Bhuthi Balan,A,Ekma,68.59,69.5,72.1,0
2026-08-24,14:00,G-A,G,Lalbakeya,A,Gowabari,69.96,71.15,73.86,0
2026-08-24,14:00,H-A,H,Ganga,A,Allahabad,79.6,84.73,88.03,0
2026-08-24,14:00,H-B,H,Ganga,B,Varanasi,68.54,71.26,73.9,67
2026-08-24,14:00,H-C,H,Ganga,C,Buxar,59.51,60.32,62.09,50
2026-08-24,14:00,H-D,H,Ganga,D,Digha,50.75,50.45,52.52,50
2026-08-24,14:00,H-E,H,Ganga,E,Gandhi Ghat,49.57,48.6,50.52,25
2026-08-24,14:00,H-F,H,Ganga,F,Hathidah,42.53,41.76,43.52,50
2026-08-24,14:00,H-G,H,Ganga,G,Munger,38.82,39.33,40.99,25
2026-08-24,14:00,H-H,H,Ganga,H,Bhagalpur,33.27,33.68,34.86,25
2026-08-24,14:00,H-I,H,Ganga,I,Kahalgaon,31.63,31.09,32.87,25
2026-08-24,14:00,H-J,H,Ganga,J,Farakka,22.34,22.25,25.14,25
2026-08-24,14:00,I-A,I,Punpun,A,Sripalpur,49.52,50.6,53.91,0
2026-08-24,14:00,J-A,J,Adhwara,A,Sonbarsa,78.62,81.85,83.75,0
2026-08-24,14:00,J-B,J,Adhwara,B,Sundarpur,58.35,61.7,64.1,108
2026-08-24,14:00,J-C,J,Adhwara,C,Pupri,51.15,55.79,56.95,50
2026-08-24,14:00,K-A,K,Khiroi,A,Kamtaul,47.44,50,53.05,0
2026-08-24,14:00,K-B,K,Khiroi,B,Ekmighat,42.9,46.94,49.52,50
2026-08-24,14:00,L-A,L,Mahananda,A,Taibpur,63.38,66,67.26,0
2026-08-24,14:00,L-B,L,Mahananda,B,Dhangaraghat,33.87,35.65,38.2,50
2026-08-24,14:00,M-A,M,Ghaghra,A,Darauli,61.19,60.82,61.82,0
2026-08-24,14:00,M-B,M,Ghaghra,B,Gangpur Siswan,56.72,57.04,58.26,50
2026-08-25,06:00,A-A,A,Gandak,A,Khada,94.72,96,97.5,0
2026-08-25,06:00,A-B,A,Gandak,B,Chatia,66.83,69.15,70.04,25
2026-08-25,06:00,A-C,A,Gandak,C,Dumaria Ghat,62.75,62.22,64.36,25
2026-08-25,06:00,A-D,A,Gandak,D,Rewa Ghat,53.63,54.41,55.46,25
2026-08-25,06:00,A-E,A,Gandak,E,Hajipur,49.6,50.32,50.93,25
2026-08-25,06:00,B-A,B,Kosi,A,Basua,46.65,47.75,49.24,0
2026-08-25,06:00,B-B,B,Kosi,B,Baltara,34.76,33.85,36.4,25
2026-08-25,06:00,B-C,B,Kosi,C,Kursela,30.48,30,32.1,25
2026-08-25,06:00,C-A,C,Bagmati,A,Dheng,69.85,71,73.47,0
2026-08-25,06:00,C-B,C,Bagmati,B,Sonakhan,68.1,68.8,72.05,25
2026-08-25,06:00,C-C,C,Bagmati,C,Dubadhar,59.8,61.28,63.75,50
2026-08-25,06:00,C-D,C,Bagmati,D,Kansar,57.18,59.06,60.86,25
2026-08-25,06:00,C-E,C,Bagmati,E,Kataunjha,53.45,55,58.36,25
2026-08-25,06:00,C-F,C,Bagmati,F,Benibad,48.54,48.68,50.12,28
2026-08-25,06:00,C-G,C,Bagmati,G,Hayaghat,42.17,45.72,48.96,25
2026-08-25,06:00,D-A,D,Burhi Gandak,A,Sikandarpur,47.22,52.53,54.29,0
2026-08-25,06:00,D-B,D,Burhi Gandak,B,Samastipur,41.22,45.73,49.38,33
2026-08-25,06:00,D-C,D,Burhi Gandak,C,Rosara,38.98,42.63,46.56,25
2026-08-25,06:00,D-D,D,Burhi Gandak,D,Khagaria,37.1,36.58,39.22,25
2026-08-25,06:00,E-A,E,Kamla Balan,A,Jainagar,67,68.5,71.35,0
2026-08-25,06:00,E-B,E,Kamla Balan,B,Jhanjharpur,49.3,50.5,53.11,100
2026-08-25,06:00,F-A,F,Bhuthi Balan,A,Ekma,68.59,69.5,72.1,0
2026-08-25,06:00,G-A,G,Lalbakeya,A,Gowabari,69.7,71.15,73.86,0
2026-08-25,06:00,H-A,H,Ganga,A,Allahabad,79.29,84.73,88.03,0
2026-08-25,06:00,H-B,H,Ganga,B,Varanasi,68.26,71.26,73.9,67
2026-08-25,06:00,H-C,H,Ganga,C,Buxar,59.25,60.32,62.09,50
2026-08-25,06:00,H-D,H,Ganga,D,Digha,50.73,50.45,52.52,50
2026-08-25,06:00,H-E,H,Ganga,E,Gandhi Ghat,49.54,48.6,50.52,25
2026-08-25,06:00,H-F,H,Ganga,F,Hathidah,42.59,41.76,43.52,50
2026-08-25,06:00,H-G,H,Ganga,G,Munger,38.74,39.33,40.99,25
2026-08-25,06:00,H-H,H,Ganga,H,Bhagalpur,33.35,33.68,34.86,25
2026-08-25,06:00,H-I,H,Ganga,I,Kahalgaon,31.77,31.09,32.87,25
2026-08-25,06:00,H-J,H,Ganga,J,Farakka,22.4,22.25,25.14,25
2026-08-25,06:00,I-A,I,Punpun,A,Sripalpur,49.49,50.6,53.91,0
2026-08-25,06:00,J-A,J,Adhwara,A,Sonbarsa,78.56,81.85,83.75,0
2026-08-25,06:00,J-B,J,Adhwara,B,Sundarpur,58.35,61.7,64.1,108
2026-08-25,06:00,J-C,J,Adhwara,C,Pupri,51.15,55.79,56.95,50
2026-08-25,06:00,K-A,K,Khiroi,A,Kamtaul,47.28,50,53.05,0
2026-08-25,06:00,K-B,K,Khiroi,B,Ekmighat,42.9,46.94,49.52,50
2026-08-25,06:00,L-A,L,Mahananda,A,Taibpur,63.38,66,67.26,0
2026-08-25,06:00,L-B,L,Mahananda,B,Dhangaraghat,33.88,35.65,38.2,50
2026-08-25,06:00,M-A,M,Ghaghra,A,Darauli,61.17,60.82,61.82,0
2026-08-25,06:00,M-B,M,Ghaghra,B,Gangpur Siswan,56.64,57.04,58.26,50
2026-08-25,14:00,A-A,A,Gandak,A,Khada,94.72,96,97.5,0
2026-08-25,14:00,A-B,A,Gandak,B,Chatia,66.82,69.15,70.04,25
2026-08-25,14:00,A-C,A,Gandak,C,Dumaria Ghat,62.71,62.22,64.36,25
2026-08-25,14:00,A-D,A,Gandak,D,Rewa Ghat,53.58,54.41,55.46,25
2026-08-25,14:00,A-E,A,Gandak,E,Hajipur,49.57,50.32,50.93,25
2026-08-25,14:00,B-A,B,Kosi,A,Basua,46.68,47.75,49.24,0
2026-08-25,14:00,B-B,B,Kosi,B,Baltara,34.76,33.85,36.4,25
2026-08-25,14:00,B-C,B,Kosi,C,Kursela,30.56,30,32.1,25
2026-08-25,14:00,C-A,C,Bagmati,A,Dheng,69.8,71,73.47,0
2026-08-25,14:00,C-B,C,Bagmati,B,Sonakhan,68.05,68.8,72.05,25
2026-08-25,14:00,C-C,C,Bagmati,C,Dubadhar,59.78,61.28,63.75,50
2026-08-25,14:00,C-D,C,Bagmati,D,Kansar,57.15,59.06,60.86,25
2026-08-25,14:00,C-E,C,Bagmati,E,Kataunjha,53.45,55,58.36,25
2026-08-25,14:00,C-F,C,Bagmati,F,Benibad,48.54,48.68,50.12,28
2026-08-25,14:00,C-G,C,Bagmati,G,Hayaghat,42.17,45.72,48.96,25
2026-08-25,14:00,D-A,D,Burhi Gandak,A,Sikandarpur,47.3,52.53,54.29,0
2026-08-25,14:00,D-B,D,Burhi Gandak,B,Samastipur,41.14,45.73,49.38,33
2026-08-25,14:00,D-C,D,Burhi Gandak,C,Rosara,38.97,42.63,46.56,25
2026-08-25,14:00,D-D,D,Burhi Gandak,D,Khagaria,37.12,36.58,39.22,25
2026-08-25,14:00,E-A,E,Kamla Balan,A,Jainagar,67,68.5,71.35,0
2026-08-25,14:00,E-B,E,Kamla Balan,B,Jhanjharpur,49.32,50.5,53.11,100
2026-08-25,14:00,F-A,F,Bhuthi Balan,A,Ekma,68.59,69.5,72.1,0
2026-08-25,14:00,G-A,G,Lalbakeya,A,Gowabari,69.7,71.15,73.86,0
2026-08-25,14:00,H-A,H,Ganga,A,Allahabad,79.22,84.73,88.03,0
2026-08-25,14:00,H-B,H,Ganga,B,Varanasi,68.14,71.26,73.9,67
2026-08-25,14:00,H-C,H,Ganga,C,Buxar,59.17,60.32,62.09,50
2026-08-25,14:00,H-D,H,Ganga,D,Digha,50.67,50.45,52.52,50
2026-08-25,14:00,H-E,H,Ganga,E,Gandhi Ghat,49.48,48.6,50.52,25
2026-08-25,14:00,H-F,H,Ganga,F,Hathidah,42.58,41.76,43.52,50
2026-08-25,14:00,H-G,H,Ganga,G,Munger,38.77,39.33,40.99,25
2026-08-25,14:00,H-H,H,Ganga,H,Bhagalpur,33.39,33.68,34.86,25
2026-08-25,14:00,H-I,H,Ganga,I,Kahalgaon,31.81,31.09,32.87,25
2026-08-25,14:00,H-J,H,Ganga,J,Farakka,22.51,22.25,25.14,25
2026-08-25,14:00,I-A,I,Punpun,A,Sripalpur,49.47,50.6,53.91,0
2026-08-25,14:00,J-A,J,Adhwara,A,Sonbarsa,78.54,81.85,83.75,0
2026-08-25,14:00,J-B,J,Adhwara,B,Sundarpur,58.35,61.7,64.1,108
2026-08-25,14:00,J-C,J,Adhwara,C,Pupri,51.15,55.79,56.95,50
2026-08-25,14:00,K-A,K,Khiroi,A,Kamtaul,47.2,50,53.05,0
2026-08-25,14:00,K-B,K,Khiroi,B,Ekmighat,42.9,46.94,49.52,50
2026-08-25,14:00,L-A,L,Mahananda,A,Taibpur,63.38,66,67.26,0
2026-08-25,14:00,L-B,L,Mahananda,B,Dhangaraghat,33.84,35.65,38.2,50
2026-08-25,14:00,M-A,M,Ghaghra,A,Darauli,61.13,60.82,61.82,0
2026-08-25,14:00,M-B,M,Ghaghra,B,Gangpur Siswan,56.59,57.04,58.26,50
2026-08-26,06:00,A-A,A,Gandak,A,Khada,94.67,96,97.5,0
2026-08-26,06:00,A-B,A,Gandak,B,Chatia,66.79,69.15,70.04,25
2026-08-26,06:00,A-C,A,Gandak,C,Dumaria Ghat,62.65,62.22,64.36,25
2026-08-26,06:00,A-D,A,Gandak,D,Rewa Ghat,53.47,54.41,55.46,25
2026-08-26,06:00,A-E,A,Gandak,E,Hajipur,49.49,50.32,50.93,25
2026-08-26,06:00,B-A,B,Kosi,A,Basua,46.72,47.75,49.24,0
2026-08-26,06:00,B-B,B,Kosi,B,Baltara,34.69,33.85,36.4,25
2026-08-26,06:00,B-C,B,Kosi,C,Kursela,30.68,30,32.1,25
2026-08-26,06:00,C-A,C,Bagmati,A,Dheng,69.6,71,73.47,0
2026-08-26,06:00,C-B,C,Bagmati,B,Sonakhan,67.84,68.8,72.05,25
2026-08-26,06:00,C-C,C,Bagmati,C,Dubadhar,59.74,61.28,63.75,50
2026-08-26,06:00,C-D,C,Bagmati,D,Kansar,57.15,59.06,60.86,25
2026-08-26,06:00,C-E,C,Bagmati,E,Kataunjha,53.4,55,58.36,25
2026-08-26,06:00,C-F,C,Bagmati,F,Benibad,48.42,48.68,50.12,28
2026-08-26,06:00,C-G,C,Bagmati,G,Hayaghat,42.11,45.72,48.96,25
2026-08-26,06:00,D-A,D,Burhi Gandak,A,Sikandarpur,47.38,52.53,54.29,0
2026-08-26,06:00,D-B,D,Burhi Gandak,B,Samastipur,41.12,45.73,49.38,33
2026-08-26,06:00,D-C,D,Burhi Gandak,C,Rosara,38.96,42.63,46.56,25
2026-08-26,06:00,D-D,D,Burhi Gandak,D,Khagaria,37.11,36.58,39.22,25
2026-08-26,06:00,E-A,E,Kamla Balan,A,Jainagar,66.9,68.5,71.35,0
2026-08-26,06:00,E-B,E,Kamla Balan,B,Jhanjharpur,49.86,50.5,53.11,100
2026-08-26,06:00,F-A,F,Bhuthi Balan,A,Ekma,68.59,69.5,72.1,0
2026-08-26,06:00,G-A,G,Lalbakeya,A,Gowabari,69.6,71.15,73.86,0
2026-08-26,06:00,H-A,H,Ganga,A,Allahabad,79.02,84.73,88.03,0
2026-08-26,06:00,H-B,H,Ganga,B,Varanasi,67.98,71.26,73.9,67
2026-08-26,06:00,H-C,H,Ganga,C,Buxar,58.93,60.32,62.09,50
2026-08-26,06:00,H-D,H,Ganga,D,Digha,50.58,50.45,52.52,50
2026-08-26,06:00,H-E,H,Ganga,E,Gandhi Ghat,49.42,48.6,50.52,25
2026-08-26,06:00,H-F,H,Ganga,F,Hathidah,42.55,41.76,43.52,50
2026-08-26,06:00,H-G,H,Ganga,G,Munger,38.81,39.33,40.99,25
2026-08-26,06:00,H-H,H,Ganga,H,Bhagalpur,33.47,33.68,34.86,25
2026-08-26,06:00,H-I,H,Ganga,I,Kahalgaon,31.89,31.09,32.87,25
2026-08-26,06:00,H-J,H,Ganga,J,Farakka,22.6,22.25,25.14,25
2026-08-26,06:00,I-A,I,Punpun,A,Sripalpur,49.44,50.6,53.91,0
2026-08-26,06:00,J-A,J,Adhwara,A,Sonbarsa,78.52,81.85,83.75,0
2026-08-26,06:00,J-B,J,Adhwara,B,Sundarpur,58.35,61.7,64.1,108
2026-08-26,06:00,J-C,J,Adhwara,C,Pupri,51.15,55.79,56.95,50
2026-08-26,06:00,K-A,K,Khiroi,A,Kamtaul,47.04,50,53.05,0
2026-08-26,06:00,K-B,K,Khiroi,B,Ekmighat,42.88,46.94,49.52,50
2026-08-26,06:00,L-A,L,Mahananda,A,Taibpur,63.38,66,67.26,0
2026-08-26,06:00,L-B,L,Mahananda,B,Dhangaraghat,33.81,35.65,38.2,50
2026-08-26,06:00,M-A,M,Ghaghra,A,Darauli,61.09,60.82,61.82,0
2026-08-26,06:00,M-B,M,Ghaghra,B,Gangpur Siswan,56.49,57.04,58.26,50
2026-08-26,14:00,A-A,A,Gandak,A,Khada,94.7,96,97.5,0
2026-08-26,14:00,A-B,A,Gandak,B,Chatia,66.75,69.15,70.04,25
2026-08-26,14:00,A-C,A,Gandak,C,Dumaria Ghat,62.57,62.22,64.36,25
2026-08-26,14:00,A-D,A,Gandak,D,Rewa Ghat,53.35,54.41,55.46,25
2026-08-26,14:00,A-E,A,Gandak,E,Hajipur,49.44,50.32,50.93,25
2026-08-26,14:00,B-A,B,Kosi,A,Basua,46.75,47.75,49.24,0
2026-08-26,14:00,B-B,B,Kosi,B,Baltara,34.63,33.85,36.4,25
2026-08-26,14:00,B-C,B,Kosi,C,Kursela,30.61,30,32.1,25
2026-08-26,14:00,C-A,C,Bagmati,A,Dheng,69.49,71,73.47,0
2026-08-26,14:00,C-B,C,Bagmati,B,Sonakhan,67.78,68.8,72.05,25
2026-08-26,14:00,C-C,C,Bagmati,C,Dubadhar,59.73,61.28,63.75,50
2026-08-26,14:00,C-D,C,Bagmati,D,Kansar,57.1,59.06,60.86,25
2026-08-26,14:00,C-E,C,Bagmati,E,Kataunjha,53.4,55,58.36,25
2026-08-26,14:00,C-F,C,Bagmati,F,Benibad,48.34,48.68,50.12,28
2026-08-26,14:00,C-G,C,Bagmati,G,Hayaghat,42.03,45.72,48.96,25
2026-08-26,14:00,D-A,D,Burhi Gandak,A,Sikandarpur,47.44,52.53,54.29,0
2026-08-26,14:00,D-B,D,Burhi Gandak,B,Samastipur,41.12,45.73,49.38,33
2026-08-26,14:00,D-C,D,Burhi Gandak,C,Rosara,38.96,42.63,46.56,25
2026-08-26,14:00,D-D,D,Burhi Gandak,D,Khagaria,37.13,36.58,39.22,25
2026-08-26,14:00,E-A,E,Kamla Balan,A,Jainagar,66.9,68.5,71.35,0
2026-08-26,14:00,E-B,E,Kamla Balan,B,Jhanjharpur,49.68,50.5,53.11,100
2026-08-26,14:00,F-A,F,Bhuthi Balan,A,Ekma,68.59,69.5,72.1,0
2026-08-26,14:00,G-A,G,Lalbakeya,A,Gowabari,69.5,71.15,73.86,0
2026-08-26,14:00,H-A,H,Ganga,A,Allahabad,78.98,84.73,88.03,0
2026-08-26,14:00,H-B,H,Ganga,B,Varanasi,67.92,71.26,73.9,67
2026-08-26,14:00,H-C,H,Ganga,C,Buxar,58.87,60.32,62.09,50
2026-08-26,14:00,H-D,H,Ganga,D,Digha,50.47,50.45,52.52,50
2026-08-26,14:00,H-E,H,Ganga,E,Gandhi Ghat,49.36,48.6,50.52,25
2026-08-26,14:00,H-F,H,Ganga,F,Hathidah,42.53,41.76,43.52,50
2026-08-26,14:00,H-G,H,Ganga,G,Munger,38.82,39.33,40.99,25
2026-08-26,14:00,H-H,H,Ganga,H,Bhagalpur,33.49,33.68,34.86,25
2026-08-26,14:00,H-I,H,Ganga,I,Kahalgaon,31.91,31.09,32.87,25
2026-08-26,14:00,H-J,H,Ganga,J,Farakka,22.69,22.25,25.14,25
2026-08-26,14:00,I-A,I,Punpun,A,Sripalpur,49.36,50.6,53.91,0
2026-08-26,14:00,J-A,J,Adhwara,A,Sonbarsa,78.58,81.85,83.75,0
2026-08-26,14:00,J-B,J,Adhwara,B,Sundarpur,58.35,61.7,64.1,108
2026-08-26,14:00,J-C,J,Adhwara,C,Pupri,51.1,55.79,56.95,50
2026-08-26,14:00,K-A,K,Khiroi,A,Kamtaul,47.01,50,53.05,0
2026-08-26,14:00,K-B,K,Khiroi,B,Ekmighat,42.8,46.94,49.52,50
2026-08-26,14:00,L-A,L,Mahananda,A,Taibpur,63.42,66,67.26,0
2026-08-26,14:00,L-B,L,Mahananda,B,Dhangaraghat,33.74,35.65,38.2,50
2026-08-26,14:00,M-A,M,Ghaghra,A,Darauli,61.05,60.82,61.82,0
2026-08-26,14:00,M-B,M,Ghaghra,B,Gangpur Siswan,56.46,57.04,58.26,50
2026-08-27,06:00,A-A,A,Gandak,A,Khada,95.3,96,97.5,0
2026-08-27,06:00,A-B,A,Gandak,B,Chatia,66.7,69.15,70.04,25
2026-08-27,06:00,A-C,A,Gandak,C,Dumaria Ghat,62.53,62.22,64.36,25
2026-08-27,06:00,A-D,A,Gandak,D,Rewa Ghat,53.3,54.41,55.46,25
2026-08-27,06:00,A-E,A,Gandak,E,Hajipur,49.43,50.32,50.93,25
2026-08-27,06:00,B-A,B,Kosi,A,Basua,46.81,47.75,49.24,0
2026-08-27,06:00,B-B,B,Kosi,B,Baltara,34.56,33.85,36.4,25
2026-08-27,06:00,B-C,B,Kosi,C,Kursela,30.61,30,32.1,25
2026-08-27,06:00,C-A,C,Bagmati,A,Dheng,69.45,71,73.47,0
2026-08-27,06:00,C-B,C,Bagmati,B,Sonakhan,67.74,68.8,72.05,25
2026-08-27,06:00,C-C,C,Bagmati,C,Dubadhar,59.66,61.28,63.75,50
2026-08-27,06:00,C-D,C,Bagmati,D,Kansar,56.8,59.06,60.86,25
2026-08-27,06:00,C-E,C,Bagmati,E,Kataunjha,53.4,55,58.36,25
2026-08-27,06:00,C-F,C,Bagmati,F,Benibad,48.21,48.68,50.12,28
2026-08-27,06:00,C-G,C,Bagmati,G,Hayaghat,41.9,45.72,48.96,25
2026-08-27,06:00,D-A,D,Burhi Gandak,A,Sikandarpur,47.44,52.53,54.29,0
2026-08-27,06:00,D-B,D,Burhi Gandak,B,Samastipur,41.22,45.73,49.38,33
2026-08-27,06:00,D-C,D,Burhi Gandak,C,Rosara,38.99,42.63,46.56,25
2026-08-27,06:00,D-D,D,Burhi Gandak,D,Khagaria,37.21,36.58,39.22,25
2026-08-27,06:00,E-A,E,Kamla Balan,A,Jainagar,66.9,68.5,71.35,0
2026-08-27,06:00,E-B,E,Kamla Balan,B,Jhanjharpur,49.07,50.5,53.11,100
2026-08-27,06:00,F-A,F,Bhuthi Balan,A,Ekma,68.59,69.5,72.1,0
2026-08-27,06:00,G-A,G,Lalbakeya,A,Gowabari,69.4,71.15,73.86,0
2026-08-27,06:00,H-A,H,Ganga,A,Allahabad,79.08,84.73,88.03,0
2026-08-27,06:00,H-B,H,Ganga,B,Varanasi,67.9,71.26,73.9,67
2026-08-27,06:00,H-C,H,Ganga,C,Buxar,58.86,60.32,62.09,50
2026-08-27,06:00,H-D,H,Ganga,D,Digha,50.47,50.45,52.52,50
2026-08-27,06:00,H-E,H,Ganga,E,Gandhi Ghat,49.35,48.6,50.52,25
2026-08-27,06:00,H-F,H,Ganga,F,Hathidah,42.51,41.76,43.52,50
2026-08-27,06:00,H-G,H,Ganga,G,Munger,38.83,39.33,40.99,25
2026-08-27,06:00,H-H,H,Ganga,H,Bhagalpur,33.52,33.68,34.86,25
2026-08-27,06:00,H-I,H,Ganga,I,Kahalgaon,31.92,31.09,32.87,25
2026-08-27,06:00,H-J,H,Ganga,J,Farakka,22.73,22.25,25.14,25
2026-08-27,06:00,I-A,I,Punpun,A,Sripalpur,49.12,50.6,53.91,0
2026-08-27,06:00,J-A,J,Adhwara,A,Sonbarsa,78.5,81.85,83.75,0
2026-08-27,06:00,J-B,J,Adhwara,B,Sundarpur,58.35,61.7,64.1,108
2026-08-27,06:00,J-C,J,Adhwara,C,Pupri,51.1,55.79,56.95,50
2026-08-27,06:00,K-A,K,Khiroi,A,Kamtaul,47.01,50,53.05,0
2026-08-27,06:00,K-B,K,Khiroi,B,Ekmighat,42.6,46.94,49.52,50
2026-08-27,06:00,L-A,L,Mahananda,A,Taibpur,63.75,66,67.26,0
2026-08-27,06:00,L-B,L,Mahananda,B,Dhangaraghat,33.73,35.65,38.2,50
2026-08-27,06:00,M-A,M,Ghaghra,A,Darauli,60.98,60.82,61.82,0
2026-08-27,06:00,M-B,M,Ghaghra,B,Gangpur Siswan,56.39,57.04,58.26,50
2026-08-27,14:00,A-A,A,Gandak,A,Khada,94.78,96,97.5,0
2026-08-27,14:00,A-B,A,Gandak,B,Chatia,66.7,69.15,70.04,25
2026-08-27,14:00,A-C,A,Gandak,C,Dumaria Ghat,62.61,62.22,64.36,25
2026-08-27,14:00,A-D,A,Gandak,D,Rewa Ghat,53.24,54.41,55.46,25
2026-08-27,14:00,A-E,A,Gandak,E,Hajipur,49.41,50.32,50.93,25
2026-08-27,14:00,B-A,B,Kosi,A,Basua,46.84,47.75,49.24,0
2026-08-27,14:00,B-B,B,Kosi,B,Baltara,34.52,33.85,36.4,25
2026-08-27,14:00,B-C,B,Kosi,C,Kursela,30.66,30,32.1,25
2026-08-27,14:00,C-A,C,Bagmati,A,Dheng,69.43,71,73.47,0
2026-08-27,14:00,C-B,C,Bagmati,B,Sonakhan,67.72,68.8,72.05,25
2026-08-27,14:00,C-C,C,Bagmati,C,Dubadhar,59.65,61.28,63.75,50
2026-08-27,14:00,C-D,C,Bagmati,D,Kansar,56.73,59.06,60.86,25
2026-08-27,14:00,C-E,C,Bagmati,E,Kataunjha,53.35,55,58.36,25
2026-08-27,14:00,C-F,C,Bagmati,F,Benibad,48.13,48.68,50.12,28
2026-08-27,14:00,C-G,C,Bagmati,G,Hayaghat,41.84,45.72,48.96,25
2026-08-27,14:00,D-A,D,Burhi Gandak,A,Sikandarpur,47.36,52.53,54.29,0
2026-08-27,14:00,D-B,D,Burhi Gandak,B,Samastipur,41.26,45.73,49.38,33
2026-08-27,14:00,D-C,D,Burhi Gandak,C,Rosara,39.03,42.63,46.56,25
2026-08-27,14:00,D-D,D,Burhi Gandak,D,Khagaria,37.22,36.58,39.22,25
2026-08-27,14:00,E-A,E,Kamla Balan,A,Jainagar,66.9,68.5,71.35,0
2026-08-27,14:00,E-B,E,Kamla Balan,B,Jhanjharpur,48.86,50.5,53.11,100
2026-08-27,14:00,F-A,F,Bhuthi Balan,A,Ekma,68.59,69.5,72.1,0
2026-08-27,14:00,G-A,G,Lalbakeya,A,Gowabari,69.4,71.15,73.86,0
2026-08-27,14:00,H-A,H,Ganga,A,Allahabad,79.08,84.73,88.03,0
2026-08-27,14:00,H-B,H,Ganga,B,Varanasi,67.88,71.26,73.9,67
2026-08-27,14:00,H-C,H,Ganga,C,Buxar,58.84,60.32,62.09,50
2026-08-27,14:00,H-D,H,Ganga,D,Digha,50.49,50.45,52.52,50
2026-08-27,14:00,H-E,H,Ganga,E,Gandhi Ghat,49.34,48.6,50.52,25
2026-08-27,14:00,H-F,H,Ganga,F,Hathidah,42.49,41.76,43.52,50
2026-08-27,14:00,H-G,H,Ganga,G,Munger,38.82,39.33,40.99,25
2026-08-27,14:00,H-H,H,Ganga,H,Bhagalpur,33.52,33.68,34.86,25
2026-08-27,14:00,H-I,H,Ganga,I,Kahalgaon,31.91,31.09,32.87,25
2026-08-27,14:00,H-J,H,Ganga,J,Farakka,22.77,22.25,25.14,25
2026-08-27,14:00,I-A,I,Punpun,A,Sripalpur,49.1,50.6,53.91,0
2026-08-27,14:00,J-A,J,Adhwara,A,Sonbarsa,78.5,81.85,83.75,0
2026-08-27,14:00,J-B,J,Adhwara,B,Sundarpur,58.35,61.7,64.1,108
2026-08-27,14:00,J-C,J,Adhwara,C,Pupri,51.1,55.79,56.95,50
2026-08-27,14:00,K-A,K,Khiroi,A,Kamtaul,47.01,50,53.05,0
2026-08-27,14:00,K-B,K,Khiroi,B,Ekmighat,42.47,46.94,49.52,50
2026-08-27,14:00,L-A,L,Mahananda,A,Taibpur,63.73,66,67.26,0
2026-08-27,14:00,L-B,L,Mahananda,B,Dhangaraghat,33.78,35.65,38.2,50
2026-08-27,14:00,M-A,M,Ghaghra,A,Darauli,60.91,60.82,61.82,0
2026-08-27,14:00,M-B,M,Ghaghra,B,Gangpur Siswan,56.36,57.04,58.26,50
2026-08-28,06:00,A-A,A,Gandak,A,Khada,94.86,96,97.5,0
2026-08-28,06:00,A-B,A,Gandak,B,Chatia,66.74,69.15,70.04,25
2026-08-28,06:00,A-C,A,Gandak,C,Dumaria Ghat,62.85,62.22,64.36,25
2026-08-28,06:00,A-D,A,Gandak,D,Rewa Ghat,53.44,54.41,55.46,25
2026-08-28,06:00,A-E,A,Gandak,E,Hajipur,49.38,50.32,50.93,25
2026-08-28,06:00,B-A,B,Kosi,A,Basua,46.89,47.75,49.24,0
2026-08-28,06:00,B-B,B,Kosi,B,Baltara,34.49,33.85,36.4,25
2026-08-28,06:00,B-C,B,Kosi,C,Kursela,30.66,30,32.1,25
2026-08-28,06:00,C-A,C,Bagmati,A,Dheng,69.55,71,73.47,0
2026-08-28,06:00,C-B,C,Bagmati,B,Sonakhan,67.84,68.8,72.05,25
2026-08-28,06:00,C-C,C,Bagmati,C,Dubadhar,59.68,61.28,63.75,50
2026-08-28,06:00,C-D,C,Bagmati,D,Kansar,56.72,59.06,60.86,25
2026-08-28,06:00,C-E,C,Bagmati,E,Kataunjha,53.35,55,58.36,25
2026-08-28,06:00,C-F,C,Bagmati,F,Benibad,47.97,48.68,50.12,28
2026-08-28,06:00,C-G,C,Bagmati,G,Hayaghat,41.68,45.72,48.96,25
2026-08-28,06:00,D-A,D,Burhi Gandak,A,Sikandarpur,47.36,52.53,54.29,0
2026-08-28,06:00,D-B,D,Burhi Gandak,B,Samastipur,41.32,45.73,49.38,33
2026-08-28,06:00,D-C,D,Burhi Gandak,C,Rosara,39.09,42.63,46.56,25
2026-08-28,06:00,D-D,D,Burhi Gandak,D,Khagaria,37.16,36.58,39.22,25
2026-08-28,06:00,E-A,E,Kamla Balan,A,Jainagar,66.9,68.5,71.35,0
2026-08-28,06:00,E-B,E,Kamla Balan,B,Jhanjharpur,48.98,50.5,53.11,100
2026-08-28,06:00,F-A,F,Bhuthi Balan,A,Ekma,68.59,69.5,72.1,0
2026-08-28,06:00,G-A,G,Lalbakeya,A,Gowabari,69.3,71.15,73.86,0
2026-08-28,06:00,H-A,H,Ganga,A,Allahabad,79.16,84.73,88.03,0
2026-08-28,06:00,H-B,H,Ganga,B,Varanasi,67.76,71.26,73.9,67
2026-08-28,06:00,H-C,H,Ganga,C,Buxar,58.81,60.32,62.09,50
2026-08-28,06:00,H-D,H,Ganga,D,Digha,50.47,50.45,52.52,50
2026-08-28,06:00,H-E,H,Ganga,E,Gandhi Ghat,49.28,48.6,50.52,25
2026-08-28,06:00,H-F,H,Ganga,F,Hathidah,42.47,41.76,43.52,50
2026-08-28,06:00,H-G,H,Ganga,G,Munger,38.8,39.33,40.99,25
2026-08-28,06:00,H-H,H,Ganga,H,Bhagalpur,33.52,33.68,34.86,25
2026-08-28,06:00,H-I,H,Ganga,I,Kahalgaon,31.91,31.09,32.87,25
2026-08-28,06:00,H-J,H,Ganga,J,Farakka,22.79,22.25,25.14,25
2026-08-28,06:00,I-A,I,Punpun,A,Sripalpur,49.1,50.6,53.91,0
2026-08-28,06:00,J-A,J,Adhwara,A,Sonbarsa,78.5,81.85,83.75,0
2026-08-28,06:00,J-B,J,Adhwara,B,Sundarpur,58.35,61.7,64.1,108
2026-08-28,06:00,J-C,J,Adhwara,C,Pupri,51.1,55.79,56.95,50
2026-08-28,06:00,K-A,K,Khiroi,A,Kamtaul,47.01,50,53.05,0
2026-08-28,06:00,K-B,K,Khiroi,B,Ekmighat,42.31,46.94,49.52,50
2026-08-28,06:00,L-A,L,Mahananda,A,Taibpur,63.62,66,67.26,0
2026-08-28,06:00,L-B,L,Mahananda,B,Dhangaraghat,33.85,35.65,38.2,50
2026-08-28,06:00,M-A,M,Ghaghra,A,Darauli,60.79,60.82,61.82,0
2026-08-28,06:00,M-B,M,Ghaghra,B,Gangpur Siswan,56.16,57.04,58.26,50
2026-08-28,14:00,A-A,A,Gandak,A,Khada,94.78,96,97.5,0
2026-08-28,14:00,A-B,A,Gandak,B,Chatia,66.71,69.15,70.04,25
2026-08-28,14:00,A-C,A,Gandak,C,Dumaria Ghat,62.66,62.22,64.36,25
2026-08-28,14:00,A-D,A,Gandak,D,Rewa Ghat,53.72,54.41,55.46,25
2026-08-28,14:00,A-E,A,Gandak,E,Hajipur,49.37,50.32,50.93,25
2026-08-28,14:00,B-A,B,Kosi,A,Basua,46.93,47.75,49.24,0
2026-08-28,14:00,B-B,B,Kosi,B,Baltara,34.49,33.85,36.4,25
2026-08-28,14:00,B-C,B,Kosi,C,Kursela,30.66,30,32.1,25
2026-08-28,14:00,C-A,C,Bagmati,A,Dheng,69.75,71,73.47,0
2026-08-28,14:00,C-B,C,Bagmati,B,Sonakhan,68.05,68.8,72.05,25
2026-08-28,14:00,C-C,C,Bagmati,C,Dubadhar,59.7,61.28,63.75,50
2026-08-28,14:00,C-D,C,Bagmati,D,Kansar,56.7,59.06,60.86,25
2026-08-28,14:00,C-E,C,Bagmati,E,Kataunjha,53.3,55,58.36,25
2026-08-28,14:00,C-F,C,Bagmati,F,Benibad,47.89,48.68,50.12,28
2026-08-28,14:00,C-G,C,Bagmati,G,Hayaghat,41.52,45.72,48.96,25
2026-08-28,14:00,D-A,D,Burhi Gandak,A,Sikandarpur,47.28,52.53,54.29,0
2026-08-28,14:00,D-B,D,Burhi Gandak,B,Samastipur,41.32,45.73,49.38,33
2026-08-28,14:00,D-C,D,Burhi Gandak,C,Rosara,39.09,42.63,46.56,25
2026-08-28,14:00,D-D,D,Burhi Gandak,D,Khagaria,37.17,36.58,39.22,25
2026-08-28,14:00,E-A,E,Kamla Balan,A,Jainagar,66.96,68.5,71.35,0
2026-08-28,14:00,E-B,E,Kamla Balan,B,Jhanjharpur,48.96,50.5,53.11,100
2026-08-28,14:00,F-A,F,Bhuthi Balan,A,Ekma,68.59,69.5,72.1,0
2026-08-28,14:00,G-A,G,Lalbakeya,A,Gowabari,69.3,71.15,73.86,0
2026-08-28,14:00,H-A,H,Ganga,A,Allahabad,79.28,84.73,88.03,0
2026-08-28,14:00,H-B,H,Ganga,B,Varanasi,67.75,71.26,73.9,67
2026-08-28,14:00,H-C,H,Ganga,C,Buxar,58.78,60.32,62.09,50
2026-08-28,14:00,H-D,H,Ganga,D,Digha,50.39,50.45,52.52,50
2026-08-28,14:00,H-E,H,Ganga,E,Gandhi Ghat,49.24,48.6,50.52,25
2026-08-28,14:00,H-F,H,Ganga,F,Hathidah,42.45,41.76,43.52,50
2026-08-28,14:00,H-G,H,Ganga,G,Munger,38.79,39.33,40.99,25
2026-08-28,14:00,H-H,H,Ganga,H,Bhagalpur,33.52,33.68,34.86,25
2026-08-28,14:00,H-I,H,Ganga,I,Kahalgaon,31.91,31.09,32.87,25
2026-08-28,14:00,H-J,H,Ganga,J,Farakka,22.85,22.25,25.14,25
2026-08-28,14:00,I-A,I,Punpun,A,Sripalpur,49.1,50.6,53.91,0
2026-08-28,14:00,J-A,J,Adhwara,A,Sonbarsa,78.5,81.85,83.75,0
2026-08-28,14:00,J-B,J,Adhwara,B,Sundarpur,58.35,61.7,64.1,108
2026-08-28,14:00,J-C,J,Adhwara,C,Pupri,51.1,55.79,56.95,50
2026-08-28,14:00,K-A,K,Khiroi,A,Kamtaul,47.02,50,53.05,0
2026-08-28,14:00,K-B,K,Khiroi,B,Ekmighat,42.23,46.94,49.52,50
2026-08-28,14:00,L-A,L,Mahananda,A,Taibpur,63.75,66,67.26,0
2026-08-28,14:00,L-B,L,Mahananda,B,Dhangaraghat,34,35.65,38.2,50
2026-08-28,14:00,M-A,M,Ghaghra,A,Darauli,60.7,60.82,61.82,0
2026-08-28,14:00,M-B,M,Ghaghra,B,Gangpur Siswan,56.04,57.04,58.26,50
2026-08-29,06:00,A-A,A,Gandak,A,Khada,94.7,96,97.5,0
2026-08-29,06:00,A-B,A,Gandak,B,Chatia,66.65,69.15,70.04,25
2026-08-29,06:00,A-C,A,Gandak,C,Dumaria Ghat,62.5,62.22,64.36,25
2026-08-29,06:00,A-D,A,Gandak,D,Rewa Ghat,53.32,54.41,55.46,25
2026-08-29,06:00,A-E,A,Gandak,E,Hajipur,49.15,50.32,50.93,25
2026-08-29,06:00,B-A,B,Kosi,A,Basua,46.85,47.75,49.24,0
2026-08-29,06:00,B-B,B,Kosi,B,Baltara,34.49,33.85,36.4,25
2026-08-29,06:00,B-C,B,Kosi,C,Kursela,30.66,30,32.1,25
2026-08-29,06:00,C-A,C,Bagmati,A,Dheng,69.8,71,73.47,0
2026-08-29,06:00,C-B,C,Bagmati,B,Sonakhan,68.18,68.8,72.05,25
2026-08-29,06:00,C-C,C,Bagmati,C,Dubadhar,59.83,61.28,63.75,50
2026-08-29,06:00,C-D,C,Bagmati,D,Kansar,57,59.06,60.86,25
2026-08-29,06:00,C-E,C,Bagmati,E,Kataunjha,53.5,55,58.36,25
2026-08-29,06:00,C-F,C,Bagmati,F,Benibad,47.81,48.68,50.12,28
2026-08-29,06:00,C-G,C,Bagmati,G,Hayaghat,41.33,45.72,48.96,25
2026-08-29,06:00,D-A,D,Burhi Gandak,A,Sikandarpur,47.25,52.53,54.29,0
2026-08-29,06:00,D-B,D,Burhi Gandak,B,Samastipur,41.32,45.73,49.38,33
2026-08-29,06:00,D-C,D,Burhi Gandak,C,Rosara,39.09,42.63,46.56,25
2026-08-29,06:00,D-D,D,Burhi Gandak,D,Khagaria,37.12,36.58,39.22,25
2026-08-29,06:00,E-A,E,Kamla Balan,A,Jainagar,67.6,68.5,71.35,0
2026-08-29,06:00,E-B,E,Kamla Balan,B,Jhanjharpur,49.12,50.5,53.11,100
2026-08-29,06:00,F-A,F,Bhuthi Balan,A,Ekma,68.59,69.5,72.1,0
2026-08-29,06:00,G-A,G,Lalbakeya,A,Gowabari,69.8,71.15,73.86,0
2026-08-29,06:00,H-A,H,Ganga,A,Allahabad,80,84.73,88.03,0
2026-08-29,06:00,H-B,H,Ganga,B,Varanasi,67.94,71.26,73.9,67
2026-08-29,06:00,H-C,H,Ganga,C,Buxar,58.7,60.32,62.09,50
2026-08-29,06:00,H-D,H,Ganga,D,Digha,50.26,50.45,52.52,50
2026-08-29,06:00,H-E,H,Ganga,E,Gandhi Ghat,49.07,48.6,50.52,25
2026-08-29,06:00,H-F,H,Ganga,F,Hathidah,42.4,41.76,43.52,50
2026-08-29,06:00,H-G,H,Ganga,G,Munger,38.78,39.33,40.99,25
2026-08-29,06:00,H-H,H,Ganga,H,Bhagalpur,33.52,33.68,34.86,25
2026-08-29,06:00,H-I,H,Ganga,I,Kahalgaon,31.89,31.09,32.87,25
2026-08-29,06:00,H-J,H,Ganga,J,Farakka,22.93,22.25,25.14,25
2026-08-29,06:00,I-A,I,Punpun,A,Sripalpur,49.1,50.6,53.91,0
2026-08-29,06:00,J-A,J,Adhwara,A,Sonbarsa,79.25,81.85,83.75,0
2026-08-29,06:00,J-B,J,Adhwara,B,Sundarpur,58.35,61.7,64.1,108
2026-08-29,06:00,J-C,J,Adhwara,C,Pupri,51.1,55.79,56.95,50
2026-08-29,06:00,K-A,K,Khiroi,A,Kamtaul,47.08,50,53.05,0
2026-08-29,06:00,K-B,K,Khiroi,B,Ekmighat,42.07,46.94,49.52,50
2026-08-29,06:00,L-A,L,Mahananda,A,Taibpur,63.71,66,67.26,0
2026-08-29,06:00,L-B,L,Mahananda,B,Dhangaraghat,33.87,35.65,38.2,50
2026-08-29,06:00,M-A,M,Ghaghra,A,Darauli,60.59,60.82,61.82,0
2026-08-29,06:00,M-B,M,Ghaghra,B,Gangpur Siswan,55.85,57.04,58.26,50
2026-08-29,14:00,A-A,A,Gandak,A,Khada,94.75,96,97.5,0
2026-08-29,14:00,A-B,A,Gandak,B,Chatia,66.65,69.15,70.04,25
2026-08-29,14:00,A-C,A,Gandak,C,Dumaria Ghat,62.55,62.22,64.36,25
2026-08-29,14:00,A-D,A,Gandak,D,Rewa Ghat,53.32,54.41,55.46,25
2026-08-29,14:00,A-E,A,Gandak,E,Hajipur,49.14,50.32,50.93,25
2026-08-29,14:00,B-A,B,Kosi,A,Basua,46.83,47.75,49.24,0
2026-08-29,14:00,B-B,B,Kosi,B,Baltara,34.48,33.85,36.4,25
2026-08-29,14:00,B-C,B,Kosi,C,Kursela,30.6,30,32.1,25
2026-08-29,14:00,C-A,C,Bagmati,A,Dheng,69.75,71,73.47,0
2026-08-29,14:00,C-B,C,Bagmati,B,Sonakhan,68.15,68.8,72.05,25
2026-08-29,14:00,C-C,C,Bagmati,C,Dubadhar,59.93,61.28,63.75,50
2026-08-29,14:00,C-D,C,Bagmati,D,Kansar,57.05,59.06,60.86,25
2026-08-29,14:00,C-E,C,Bagmati,E,Kataunjha,53.45,55,58.36,25
2026-08-29,14:00,C-F,C,Bagmati,F,Benibad,48.08,48.68,50.12,28
2026-08-29,14:00,C-G,C,Bagmati,G,Hayaghat,41.33,45.72,48.96,25
2026-08-29,14:00,D-A,D,Burhi Gandak,A,Sikandarpur,47.09,52.53,54.29,0
2026-08-29,14:00,D-B,D,Burhi Gandak,B,Samastipur,41.32,45.73,49.38,33
2026-08-29,14:00,D-C,D,Burhi Gandak,C,Rosara,39.09,42.63,46.56,25
2026-08-29,14:00,D-D,D,Burhi Gandak,D,Khagaria,37.11,36.58,39.22,25
2026-08-29,14:00,E-A,E,Kamla Balan,A,Jainagar,67.3,68.5,71.35,0
2026-08-29,14:00,E-B,E,Kamla Balan,B,Jhanjharpur,50,50.5,53.11,100
2026-08-29,14:00,F-A,F,Bhuthi Balan,A,Ekma,68.59,69.5,72.1,0
2026-08-29,14:00,G-A,G,Lalbakeya,A,Gowabari,69.6,71.15,73.86,0
2026-08-29,14:00,H-A,H,Ganga,A,Allahabad,80.44,84.73,88.03,0
2026-08-29,14:00,H-B,H,Ganga,B,Varanasi,68.22,71.26,73.9,67
2026-08-29,14:00,H-C,H,Ganga,C,Buxar,58.71,60.32,62.09,50
2026-08-29,14:00,H-D,H,Ganga,D,Digha,50.18,50.45,52.52,50
2026-08-29,14:00,H-E,H,Ganga,E,Gandhi Ghat,49.04,48.6,50.52,25
2026-08-29,14:00,H-F,H,Ganga,F,Hathidah,42.36,41.76,43.52,50
2026-08-29,14:00,H-G,H,Ganga,G,Munger,38.76,39.33,40.99,25
2026-08-29,14:00,H-H,H,Ganga,H,Bhagalpur,33.5,33.68,34.86,25
2026-08-29,14:00,H-I,H,Ganga,I,Kahalgaon,31.87,31.09,32.87,25
2026-08-29,14:00,H-J,H,Ganga,J,Farakka,22.84,22.25,25.14,25
2026-08-29,14:00,I-A,I,Punpun,A,Sripalpur,49.24,50.6,53.91,0
2026-08-29,14:00,J-A,J,Adhwara,A,Sonbarsa,78.8,81.85,83.75,0
2026-08-29,14:00,J-B,J,Adhwara,B,Sundarpur,58.35,61.7,64.1,108
2026-08-29,14:00,J-C,J,Adhwara,C,Pupri,51.1,55.79,56.95,50
2026-08-29,14:00,K-A,K,Khiroi,A,Kamtaul,47.08,50,53.05,0
2026-08-29,14:00,K-B,K,Khiroi,B,Ekmighat,42.14,46.94,49.52,50
2026-08-29,14:00,L-A,L,Mahananda,A,Taibpur,63.65,66,67.26,0
2026-08-29,14:00,L-B,L,Mahananda,B,Dhangaraghat,34.08,35.65,38.2,50
2026-08-29,14:00,M-A,M,Ghaghra,A,Darauli,60.57,60.82,61.82,0
2026-08-29,14:00,M-B,M,Ghaghra,B,Gangpur Siswan,55.8,57.04,58.26,50
2026-08-30,06:00,A-A,A,Gandak,A,Khada,94.75,96,97.5,0
2026-08-30,06:00,A-B,A,Gandak,B,Chatia,66.65,69.15,70.04,25
2026-08-30,06:00,A-C,A,Gandak,C,Dumaria Ghat,62.55,62.22,64.36,25
2026-08-30,06:00,A-D,A,Gandak,D,Rewa Ghat,53.36,54.41,55.46,25
2026-08-30,06:00,A-E,A,Gandak,E,Hajipur,49.11,50.32,50.93,25
2026-08-30,06:00,B-A,B,Kosi,A,Basua,46.89,47.75,49.24,0
2026-08-30,06:00,B-B,B,Kosi,B,Baltara,34.5,33.85,36.4,25
2026-08-30,06:00,B-C,B,Kosi,C,Kursela,30.59,30,32.1,25
2026-08-30,06:00,C-A,C,Bagmati,A,Dheng,69.58,71,73.47,0
2026-08-30,06:00,C-B,C,Bagmati,B,Sonakhan,68,68.8,72.05,25
2026-08-30,06:00,C-C,C,Bagmati,C,Dubadhar,59.73,61.28,63.75,50
2026-08-30,06:00,C-D,C,Bagmati,D,Kansar,57,59.06,60.86,25
2026-08-30,06:00,C-E,C,Bagmati,E,Kataunjha,53.5,55,58.36,25
2026-08-30,06:00,C-F,C,Bagmati,F,Benibad,48.2,48.68,50.12,28
2026-08-30,06:00,C-G,C,Bagmati,G,Hayaghat,41.54,45.72,48.96,25
2026-08-30,06:00,D-A,D,Burhi Gandak,A,Sikandarpur,47.01,52.53,54.29,0
2026-08-30,06:00,D-B,D,Burhi Gandak,B,Samastipur,41.28,45.73,49.38,33
2026-08-30,06:00,D-C,D,Burhi Gandak,C,Rosara,39.09,42.63,46.56,25
2026-08-30,06:00,D-D,D,Burhi Gandak,D,Khagaria,37.09,36.58,39.22,25
2026-08-30,06:00,E-A,E,Kamla Balan,A,Jainagar,67.38,68.5,71.35,0
2026-08-30,06:00,E-B,E,Kamla Balan,B,Jhanjharpur,49.38,50.5,53.11,100
2026-08-30,06:00,F-A,F,Bhuthi Balan,A,Ekma,68.59,69.5,72.1,0
2026-08-30,06:00,G-A,G,Lalbakeya,A,Gowabari,70.4,71.15,73.86,0
2026-08-30,06:00,H-A,H,Ganga,A,Allahabad,80.97,84.73,88.03,0
2026-08-30,06:00,H-B,H,Ganga,B,Varanasi,68.86,71.26,73.9,67
2026-08-30,06:00,H-C,H,Ganga,C,Buxar,58.85,60.32,62.09,50
2026-08-30,06:00,H-D,H,Ganga,D,Digha,50.05,50.45,52.52,50
2026-08-30,06:00,H-E,H,Ganga,E,Gandhi Ghat,48.96,48.6,50.52,25
2026-08-30,06:00,H-F,H,Ganga,F,Hathidah,42.27,41.76,43.52,50
2026-08-30,06:00,H-G,H,Ganga,G,Munger,38.73,39.33,40.99,25
2026-08-30,06:00,H-H,H,Ganga,H,Bhagalpur,33.46,33.68,34.86,25
2026-08-30,06:00,H-I,H,Ganga,I,Kahalgaon,31.84,31.09,32.87,25
2026-08-30,06:00,H-J,H,Ganga,J,Farakka,22.82,22.25,25.14,25
2026-08-30,06:00,I-A,I,Punpun,A,Sripalpur,49.8,50.6,53.91,0
2026-08-30,06:00,J-A,J,Adhwara,A,Sonbarsa,78.6,81.85,83.75,0
2026-08-30,06:00,J-B,J,Adhwara,B,Sundarpur,58.35,61.7,64.1,108
2026-08-30,06:00,J-C,J,Adhwara,C,Pupri,51.1,55.79,56.95,50
2026-08-30,06:00,K-A,K,Khiroi,A,Kamtaul,47.08,50,53.05,0
2026-08-30,06:00,K-B,K,Khiroi,B,Ekmighat,42.24,46.94,49.52,50
2026-08-30,06:00,L-A,L,Mahananda,A,Taibpur,63.59,66,67.26,0
2026-08-30,06:00,L-B,L,Mahananda,B,Dhangaraghat,34.23,35.65,38.2,50
2026-08-30,06:00,M-A,M,Ghaghra,A,Darauli,60.5,60.82,61.82,0
2026-08-30,06:00,M-B,M,Ghaghra,B,Gangpur Siswan,55.72,57.04,58.26,50
2026-08-30,14:00,A-A,A,Gandak,A,Khada,95.16,96,97.5,0
2026-08-30,14:00,A-B,A,Gandak,B,Chatia,66.69,69.15,70.04,25
2026-08-30,14:00,A-C,A,Gandak,C,Dumaria Ghat,62.52,62.22,64.36,25
2026-08-30,14:00,A-D,A,Gandak,D,Rewa Ghat,53.3,54.41,55.46,25
2026-08-30,14:00,A-E,A,Gandak,E,Hajipur,49.09,50.32,50.93,25
2026-08-30,14:00,B-A,B,Kosi,A,Basua,46.92,47.75,49.24,0
2026-08-30,14:00,B-B,B,Kosi,B,Baltara,34.58,33.85,36.4,25
2026-08-30,14:00,B-C,B,Kosi,C,Kursela,30.59,30,32.1,25
2026-08-30,14:00,C-A,C,Bagmati,A,Dheng,69.5,71,73.47,0
2026-08-30,14:00,C-B,C,Bagmati,B,Sonakhan,67.9,68.8,72.05,25
2026-08-30,14:00,C-C,C,Bagmati,C,Dubadhar,59.94,61.28,63.75,50
2026-08-30,14:00,C-D,C,Bagmati,D,Kansar,56.85,59.06,60.86,25
2026-08-30,14:00,C-E,C,Bagmati,E,Kataunjha,53.35,55,58.36,25
2026-08-30,14:00,C-F,C,Bagmati,F,Benibad,48.16,48.68,50.12,28
2026-08-30,14:00,C-G,C,Bagmati,G,Hayaghat,41.56,45.72,48.96,25
2026-08-30,14:00,D-A,D,Burhi Gandak,A,Sikandarpur,47.01,52.53,54.29,0
2026-08-30,14:00,D-B,D,Burhi Gandak,B,Samastipur,41.24,45.73,49.38,33
2026-08-30,14:00,D-C,D,Burhi Gandak,C,Rosara,39.09,42.63,46.56,25
2026-08-30,14:00,D-D,D,Burhi Gandak,D,Khagaria,37.02,36.58,39.22,25
2026-08-30,14:00,E-A,E,Kamla Balan,A,Jainagar,67.38,68.5,71.35,0
2026-08-30,14:00,E-B,E,Kamla Balan,B,Jhanjharpur,49.5,50.5,53.11,100
2026-08-30,14:00,F-A,F,Bhuthi Balan,A,Ekma,68.59,69.5,72.1,0
2026-08-30,14:00,G-A,G,Lalbakeya,A,Gowabari,70.65,71.15,73.86,0
2026-08-30,14:00,H-A,H,Ganga,A,Allahabad,81.35,84.73,88.03,0
2026-08-30,14:00,H-B,H,Ganga,B,Varanasi,69.26,71.26,73.9,67
2026-08-30,14:00,H-C,H,Ganga,C,Buxar,59,60.32,62.09,50
2026-08-30,14:00,H-D,H,Ganga,D,Digha,49.98,50.45,52.52,50
2026-08-30,14:00,H-E,H,Ganga,E,Gandhi Ghat,48.94,48.6,50.52,25
2026-08-30,14:00,H-F,H,Ganga,F,Hathidah,42.23,41.76,43.52,50
2026-08-30,14:00,H-G,H,Ganga,G,Munger,38.7,39.33,40.99,25
2026-08-30,14:00,H-H,H,Ganga,H,Bhagalpur,33.42,33.68,34.86,25
2026-08-30,14:00,H-I,H,Ganga,I,Kahalgaon,31.83,31.09,32.87,25
2026-08-30,14:00,H-J,H,Ganga,J,Farakka,22.84,22.25,25.14,25
2026-08-30,14:00,I-A,I,Punpun,A,Sripalpur,50.32,50.6,53.91,0
2026-08-30,14:00,J-A,J,Adhwara,A,Sonbarsa,78.52,81.85,83.75,0
2026-08-30,14:00,J-B,J,Adhwara,B,Sundarpur,58.4,61.7,64.1,108
2026-08-30,14:00,J-C,J,Adhwara,C,Pupri,51.17,55.79,56.95,50
2026-08-30,14:00,K-A,K,Khiroi,A,Kamtaul,47.04,50,53.05,0
2026-08-30,14:00,K-B,K,Khiroi,B,Ekmighat,42.26,46.94,49.52,50
2026-08-30,14:00,L-A,L,Mahananda,A,Taibpur,63.54,66,67.26,0
2026-08-30,14:00,L-B,L,Mahananda,B,Dhangaraghat,34.19,35.65,38.2,50
2026-08-30,14:00,M-A,M,Ghaghra,A,Darauli,60.52,60.82,61.82,0
2026-08-30,14:00,M-B,M,Ghaghra,B,Gangpur Siswan,55.7,57.04,58.26,50
2026-08-31,06:00,A-A,A,Gandak,A,Khada,95.2,96,97.5,0
2026-08-31,06:00,A-B,A,Gandak,B,Chatia,66.75,69.15,70.04,25
2026-08-31,06:00,A-C,A,Gandak,C,Dumaria Ghat,62.5,62.22,64.36,25
2026-08-31,06:00,A-D,A,Gandak,D,Rewa Ghat,53.34,54.41,55.46,25
2026-08-31,06:00,A-E,A,Gandak,E,Hajipur,49.11,50.32,50.93,25
2026-08-31,06:00,B-A,B,Kosi,A,Basua,46.87,47.75,49.24,0
2026-08-31,06:00,B-B,B,Kosi,B,Baltara,34.73,33.85,36.4,25
2026-08-31,06:00,B-C,B,Kosi,C,Kursela,30.57,30,32.1,25
2026-08-31,06:00,C-A,C,Bagmati,A,Dheng,69.85,71,73.47,0
2026-08-31,06:00,C-B,C,Bagmati,B,Sonakhan,68.25,68.8,72.05,25
2026-08-31,06:00,C-C,C,Bagmati,C,Dubadhar,60.24,61.28,63.75,50
2026-08-31,06:00,C-D,C,Bagmati,D,Kansar,57.38,59.06,60.86,25
2026-08-31,06:00,C-E,C,Bagmati,E,Kataunjha,53.7,55,58.36,25
2026-08-31,06:00,C-F,C,Bagmati,F,Benibad,48.08,48.68,50.12,28
2026-08-31,06:00,C-G,C,Bagmati,G,Hayaghat,41.47,45.72,48.96,25
2026-08-31,06:00,D-A,D,Burhi Gandak,A,Sikandarpur,47.01,52.53,54.29,0
2026-08-31,06:00,D-B,D,Burhi Gandak,B,Samastipur,41.16,45.73,49.38,33
2026-08-31,06:00,D-C,D,Burhi Gandak,C,Rosara,39.05,42.63,46.56,25
2026-08-31,06:00,D-D,D,Burhi Gandak,D,Khagaria,36.93,36.58,39.22,25
2026-08-31,06:00,E-A,E,Kamla Balan,A,Jainagar,67.55,68.5,71.35,0
2026-08-31,06:00,E-B,E,Kamla Balan,B,Jhanjharpur,49.6,50.5,53.11,100
2026-08-31,06:00,F-A,F,Bhuthi Balan,A,Ekma,68.59,69.5,72.1,0
2026-08-31,06:00,G-A,G,Lalbakeya,A,Gowabari,70,71.15,73.86,0
2026-08-31,06:00,H-A,H,Ganga,A,Allahabad,81.76,84.73,88.03,0
2026-08-31,06:00,H-B,H,Ganga,B,Varanasi,69.86,71.26,73.9,67
2026-08-31,06:00,H-C,H,Ganga,C,Buxar,59.66,60.32,62.09,50
2026-08-31,06:00,H-D,H,Ganga,D,Digha,50,50.45,52.52,50
2026-08-31,06:00,H-E,H,Ganga,E,Gandhi Ghat,48.98,48.6,50.52,25
2026-08-31,06:00,H-F,H,Ganga,F,Hathidah,42.13,41.76,43.52,50
2026-08-31,06:00,H-G,H,Ganga,G,Munger,38.62,39.33,40.99,25
2026-08-31,06:00,H-H,H,Ganga,H,Bhagalpur,33.36,33.68,34.86,25
2026-08-31,06:00,H-I,H,Ganga,I,Kahalgaon,31.8,31.09,32.87,25
2026-08-31,06:00,H-J,H,Ganga,J,Farakka,22.84,22.25,25.14,25
2026-08-31,06:00,I-A,I,Punpun,A,Sripalpur,51.22,50.6,53.91,0
2026-08-31,06:00,J-A,J,Adhwara,A,Sonbarsa,78.5,81.85,83.75,0
2026-08-31,06:00,J-B,J,Adhwara,B,Sundarpur,58.4,61.7,64.1,108
2026-08-31,06:00,J-C,J,Adhwara,C,Pupri,51.2,55.79,56.95,50
2026-08-31,06:00,K-A,K,Khiroi,A,Kamtaul,47.01,50,53.05,0
2026-08-31,06:00,K-B,K,Khiroi,B,Ekmighat,42.3,46.94,49.52,50
2026-08-31,06:00,L-A,L,Mahananda,A,Taibpur,63.58,66,67.26,0
2026-08-31,06:00,L-B,L,Mahananda,B,Dhangaraghat,34.11,35.65,38.2,50
2026-08-31,06:00,M-A,M,Ghaghra,A,Darauli,60.59,60.82,61.82,0
2026-08-31,06:00,M-B,M,Ghaghra,B,Gangpur Siswan,55.73,57.04,58.26,50
2026-08-31,14:00,A-A,A,Gandak,A,Khada,94.75,96,97.5,0
2026-08-31,14:00,A-B,A,Gandak,B,Chatia,66.75,69.15,70.04,25
2026-08-31,14:00,A-C,A,Gandak,C,Dumaria Ghat,62.6,62.22,64.36,25
2026-08-31,14:00,A-D,A,Gandak,D,Rewa Ghat,53.4,54.41,55.46,25
2026-08-31,14:00,A-E,A,Gandak,E,Hajipur,49.21,50.32,50.93,25
2026-08-31,14:00,B-A,B,Kosi,A,Basua,46.9,47.75,49.24,0
2026-08-31,14:00,B-B,B,Kosi,B,Baltara,34.74,33.85,36.4,25
2026-08-31,14:00,B-C,B,Kosi,C,Kursela,30.54,30,32.1,25
2026-08-31,14:00,C-A,C,Bagmati,A,Dheng,70,71,73.47,0
2026-08-31,14:00,C-B,C,Bagmati,B,Sonakhan,68.4,68.8,72.05,25
2026-08-31,14:00,C-C,C,Bagmati,C,Dubadhar,60.18,61.28,63.75,50
2026-08-31,14:00,C-D,C,Bagmati,D,Kansar,57.33,59.06,60.86,25
2026-08-31,14:00,C-E,C,Bagmati,E,Kataunjha,53.75,55,58.36,25
2026-08-31,14:00,C-F,C,Bagmati,F,Benibad,48.34,48.68,50.12,28
2026-08-31,14:00,C-G,C,Bagmati,G,Hayaghat,41.45,45.72,48.96,25
2026-08-31,14:00,D-A,D,Burhi Gandak,A,Sikandarpur,47.01,52.53,54.29,0
2026-08-31,14:00,D-B,D,Burhi Gandak,B,Samastipur,41.12,45.73,49.38,33
2026-08-31,14:00,D-C,D,Burhi Gandak,C,Rosara,39.02,42.63,46.56,25
2026-08-31,14:00,D-D,D,Burhi Gandak,D,Khagaria,36.83,36.58,39.22,25
2026-08-31,14:00,E-A,E,Kamla Balan,A,Jainagar,67.5,68.5,71.35,0
2026-08-31,14:00,E-B,E,Kamla Balan,B,Jhanjharpur,49.8,50.5,53.11,100
2026-08-31,14:00,F-A,F,Bhuthi Balan,A,Ekma,68.59,69.5,72.1,0
2026-08-31,14:00,G-A,G,Lalbakeya,A,Gowabari,69.8,71.15,73.86,0
2026-08-31,14:00,H-A,H,Ganga,A,Allahabad,81.9,84.73,88.03,0
2026-08-31,14:00,H-B,H,Ganga,B,Varanasi,70.03,71.26,73.9,67
2026-08-31,14:00,H-C,H,Ganga,C,Buxar,59.75,60.32,62.09,50
2026-08-31,14:00,H-D,H,Ganga,D,Digha,50.16,50.45,52.52,50
2026-08-31,14:00,H-E,H,Ganga,E,Gandhi Ghat,49.09,48.6,50.52,25
2026-08-31,14:00,H-F,H,Ganga,F,Hathidah,42.14,41.76,43.52,50
2026-08-31,14:00,H-G,H,Ganga,G,Munger,38.58,39.33,40.99,25
2026-08-31,14:00,H-H,H,Ganga,H,Bhagalpur,33.3,33.68,34.86,25
2026-08-31,14:00,H-I,H,Ganga,I,Kahalgaon,31.78,31.09,32.87,25
2026-08-31,14:00,H-J,H,Ganga,J,Farakka,22.82,22.25,25.14,25
2026-08-31,14:00,I-A,I,Punpun,A,Sripalpur,51.41,50.6,53.91,0
2026-08-31,14:00,J-A,J,Adhwara,A,Sonbarsa,78.6,81.85,83.75,0
2026-08-31,14:00,J-B,J,Adhwara,B,Sundarpur,58.5,61.7,64.1,108
2026-08-31,14:00,J-C,J,Adhwara,C,Pupri,51.2,55.79,56.95,50
2026-08-31,14:00,K-A,K,Khiroi,A,Kamtaul,47.01,50,53.05,0
2026-08-31,14:00,K-B,K,Khiroi,B,Ekmighat,42.34,46.94,49.52,50
2026-08-31,14:00,L-A,L,Mahananda,A,Taibpur,63.55,66,67.26,0
2026-08-31,14:00,L-B,L,Mahananda,B,Dhangaraghat,34.04,35.65,38.2,50
2026-08-31,14:00,M-A,M,Ghaghra,A,Darauli,60.69,60.82,61.82,0
2026-08-31,14:00,M-B,M,Ghaghra,B,Gangpur Siswan,55.86,57.04,58.26,50
2026-09-01,06:00,A-A,A,Gandak,A,Khada,94.88,96,97.5,0
2026-09-01,06:00,A-B,A,Gandak,B,Chatia,66.83,69.15,70.04,25
2026-09-01,06:00,A-C,A,Gandak,C,Dumaria Ghat,62.88,62.22,64.36,25
2026-09-01,06:00,A-D,A,Gandak,D,Rewa Ghat,53.71,54.41,55.46,25
2026-09-01,06:00,A-E,A,Gandak,E,Hajipur,49.41,50.32,50.93,25
2026-09-01,06:00,B-A,B,Kosi,A,Basua,47.05,47.75,49.24,0
2026-09-01,06:00,B-B,B,Kosi,B,Baltara,34.82,33.85,36.4,25
2026-09-01,06:00,B-C,B,Kosi,C,Kursela,30.46,30,32.1,25
2026-09-01,06:00,C-A,C,Bagmati,A,Dheng,69.6,71,73.47,0
2026-09-01,06:00,C-B,C,Bagmati,B,Sonakhan,68.02,68.8,72.05,25
2026-09-01,06:00,C-C,C,Bagmati,C,Dubadhar,59.93,61.28,63.75,50
2026-09-01,06:00,C-D,C,Bagmati,D,Kansar,57.2,59.06,60.86,25
2026-09-01,06:00,C-E,C,Bagmati,E,Kataunjha,53.65,55,58.36,25
2026-09-01,06:00,C-F,C,Bagmati,F,Benibad,48.85,48.68,50.12,28
2026-09-01,06:00,C-G,C,Bagmati,G,Hayaghat,41.72,45.72,48.96,25
2026-09-01,06:00,D-A,D,Burhi Gandak,A,Sikandarpur,47.01,52.53,54.29,0
2026-09-01,06:00,D-B,D,Burhi Gandak,B,Samastipur,41.04,45.73,49.38,33
2026-09-01,06:00,D-C,D,Burhi Gandak,C,Rosara,38.95,42.63,46.56,25
2026-09-01,06:00,D-D,D,Burhi Gandak,D,Khagaria,36.81,36.58,39.22,25
2026-09-01,06:00,E-A,E,Kamla Balan,A,Jainagar,67.2,68.5,71.35,0
2026-09-01,06:00,E-B,E,Kamla Balan,B,Jhanjharpur,49.6,50.5,53.11,100
2026-09-01,06:00,F-A,F,Bhuthi Balan,A,Ekma,68.59,69.5,72.1,0
2026-09-01,06:00,G-A,G,Lalbakeya,A,Gowabari,70.1,71.15,73.86,0
2026-09-01,06:00,H-A,H,Ganga,A,Allahabad,82.03,84.73,88.03,0
2026-09-01,06:00,H-B,H,Ganga,B,Varanasi,70.26,71.26,73.9,67
2026-09-01,06:00,H-C,H,Ganga,C,Buxar,59.98,60.32,62.09,50
2026-09-01,06:00,H-D,H,Ganga,D,Digha,50.44,50.45,52.52,50
2026-09-01,06:00,H-E,H,Ganga,E,Gandhi Ghat,49.4,48.6,50.52,25
2026-09-01,06:00,H-F,H,Ganga,F,Hathidah,42.24,41.76,43.52,50
2026-09-01,06:00,H-G,H,Ganga,G,Munger,38.5,39.33,40.99,25
2026-09-01,06:00,H-H,H,Ganga,H,Bhagalpur,33.24,33.68,34.86,25
2026-09-01,06:00,H-I,H,Ganga,I,Kahalgaon,31.7,31.09,32.87,25
2026-09-01,06:00,H-J,H,Ganga,J,Farakka,22.78,22.25,25.14,25
2026-09-01,06:00,I-A,I,Punpun,A,Sripalpur,52.14,50.6,53.91,0
2026-09-01,06:00,J-A,J,Adhwara,A,Sonbarsa,79.05,81.85,83.75,0
2026-09-01,06:00,J-B,J,Adhwara,B,Sundarpur,58.55,61.7,64.1,108
2026-09-01,06:00,J-C,J,Adhwara,C,Pupri,51.3,55.79,56.95,50
2026-09-01,06:00,K-A,K,Khiroi,A,Kamtaul,47.13,50,53.05,0
2026-09-01,06:00,K-B,K,Khiroi,B,Ekmighat,42.62,46.94,49.52,50
2026-09-01,06:00,L-A,L,Mahananda,A,Taibpur,63.55,66,67.26,0
2026-09-01,06:00,L-B,L,Mahananda,B,Dhangaraghat,33.96,35.65,38.2,50
2026-09-01,06:00,M-A,M,Ghaghra,A,Darauli,60.8,60.82,61.82,0
2026-09-01,06:00,M-B,M,Ghaghra,B,Gangpur Siswan,56.02,57.04,58.26,50
2026-09-01,14:00,A-A,A,Gandak,A,Khada,95.12,96,97.5,0
2026-09-01,14:00,A-B,A,Gandak,B,Chatia,66.87,69.15,70.04,25
2026-09-01,14:00,A-C,A,Gandak,C,Dumaria Ghat,62.78,62.22,64.36,25
2026-09-01,14:00,A-D,A,Gandak,D,Rewa Ghat,53.71,54.41,55.46,25
2026-09-01,14:00,A-E,A,Gandak,E,Hajipur,49.53,50.32,50.93,25
2026-09-01,14:00,B-A,B,Kosi,A,Basua,47.01,47.75,49.24,0
2026-09-01,14:00,B-B,B,Kosi,B,Baltara,34.96,33.85,36.4,25
2026-09-01,14:00,B-C,B,Kosi,C,Kursela,30.41,30,32.1,25
2026-09-01,14:00,C-A,C,Bagmati,A,Dheng,69.9,71,73.47,0
2026-09-01,14:00,C-B,C,Bagmati,B,Sonakhan,68.32,68.8,72.05,25
2026-09-01,14:00,C-C,C,Bagmati,C,Dubadhar,59.84,61.28,63.75,50
2026-09-01,14:00,C-D,C,Bagmati,D,Kansar,57,59.06,60.86,25
2026-09-01,14:00,C-E,C,Bagmati,E,Kataunjha,53.55,55,58.36,25
2026-09-01,14:00,C-F,C,Bagmati,F,Benibad,48.7,48.68,50.12,28
2026-09-01,14:00,C-G,C,Bagmati,G,Hayaghat,41.72,45.72,48.96,25
2026-09-01,14:00,D-A,D,Burhi Gandak,A,Sikandarpur,47.19,52.53,54.29,0
2026-09-01,14:00,D-B,D,Burhi Gandak,B,Samastipur,41.04,45.73,49.38,33
2026-09-01,14:00,D-C,D,Burhi Gandak,C,Rosara,38.91,42.63,46.56,25
2026-09-01,14:00,D-D,D,Burhi Gandak,D,Khagaria,36.83,36.58,39.22,25
2026-09-01,14:00,E-A,E,Kamla Balan,A,Jainagar,67.3,68.5,71.35,0
2026-09-01,14:00,E-B,E,Kamla Balan,B,Jhanjharpur,49.46,50.5,53.11,100
2026-09-01,14:00,F-A,F,Bhuthi Balan,A,Ekma,68.59,69.5,72.1,0
2026-09-01,14:00,G-A,G,Lalbakeya,A,Gowabari,70,71.15,73.86,0
2026-09-01,14:00,H-A,H,Ganga,A,Allahabad,81.89,84.73,88.03,0
2026-09-01,14:00,H-B,H,Ganga,B,Varanasi,70.29,71.26,73.9,67
2026-09-01,14:00,H-C,H,Ganga,C,Buxar,60.17,60.32,62.09,50
2026-09-01,14:00,H-D,H,Ganga,D,Digha,50.62,50.45,52.52,50
2026-09-01,14:00,H-E,H,Ganga,E,Gandhi Ghat,49.46,48.6,50.52,25
2026-09-01,14:00,H-F,H,Ganga,F,Hathidah,42.32,41.76,43.52,50
2026-09-01,14:00,H-G,H,Ganga,G,Munger,38.51,39.33,40.99,25
2026-09-01,14:00,H-H,H,Ganga,H,Bhagalpur,33.24,33.68,34.86,25
2026-09-01,14:00,H-I,H,Ganga,I,Kahalgaon,31.67,31.09,32.87,25
2026-09-01,14:00,H-J,H,Ganga,J,Farakka,22.73,22.25,25.14,25
2026-09-01,14:00,I-A,I,Punpun,A,Sripalpur,52.2,50.6,53.91,0
2026-09-01,14:00,J-A,J,Adhwara,A,Sonbarsa,79.15,81.85,83.75,0
2026-09-01,14:00,J-B,J,Adhwara,B,Sundarpur,58.5,61.7,64.1,108
2026-09-01,14:00,J-C,J,Adhwara,C,Pupri,51.42,55.79,56.95,50
2026-09-01,14:00,K-A,K,Khiroi,A,Kamtaul,47.21,50,53.05,0
2026-09-01,14:00,K-B,K,Khiroi,B,Ekmighat,42.66,46.94,49.52,50
2026-09-01,14:00,L-A,L,Mahananda,A,Taibpur,63.51,66,67.26,0
2026-09-01,14:00,L-B,L,Mahananda,B,Dhangaraghat,33.96,35.65,38.2,50
2026-09-01,14:00,M-A,M,Ghaghra,A,Darauli,60.8,60.82,61.82,0
2026-09-01,14:00,M-B,M,Ghaghra,B,Gangpur Siswan,56.09,57.04,58.26,50
2026-09-02,06:00,A-A,A,Gandak,A,Khada,95.02,96,97.5,0
2026-09-02,06:00,A-B,A,Gandak,B,Chatia,66.87,69.15,70.04,25
2026-09-02,06:00,A-C,A,Gandak,C,Dumaria Ghat,62.78,62.22,64.36,25
2026-09-02,06:00,A-D,A,Gandak,D,Rewa Ghat,53.65,54.41,55.46,25
2026-09-02,06:00,A-E,A,Gandak,E,Hajipur,49.69,50.32,50.93,25
2026-09-02,06:00,B-A,B,Kosi,A,Basua,46.84,47.75,49.24,0
2026-09-02,06:00,B-B,B,Kosi,B,Baltara,35.04,33.85,36.4,25
2026-09-02,06:00,B-C,B,Kosi,C,Kursela,30.55,30,32.1,25
2026-09-02,06:00,C-A,C,Bagmati,A,Dheng,69.85,71,73.47,0
2026-09-02,06:00,C-B,C,Bagmati,B,Sonakhan,68.25,68.8,72.05,25
2026-09-02,06:00,C-C,C,Bagmati,C,Dubadhar,60.18,61.28,63.75,50
2026-09-02,06:00,C-D,C,Bagmati,D,Kansar,57.3,59.06,60.86,25
2026-09-02,06:00,C-E,C,Bagmati,E,Kataunjha,53.8,55,58.36,25
2026-09-02,06:00,C-F,C,Bagmati,F,Benibad,48.38,48.68,50.12,28
2026-09-02,06:00,C-G,C,Bagmati,G,Hayaghat,41.64,45.72,48.96,25
2026-09-02,06:00,D-A,D,Burhi Gandak,A,Sikandarpur,47.43,52.53,54.29,0
2026-09-02,06:00,D-B,D,Burhi Gandak,B,Samastipur,41.08,45.73,49.38,33
2026-09-02,06:00,D-C,D,Burhi Gandak,C,Rosara,38.83,42.63,46.56,25
2026-09-02,06:00,D-D,D,Burhi Gandak,D,Khagaria,36.9,36.58,39.22,25
2026-09-02,06:00,E-A,E,Kamla Balan,A,Jainagar,67.15,68.5,71.35,0
2026-09-02,06:00,E-B,E,Kamla Balan,B,Jhanjharpur,49.42,50.5,53.11,100
2026-09-02,06:00,F-A,F,Bhuthi Balan,A,Ekma,68.59,69.5,72.1,0
2026-09-02,06:00,G-A,G,Lalbakeya,A,Gowabari,70,71.15,73.86,0
2026-09-02,06:00,H-A,H,Ganga,A,Allahabad,81.81,84.73,88.03,0
2026-09-02,06:00,H-B,H,Ganga,B,Varanasi,70.24,71.26,73.9,67
2026-09-02,06:00,H-C,H,Ganga,C,Buxar,60.21,60.32,62.09,50
2026-09-02,06:00,H-D,H,Ganga,D,Digha,50.8,50.45,52.52,50
2026-09-02,06:00,H-E,H,Ganga,E,Gandhi Ghat,49.79,48.6,50.52,25
2026-09-02,06:00,H-F,H,Ganga,F,Hathidah,42.48,41.76,43.52,50
2026-09-02,06:00,H-G,H,Ganga,G,Munger,38.56,39.33,40.99,25
2026-09-02,06:00,H-H,H,Ganga,H,Bhagalpur,33.26,33.68,34.86,25
2026-09-02,06:00,H-I,H,Ganga,I,Kahalgaon,31.68,31.09,32.87,25
2026-09-02,06:00,H-J,H,Ganga,J,Farakka,22.7,22.25,25.14,25
2026-09-02,06:00,I-A,I,Punpun,A,Sripalpur,52.58,50.6,53.91,0
2026-09-02,06:00,J-A,J,Adhwara,A,Sonbarsa,79.35,81.85,83.75,0
2026-09-02,06:00,J-B,J,Adhwara,B,Sundarpur,58.5,61.7,64.1,108
2026-09-02,06:00,J-C,J,Adhwara,C,Pupri,51.42,55.79,56.95,50
2026-09-02,06:00,K-A,K,Khiroi,A,Kamtaul,47.29,50,53.05,0
2026-09-02,06:00,K-B,K,Khiroi,B,Ekmighat,42.58,46.94,49.52,50
2026-09-02,06:00,L-A,L,Mahananda,A,Taibpur,63.47,66,67.26,0
2026-09-02,06:00,L-B,L,Mahananda,B,Dhangaraghat,33.94,35.65,38.2,50
2026-09-02,06:00,M-A,M,Ghaghra,A,Darauli,60.8,60.82,61.82,0
2026-09-02,06:00,M-B,M,Ghaghra,B,Gangpur Siswan,56.2,57.04,58.26,50
2026-09-02,14:00,A-A,A,Gandak,A,Khada,95.1,96,97.5,0
2026-09-02,14:00,A-B,A,Gandak,B,Chatia,66.91,69.15,70.04,25
2026-09-02,14:00,A-C,A,Gandak,C,Dumaria Ghat,62.92,62.22,64.36,25
2026-09-02,14:00,A-D,A,Gandak,D,Rewa Ghat,53.71,54.41,55.46,25
2026-09-02,14:00,A-E,A,Gandak,E,Hajipur,49.89,50.32,50.93,25
2026-09-02,14:00,B-A,B,Kosi,A,Basua,46.86,47.75,49.24,0
2026-09-02,14:00,B-B,B,Kosi,B,Baltara,35.02,33.85,36.4,25
2026-09-02,14:00,B-C,B,Kosi,C,Kursela,30.55,30,32.1,25
2026-09-02,14:00,C-A,C,Bagmati,A,Dheng,70.1,71,73.47,0
2026-09-02,14:00,C-B,C,Bagmati,B,Sonakhan,68.5,68.8,72.05,25
2026-09-02,14:00,C-C,C,Bagmati,C,Dubadhar,60.08,61.28,63.75,50
2026-09-02,14:00,C-D,C,Bagmati,D,Kansar,57.23,59.06,60.86,25
2026-09-02,14:00,C-E,C,Bagmati,E,Kataunjha,53.65,55,58.36,25
2026-09-02,14:00,C-F,C,Bagmati,F,Benibad,48.82,48.68,50.12,28
2026-09-02,14:00,C-G,C,Bagmati,G,Hayaghat,41.6,45.72,48.96,25
2026-09-02,14:00,D-A,D,Burhi Gandak,A,Sikandarpur,47.43,52.53,54.29,0
2026-09-02,14:00,D-B,D,Burhi Gandak,B,Samastipur,41.13,45.73,49.38,33
2026-09-02,14:00,D-C,D,Burhi Gandak,C,Rosara,38.81,42.63,46.56,25
2026-09-02,14:00,D-D,D,Burhi Gandak,D,Khagaria,37.03,36.58,39.22,25
2026-09-02,14:00,E-A,E,Kamla Balan,A,Jainagar,67.1,68.5,71.35,0
2026-09-02,14:00,E-B,E,Kamla Balan,B,Jhanjharpur,49.42,50.5,53.11,100
2026-09-02,14:00,F-A,F,Bhuthi Balan,A,Ekma,68.59,69.5,72.1,0
2026-09-02,14:00,G-A,G,Lalbakeya,A,Gowabari,69.9,71.15,73.86,0
2026-09-02,14:00,H-A,H,Ganga,A,Allahabad,81.93,84.73,88.03,0
2026-09-02,14:00,H-B,H,Ganga,B,Varanasi,70.36,71.26,73.9,67
2026-09-02,14:00,H-C,H,Ganga,C,Buxar,60.23,60.32,62.09,50
2026-09-02,14:00,H-D,H,Ganga,D,Digha,51.06,50.45,52.52,50
2026-09-02,14:00,H-E,H,Ganga,E,Gandhi Ghat,49.87,48.6,50.52,25
2026-09-02,14:00,H-F,H,Ganga,F,Hathidah,42.63,41.76,43.52,50
2026-09-02,14:00,H-G,H,Ganga,G,Munger,38.62,39.33,40.99,25
2026-09-02,14:00,H-H,H,Ganga,H,Bhagalpur,33.3,33.68,34.86,25
2026-09-02,14:00,H-I,H,Ganga,I,Kahalgaon,31.72,31.09,32.87,25
2026-09-02,14:00,H-J,H,Ganga,J,Farakka,22.72,22.25,25.14,25
2026-09-02,14:00,I-A,I,Punpun,A,Sripalpur,52.61,50.6,53.91,0
2026-09-02,14:00,J-A,J,Adhwara,A,Sonbarsa,79.16,81.85,83.75,0
2026-09-02,14:00,J-B,J,Adhwara,B,Sundarpur,58.5,61.7,64.1,108
2026-09-02,14:00,J-C,J,Adhwara,C,Pupri,51.38,55.79,56.95,50
2026-09-02,14:00,K-A,K,Khiroi,A,Kamtaul,47.47,50,53.05,0
2026-09-02,14:00,K-B,K,Khiroi,B,Ekmighat,42.69,46.94,49.52,50
2026-09-02,14:00,L-A,L,Mahananda,A,Taibpur,63.46,66,67.26,0
2026-09-02,14:00,L-B,L,Mahananda,B,Dhangaraghat,33.9,35.65,38.2,50
2026-09-02,14:00,M-A,M,Ghaghra,A,Darauli,60.93,60.82,61.82,0
2026-09-02,14:00,M-B,M,Ghaghra,B,Gangpur Siswan,56.25,57.04,58.26,50
2026-09-03,06:00,A-A,A,Gandak,A,Khada,95.12,96,97.5,0
2026-09-03,06:00,A-B,A,Gandak,B,Chatia,66.91,69.15,70.04,25
2026-09-03,06:00,A-C,A,Gandak,C,Dumaria Ghat,62.92,62.22,64.36,25
2026-09-03,06:00,A-D,A,Gandak,D,Rewa Ghat,53.78,54.41,55.46,25
2026-09-03,06:00,A-E,A,Gandak,E,Hajipur,50.13,50.32,50.93,25
2026-09-03,06:00,B-A,B,Kosi,A,Basua,46.86,47.75,49.24,0
2026-09-03,06:00,B-B,B,Kosi,B,Baltara,35.05,33.85,36.4,25
2026-09-03,06:00,B-C,B,Kosi,C,Kursela,30.62,30,32.1,25
2026-09-03,06:00,C-A,C,Bagmati,A,Dheng,69.9,71,73.47,0
2026-09-03,06:00,C-B,C,Bagmati,B,Sonakhan,68.3,68.8,72.05,25
2026-09-03,06:00,C-C,C,Bagmati,C,Dubadhar,60.08,61.28,63.75,50
2026-09-03,06:00,C-D,C,Bagmati,D,Kansar,57.25,59.06,60.86,25
2026-09-03,06:00,C-E,C,Bagmati,E,Kataunjha,53.65,55,58.36,25
2026-09-03,06:00,C-F,C,Bagmati,F,Benibad,48.63,48.68,50.12,28
2026-09-03,06:00,C-G,C,Bagmati,G,Hayaghat,42.03,45.72,48.96,25
2026-09-03,06:00,D-A,D,Burhi Gandak,A,Sikandarpur,47.43,52.53,54.29,0
2026-09-03,06:00,D-B,D,Burhi Gandak,B,Samastipur,41.24,45.73,49.38,33
2026-09-03,06:00,D-C,D,Burhi Gandak,C,Rosara,38.86,42.63,46.56,25
2026-09-03,06:00,D-D,D,Burhi Gandak,D,Khagaria,37.19,36.58,39.22,25
2026-09-03,06:00,E-A,E,Kamla Balan,A,Jainagar,67,68.5,71.35,0
2026-09-03,06:00,E-B,E,Kamla Balan,B,Jhanjharpur,49.3,50.5,53.11,100
2026-09-03,06:00,F-A,F,Bhuthi Balan,A,Ekma,68.59,69.5,72.1,0
2026-09-03,06:00,G-A,G,Lalbakeya,A,Gowabari,69.6,71.15,73.86,0
2026-09-03,06:00,H-A,H,Ganga,A,Allahabad,82.14,84.73,88.03,0
2026-09-03,06:00,H-B,H,Ganga,B,Varanasi,70.54,71.26,73.9,67
2026-09-03,06:00,H-C,H,Ganga,C,Buxar,60.28,60.32,62.09,50
2026-09-03,06:00,H-D,H,Ganga,D,Digha,51.58,50.45,52.52,50
2026-09-03,06:00,H-E,H,Ganga,E,Gandhi Ghat,50.18,48.6,50.52,25
2026-09-03,06:00,H-F,H,Ganga,F,Hathidah,42.92,41.76,43.52,50
2026-09-03,06:00,H-G,H,Ganga,G,Munger,38.86,39.33,40.99,25
2026-09-03,06:00,H-H,H,Ganga,H,Bhagalpur,33.44,33.68,34.86,25
2026-09-03,06:00,H-I,H,Ganga,I,Kahalgaon,31.83,31.09,32.87,25
2026-09-03,06:00,H-J,H,Ganga,J,Farakka,22.74,22.25,25.14,25
2026-09-03,06:00,I-A,I,Punpun,A,Sripalpur,52.79,50.6,53.91,0
2026-09-03,06:00,J-A,J,Adhwara,A,Sonbarsa,79.04,81.85,83.75,0
2026-09-03,06:00,J-B,J,Adhwara,B,Sundarpur,58.45,61.7,64.1,108
2026-09-03,06:00,J-C,J,Adhwara,C,Pupri,51.3,55.79,56.95,50
2026-09-03,06:00,K-A,K,Khiroi,A,Kamtaul,47.79,50,53.05,0
2026-09-03,06:00,K-B,K,Khiroi,B,Ekmighat,43.02,46.94,49.52,50
2026-09-03,06:00,L-A,L,Mahananda,A,Taibpur,63.45,66,67.26,0
2026-09-03,06:00,L-B,L,Mahananda,B,Dhangaraghat,33.92,35.65,38.2,50
2026-09-03,06:00,M-A,M,Ghaghra,A,Darauli,61.03,60.82,61.82,0
2026-09-03,06:00,M-B,M,Ghaghra,B,Gangpur Siswan,56.44,57.04,58.26,50
2026-09-03,14:00,A-A,A,Gandak,A,Khada,95.01,96,97.5,0
2026-09-03,14:00,A-B,A,Gandak,B,Chatia,66.99,69.15,70.04,25
2026-09-03,14:00,A-C,A,Gandak,C,Dumaria Ghat,62.92,62.22,64.36,25
2026-09-03,14:00,A-D,A,Gandak,D,Rewa Ghat,53.86,54.41,55.46,25
2026-09-03,14:00,A-E,A,Gandak,E,Hajipur,50.27,50.32,50.93,25
2026-09-03,14:00,B-A,B,Kosi,A,Basua,46.9,47.75,49.24,0
2026-09-03,14:00,B-B,B,Kosi,B,Baltara,35.05,33.85,36.4,25
2026-09-03,14:00,B-C,B,Kosi,C,Kursela,30.67,30,32.1,25
2026-09-03,14:00,C-A,C,Bagmati,A,Dheng,69.95,71,73.47,0
2026-09-03,14:00,C-B,C,Bagmati,B,Sonakhan,68.35,68.8,72.05,25
2026-09-03,14:00,C-C,C,Bagmati,C,Dubadhar,59.98,61.28,63.75,50
2026-09-03,14:00,C-D,C,Bagmati,D,Kansar,57.1,59.06,60.86,25
2026-09-03,14:00,C-E,C,Bagmati,E,Kataunjha,53.5,55,58.36,25
2026-09-03,14:00,C-F,C,Bagmati,F,Benibad,48.82,48.68,50.12,28
2026-09-03,14:00,C-G,C,Bagmati,G,Hayaghat,42.21,45.72,48.96,25
2026-09-03,14:00,D-A,D,Burhi Gandak,A,Sikandarpur,47.19,52.53,54.29,0
2026-09-03,14:00,D-B,D,Burhi Gandak,B,Samastipur,41.28,45.73,49.38,33
2026-09-03,14:00,D-C,D,Burhi Gandak,C,Rosara,38.9,42.63,46.56,25
2026-09-03,14:00,D-D,D,Burhi Gandak,D,Khagaria,37.26,36.58,39.22,25
2026-09-03,14:00,E-A,E,Kamla Balan,A,Jainagar,67,68.5,71.35,0
2026-09-03,14:00,E-B,E,Kamla Balan,B,Jhanjharpur,49.25,50.5,53.11,100
2026-09-03,14:00,F-A,F,Bhuthi Balan,A,Ekma,68.59,69.5,72.1,0
2026-09-03,14:00,G-A,G,Lalbakeya,A,Gowabari,69.6,71.15,73.86,0
2026-09-03,14:00,H-A,H,Ganga,A,Allahabad,82.2,84.73,88.03,0
2026-09-03,14:00,H-B,H,Ganga,B,Varanasi,70.62,71.26,73.9,67
2026-09-03,14:00,H-C,H,Ganga,C,Buxar,60.4,60.32,62.09,50
2026-09-03,14:00,H-D,H,Ganga,D,Digha,51.62,50.45,52.52,50
2026-09-03,14:00,H-E,H,Ganga,E,Gandhi Ghat,50.27,48.6,50.52,25
2026-09-03,14:00,H-F,H,Ganga,F,Hathidah,43.08,41.76,43.52,50
2026-09-03,14:00,H-G,H,Ganga,G,Munger,39.02,39.33,40.99,25
2026-09-03,14:00,H-H,H,Ganga,H,Bhagalpur,33.54,33.68,34.86,25
2026-09-03,14:00,H-I,H,Ganga,I,Kahalgaon,31.91,31.09,32.87,25
2026-09-03,14:00,H-J,H,Ganga,J,Farakka,22.79,22.25,25.14,25
2026-09-03,14:00,I-A,I,Punpun,A,Sripalpur,52.89,50.6,53.91,0
2026-09-03,14:00,J-A,J,Adhwara,A,Sonbarsa,78.78,81.85,83.75,0
2026-09-03,14:00,J-B,J,Adhwara,B,Sundarpur,58.45,61.7,64.1,108
2026-09-03,14:00,J-C,J,Adhwara,C,Pupri,51.3,55.79,56.95,50
2026-09-03,14:00,K-A,K,Khiroi,A,Kamtaul,47.94,50,53.05,0
2026-09-03,14:00,K-B,K,Khiroi,B,Ekmighat,43.06,46.94,49.52,50
2026-09-03,14:00,L-A,L,Mahananda,A,Taibpur,63.44,66,67.26,0
2026-09-03,14:00,L-B,L,Mahananda,B,Dhangaraghat,33.83,35.65,38.2,50
2026-09-03,14:00,M-A,M,Ghaghra,A,Darauli,61.08,60.82,61.82,0
2026-09-03,14:00,M-B,M,Ghaghra,B,Gangpur Siswan,56.52,57.04,58.26,50
2026-09-04,06:00,A-A,A,Gandak,A,Khada,94.93,96,97.5,0
2026-09-04,06:00,A-B,A,Gandak,B,Chatia,67.11,69.15,70.04,25
2026-09-04,06:00,A-C,A,Gandak,C,Dumaria Ghat,62.98,62.22,64.36,25
2026-09-04,06:00,A-D,A,Gandak,D,Rewa Ghat,53.96,54.41,55.46,25
2026-09-04,06:00,A-E,A,Gandak,E,Hajipur,50.37,50.32,50.93,25
2026-09-04,06:00,B-A,B,Kosi,A,Basua,46.81,47.75,49.24,0
2026-09-04,06:00,B-B,B,Kosi,B,Baltara,35.07,33.85,36.4,25
2026-09-04,06:00,B-C,B,Kosi,C,Kursela,30.76,30,32.1,25
2026-09-04,06:00,C-A,C,Bagmati,A,Dheng,69.83,71,73.47,0
2026-09-04,06:00,C-B,C,Bagmati,B,Sonakhan,68.23,68.8,72.05,25
2026-09-04,06:00,C-C,C,Bagmati,C,Dubadhar,59.9,61.28,63.75,50
2026-09-04,06:00,C-D,C,Bagmati,D,Kansar,57,59.06,60.86,25
2026-09-04,06:00,C-E,C,Bagmati,E,Kataunjha,53.4,55,58.36,25
2026-09-04,06:00,C-F,C,Bagmati,F,Benibad,48.77,48.68,50.12,28
2026-09-04,06:00,C-G,C,Bagmati,G,Hayaghat,42.35,45.72,48.96,25
2026-09-04,06:00,D-A,D,Burhi Gandak,A,Sikandarpur,47.15,52.53,54.29,0
2026-09-04,06:00,D-B,D,Burhi Gandak,B,Samastipur,41.32,45.73,49.38,33
2026-09-04,06:00,D-C,D,Burhi Gandak,C,Rosara,38.98,42.63,46.56,25
2026-09-04,06:00,D-D,D,Burhi Gandak,D,Khagaria,37.58,36.58,39.22,25
2026-09-04,06:00,E-A,E,Kamla Balan,A,Jainagar,67,68.5,71.35,0
2026-09-04,06:00,E-B,E,Kamla Balan,B,Jhanjharpur,49,50.5,53.11,100
2026-09-04,06:00,F-A,F,Bhuthi Balan,A,Ekma,68.59,69.5,72.1,0
2026-09-04,06:00,G-A,G,Lalbakeya,A,Gowabari,69.5,71.15,73.86,0
2026-09-04,06:00,H-A,H,Ganga,A,Allahabad,82.1,84.73,88.03,0
2026-09-04,06:00,H-B,H,Ganga,B,Varanasi,70.68,71.26,73.9,67
2026-09-04,06:00,H-C,H,Ganga,C,Buxar,60.48,60.32,62.09,50
2026-09-04,06:00,H-D,H,Ganga,D,Digha,51.68,50.45,52.52,50
2026-09-04,06:00,H-E,H,Ganga,E,Gandhi Ghat,50.36,48.6,50.52,25
2026-09-04,06:00,H-F,H,Ganga,F,Hathidah,43.24,41.76,43.52,50
2026-09-04,06:00,H-G,H,Ganga,G,Munger,39.36,39.33,40.99,25
2026-09-04,06:00,H-H,H,Ganga,H,Bhagalpur,33.84,33.68,34.86,25
2026-09-04,06:00,H-I,H,Ganga,I,Kahalgaon,32.07,31.09,32.87,25
2026-09-04,06:00,H-J,H,Ganga,J,Farakka,22.86,22.25,25.14,25
2026-09-04,06:00,I-A,I,Punpun,A,Sripalpur,53.16,50.6,53.91,0
2026-09-04,06:00,J-A,J,Adhwara,A,Sonbarsa,78.68,81.85,83.75,0
2026-09-04,06:00,J-B,J,Adhwara,B,Sundarpur,58.4,61.7,64.1,108
2026-09-04,06:00,J-C,J,Adhwara,C,Pupri,51.25,55.79,56.95,50
2026-09-04,06:00,K-A,K,Khiroi,A,Kamtaul,48.1,50,53.05,0
2026-09-04,06:00,K-B,K,Khiroi,B,Ekmighat,43.03,46.94,49.52,50
2026-09-04,06:00,L-A,L,Mahananda,A,Taibpur,63.43,66,67.26,0
2026-09-04,06:00,L-B,L,Mahananda,B,Dhangaraghat,33.82,35.65,38.2,50
2026-09-04,06:00,M-A,M,Ghaghra,A,Darauli,61.12,60.82,61.82,0
2026-09-04,06:00,M-B,M,Ghaghra,B,Gangpur Siswan,56.64,57.04,58.26,50
2026-09-04,14:00,A-A,A,Gandak,A,Khada,94.93,96,97.5,0
2026-09-04,14:00,A-B,A,Gandak,B,Chatia,67.11,69.15,70.04,25
2026-09-04,14:00,A-C,A,Gandak,C,Dumaria Ghat,62.97,62.22,64.36,25
2026-09-04,14:00,A-D,A,Gandak,D,Rewa Ghat,54,54.41,55.46,25
2026-09-04,14:00,A-E,A,Gandak,E,Hajipur,50.41,50.32,50.93,25
2026-09-04,14:00,B-A,B,Kosi,A,Basua,46.88,47.75,49.24,0
2026-09-04,14:00,B-B,B,Kosi,B,Baltara,35.09,33.85,36.4,25
2026-09-04,14:00,B-C,B,Kosi,C,Kursela,30.8,30,32.1,25
2026-09-04,14:00,C-A,C,Bagmati,A,Dheng,70.18,71,73.47,0
2026-09-04,14:00,C-B,C,Bagmati,B,Sonakhan,68.58,68.8,72.05,25
2026-09-04,14:00,C-C,C,Bagmati,C,Dubadhar,60.07,61.28,63.75,50
2026-09-04,14:00,C-D,C,Bagmati,D,Kansar,56.95,59.06,60.86,25
2026-09-04,14:00,C-E,C,Bagmati,E,Kataunjha,53.4,55,58.36,25
2026-09-04,14:00,C-F,C,Bagmati,F,Benibad,48.62,48.68,50.12,28
2026-09-04,14:00,C-G,C,Bagmati,G,Hayaghat,42.21,45.72,48.96,25
2026-09-04,14:00,D-A,D,Burhi Gandak,A,Sikandarpur,47.07,52.53,54.29,0
2026-09-04,14:00,D-B,D,Burhi Gandak,B,Samastipur,41.32,45.73,49.38,33
2026-09-04,14:00,D-C,D,Burhi Gandak,C,Rosara,39.01,42.63,46.56,25
2026-09-04,14:00,D-D,D,Burhi Gandak,D,Khagaria,37.69,36.58,39.22,25
2026-09-04,14:00,E-A,E,Kamla Balan,A,Jainagar,67,68.5,71.35,0
2026-09-04,14:00,E-B,E,Kamla Balan,B,Jhanjharpur,49,50.5,53.11,100
2026-09-04,14:00,F-A,F,Bhuthi Balan,A,Ekma,68.59,69.5,72.1,0
2026-09-04,14:00,G-A,G,Lalbakeya,A,Gowabari,69.5,71.15,73.86,0
2026-09-04,14:00,H-A,H,Ganga,A,Allahabad,82,84.73,88.03,0
2026-09-04,14:00,H-B,H,Ganga,B,Varanasi,70.62,71.26,73.9,67
2026-09-04,14:00,H-C,H,Ganga,C,Buxar,60.51,60.32,62.09,50
2026-09-04,14:00,H-D,H,Ganga,D,Digha,51.72,50.45,52.52,50
2026-09-04,14:00,H-E,H,Ganga,E,Gandhi Ghat,50.38,48.6,50.52,25
2026-09-04,14:00,H-F,H,Ganga,F,Hathidah,43.29,41.76,43.52,50
2026-09-04,14:00,H-G,H,Ganga,G,Munger,39.42,39.33,40.99,25
2026-09-04,14:00,H-H,H,Ganga,H,Bhagalpur,34,33.68,34.86,25
2026-09-04,14:00,H-I,H,Ganga,I,Kahalgaon,32.15,31.09,32.87,25
2026-09-04,14:00,H-J,H,Ganga,J,Farakka,22.98,22.25,25.14,25
2026-09-04,14:00,I-A,I,Punpun,A,Sripalpur,53.17,50.6,53.91,0
2026-09-04,14:00,J-A,J,Adhwara,A,Sonbarsa,78.66,81.85,83.75,0
2026-09-04,14:00,J-B,J,Adhwara,B,Sundarpur,58.4,61.7,64.1,108
2026-09-04,14:00,J-C,J,Adhwara,C,Pupri,51.25,55.79,56.95,50
2026-09-04,14:00,K-A,K,Khiroi,A,Kamtaul,48.06,50,53.05,0
2026-09-04,14:00,K-B,K,Khiroi,B,Ekmighat,43.03,46.94,49.52,50
2026-09-04,14:00,L-A,L,Mahananda,A,Taibpur,63.45,66,67.26,0
2026-09-04,14:00,L-B,L,Mahananda,B,Dhangaraghat,33.82,35.65,38.2,50
2026-09-04,14:00,M-A,M,Ghaghra,A,Darauli,61.14,60.82,61.82,0
2026-09-04,14:00,M-B,M,Ghaghra,B,Gangpur Siswan,56.69,57.04,58.26,50
2026-09-05,06:00,A-A,A,Gandak,A,Khada,94.75,96,97.5,0
2026-09-05,06:00,A-B,A,Gandak,B,Chatia,67.11,69.15,70.04,25
2026-09-05,06:00,A-C,A,Gandak,C,Dumaria Ghat,62.83,62.22,64.36,25
2026-09-05,06:00,A-D,A,Gandak,D,Rewa Ghat,54.06,54.41,55.46,25
2026-09-05,06:00,A-E,A,Gandak,E,Hajipur,50.49,50.32,50.93,25
2026-09-05,06:00,B-A,B,Kosi,A,Basua,46.78,47.75,49.24,0
2026-09-05,06:00,B-B,B,Kosi,B,Baltara,35.18,33.85,36.4,25
2026-09-05,06:00,B-C,B,Kosi,C,Kursela,30.99,30,32.1,25
2026-09-05,06:00,C-A,C,Bagmati,A,Dheng,70.02,71,73.47,0
2026-09-05,06:00,C-B,C,Bagmati,B,Sonakhan,68.4,68.8,72.05,25
2026-09-05,06:00,C-C,C,Bagmati,C,Dubadhar,60.14,61.28,63.75,50
2026-09-05,06:00,C-D,C,Bagmati,D,Kansar,57.25,59.06,60.86,25
2026-09-05,06:00,C-E,C,Bagmati,E,Kataunjha,53.7,55,58.36,25
2026-09-05,06:00,C-F,C,Bagmati,F,Benibad,48.42,48.68,50.12,28
2026-09-05,06:00,C-G,C,Bagmati,G,Hayaghat,41.97,45.72,48.96,25
2026-09-05,06:00,D-A,D,Burhi Gandak,A,Sikandarpur,47.07,52.53,54.29,0
2026-09-05,06:00,D-B,D,Burhi Gandak,B,Samastipur,41.2,45.73,49.38,33
2026-09-05,06:00,D-C,D,Burhi Gandak,C,Rosara,39.07,42.63,46.56,25
2026-09-05,06:00,D-D,D,Burhi Gandak,D,Khagaria,37.92,36.58,39.22,25
2026-09-05,06:00,E-A,E,Kamla Balan,A,Jainagar,66.9,68.5,71.35,0
2026-09-05,06:00,E-B,E,Kamla Balan,B,Jhanjharpur,48.85,50.5,53.11,100
2026-09-05,06:00,F-A,F,Bhuthi Balan,A,Ekma,68.59,69.5,72.1,0
2026-09-05,06:00,G-A,G,Lalbakeya,A,Gowabari,69.6,71.15,73.86,0
2026-09-05,06:00,H-A,H,Ganga,A,Allahabad,81.65,84.73,88.03,0
2026-09-05,06:00,H-B,H,Ganga,B,Varanasi,70.37,71.26,73.9,67
2026-09-05,06:00,H-C,H,Ganga,C,Buxar,60.54,60.32,62.09,50
2026-09-05,06:00,H-D,H,Ganga,D,Digha,51.77,50.45,52.52,50
2026-09-05,06:00,H-E,H,Ganga,E,Gandhi Ghat,50.43,48.6,50.52,25
2026-09-05,06:00,H-F,H,Ganga,F,Hathidah,43.37,41.76,43.52,50
2026-09-05,06:00,H-G,H,Ganga,G,Munger,39.58,39.33,40.99,25
2026-09-05,06:00,H-H,H,Ganga,H,Bhagalpur,34.16,33.68,34.86,25
2026-09-05,06:00,H-I,H,Ganga,I,Kahalgaon,32.31,31.09,32.87,25
2026-09-05,06:00,H-J,H,Ganga,J,Farakka,23.04,22.25,25.14,25
2026-09-05,06:00,I-A,I,Punpun,A,Sripalpur,53.28,50.6,53.91,0
2026-09-05,06:00,J-A,J,Adhwara,A,Sonbarsa,78.66,81.85,83.75,0
2026-09-05,06:00,J-B,J,Adhwara,B,Sundarpur,58.4,61.7,64.1,108
2026-09-05,06:00,J-C,J,Adhwara,C,Pupri,51.2,55.79,56.95,50
2026-09-05,06:00,K-A,K,Khiroi,A,Kamtaul,47.9,50,53.05,0
2026-09-05,06:00,K-B,K,Khiroi,B,Ekmighat,42.87,46.94,49.52,50
2026-09-05,06:00,L-A,L,Mahananda,A,Taibpur,63.5,66,67.26,0
2026-09-05,06:00,L-B,L,Mahananda,B,Dhangaraghat,33.77,35.65,38.2,50
2026-09-05,06:00,M-A,M,Ghaghra,A,Darauli,61.17,60.82,61.82,0
2026-09-05,06:00,M-B,M,Ghaghra,B,Gangpur Siswan,56.81,57.04,58.26,50
2026-09-05,14:00,A-A,A,Gandak,A,Khada,94.94,96,97.5,0
2026-09-05,14:00,A-B,A,Gandak,B,Chatia,67.11,69.15,70.04,25
2026-09-05,14:00,A-C,A,Gandak,C,Dumaria Ghat,62.88,62.22,64.36,25
2026-09-05,14:00,A-D,A,Gandak,D,Rewa Ghat,54.06,54.41,55.46,25
2026-09-05,14:00,A-E,A,Gandak,E,Hajipur,50.54,50.32,50.93,25
2026-09-05,14:00,B-A,B,Kosi,A,Basua,46.81,47.75,49.24,0
2026-09-05,14:00,B-B,B,Kosi,B,Baltara,35.09,33.85,36.4,25
2026-09-05,14:00,B-C,B,Kosi,C,Kursela,31.02,30,32.1,25
2026-09-05,14:00,C-A,C,Bagmati,A,Dheng,70,71,73.47,0
2026-09-05,14:00,C-B,C,Bagmati,B,Sonakhan,68.42,68.8,72.05,25
2026-09-05,14:00,C-C,C,Bagmati,C,Dubadhar,60.24,61.28,63.75,50
2026-09-05,14:00,C-D,C,Bagmati,D,Kansar,57.35,59.06,60.86,25
2026-09-05,14:00,C-E,C,Bagmati,E,Kataunjha,53.65,55,58.36,25
2026-09-05,14:00,C-F,C,Bagmati,F,Benibad,48.8,48.68,50.12,28
2026-09-05,14:00,C-G,C,Bagmati,G,Hayaghat,42.03,45.72,48.96,25
2026-09-05,14:00,D-A,D,Burhi Gandak,A,Sikandarpur,46.91,52.53,54.29,0
2026-09-05,14:00,D-B,D,Burhi Gandak,B,Samastipur,41.12,45.73,49.38,33
2026-09-05,14:00,D-C,D,Burhi Gandak,C,Rosara,39.11,42.63,46.56,25
2026-09-05,14:00,D-D,D,Burhi Gandak,D,Khagaria,38.04,36.58,39.22,25
2026-09-05,14:00,E-A,E,Kamla Balan,A,Jainagar,66.9,68.5,71.35,0
2026-09-05,14:00,E-B,E,Kamla Balan,B,Jhanjharpur,48.85,50.5,53.11,100
2026-09-05,14:00,F-A,F,Bhuthi Balan,A,Ekma,68.59,69.5,72.1,0
2026-09-05,14:00,G-A,G,Lalbakeya,A,Gowabari,69.65,71.15,73.86,0
2026-09-05,14:00,H-A,H,Ganga,A,Allahabad,81.49,84.73,88.03,0
2026-09-05,14:00,H-B,H,Ganga,B,Varanasi,70.16,71.26,73.9,67
2026-09-05,14:00,H-C,H,Ganga,C,Buxar,60.5,60.32,62.09,50
2026-09-05,14:00,H-D,H,Ganga,D,Digha,51.86,50.45,52.52,50
2026-09-05,14:00,H-E,H,Ganga,E,Gandhi Ghat,50.57,48.6,50.52,25
2026-09-05,14:00,H-F,H,Ganga,F,Hathidah,43.41,41.76,43.52,50
2026-09-05,14:00,H-G,H,Ganga,G,Munger,39.66,39.33,40.99,25
2026-09-05,14:00,H-H,H,Ganga,H,Bhagalpur,34.2,33.68,34.86,25
2026-09-05,14:00,H-I,H,Ganga,I,Kahalgaon,32.33,31.09,32.87,25
2026-09-05,14:00,H-J,H,Ganga,J,Farakka,23.1,22.25,25.14,25
2026-09-05,14:00,I-A,I,Punpun,A,Sripalpur,53.35,50.6,53.91,0
2026-09-05,14:00,J-A,J,Adhwara,A,Sonbarsa,78.8,81.85,83.75,0
2026-09-05,14:00,J-B,J,Adhwara,B,Sundarpur,58.4,61.7,64.1,108
2026-09-05,14:00,J-C,J,Adhwara,C,Pupri,51.2,55.79,56.95,50
2026-09-05,14:00,K-A,K,Khiroi,A,Kamtaul,47.82,50,53.05,0
2026-09-05,14:00,K-B,K,Khiroi,B,Ekmighat,42.91,46.94,49.52,50
2026-09-05,14:00,L-A,L,Mahananda,A,Taibpur,63.53,66,67.26,0
2026-09-05,14:00,L-B,L,Mahananda,B,Dhangaraghat,33.76,35.65,38.2,50
2026-09-05,14:00,M-A,M,Ghaghra,A,Darauli,61.23,60.82,61.82,0
2026-09-05,14:00,M-B,M,Ghaghra,B,Gangpur Siswan,56.88,57.04,58.26,50
2026-09-06,06:00,A-A,A,Gandak,A,Khada,94.82,96,97.5,0
2026-09-06,06:00,A-B,A,Gandak,B,Chatia,67.07,69.15,70.04,25
2026-09-06,06:00,A-C,A,Gandak,C,Dumaria Ghat,62.84,62.22,64.36,25
2026-09-06,06:00,A-D,A,Gandak,D,Rewa Ghat,54.02,54.41,55.46,25
2026-09-06,06:00,A-E,A,Gandak,E,Hajipur,50.59,50.32,50.93,25
2026-09-06,06:00,B-A,B,Kosi,A,Basua,46.89,47.75,49.24,0
2026-09-06,06:00,B-B,B,Kosi,B,Baltara,35.14,33.85,36.4,25
2026-09-06,06:00,B-C,B,Kosi,C,Kursela,31.16,30,32.1,25
2026-09-06,06:00,C-A,C,Bagmati,A,Dheng,70.05,71,73.47,0
2026-09-06,06:00,C-B,C,Bagmati,B,Sonakhan,68.45,68.8,72.05,25
2026-09-06,06:00,C-C,C,Bagmati,C,Dubadhar,60.09,61.28,63.75,50
2026-09-06,06:00,C-D,C,Bagmati,D,Kansar,57.25,59.06,60.86,25
2026-09-06,06:00,C-E,C,Bagmati,E,Kataunjha,53.6,55,58.36,25
2026-09-06,06:00,C-F,C,Bagmati,F,Benibad,48.87,48.68,50.12,28
2026-09-06,06:00,C-G,C,Bagmati,G,Hayaghat,42.21,45.72,48.96,25
2026-09-06,06:00,D-A,D,Burhi Gandak,A,Sikandarpur,46.91,52.53,54.29,0
2026-09-06,06:00,D-B,D,Burhi Gandak,B,Samastipur,41,45.73,49.38,33
2026-09-06,06:00,D-C,D,Burhi Gandak,C,Rosara,39.19,42.63,46.56,25
2026-09-06,06:00,D-D,D,Burhi Gandak,D,Khagaria,38.2,36.58,39.22,25
2026-09-06,06:00,E-A,E,Kamla Balan,A,Jainagar,66.9,68.5,71.35,0
2026-09-06,06:00,E-B,E,Kamla Balan,B,Jhanjharpur,48.9,50.5,53.11,100
2026-09-06,06:00,F-A,F,Bhuthi Balan,A,Ekma,68.59,69.5,72.1,0
2026-09-06,06:00,G-A,G,Lalbakeya,A,Gowabari,69.55,71.15,73.86,0
2026-09-06,06:00,H-A,H,Ganga,A,Allahabad,81.41,84.73,88.03,0
2026-09-06,06:00,H-B,H,Ganga,B,Varanasi,69.86,71.26,73.9,67
2026-09-06,06:00,H-C,H,Ganga,C,Buxar,60.42,60.32,62.09,50
2026-09-06,06:00,H-D,H,Ganga,D,Digha,51.99,50.45,52.52,50
2026-09-06,06:00,H-E,H,Ganga,E,Gandhi Ghat,50.58,48.6,50.52,25
2026-09-06,06:00,H-F,H,Ganga,F,Hathidah,43.49,41.76,43.52,50
2026-09-06,06:00,H-G,H,Ganga,G,Munger,39.82,39.33,40.99,25
2026-09-06,06:00,H-H,H,Ganga,H,Bhagalpur,34.32,33.68,34.86,25
2026-09-06,06:00,H-I,H,Ganga,I,Kahalgaon,32.49,31.09,32.87,25
2026-09-06,06:00,H-J,H,Ganga,J,Farakka,23.23,22.25,25.14,25
2026-09-06,06:00,I-A,I,Punpun,A,Sripalpur,53.42,50.6,53.91,0
2026-09-06,06:00,J-A,J,Adhwara,A,Sonbarsa,78.74,81.85,83.75,0
2026-09-06,06:00,J-B,J,Adhwara,B,Sundarpur,58.4,61.7,64.1,108
2026-09-06,06:00,J-C,J,Adhwara,C,Pupri,51.2,55.79,56.95,50
2026-09-06,06:00,K-A,K,Khiroi,A,Kamtaul,47.66,50,53.05,0
2026-09-06,06:00,K-B,K,Khiroi,B,Ekmighat,43.03,46.94,49.52,50
2026-09-06,06:00,L-A,L,Mahananda,A,Taibpur,63.48,66,67.26,0
2026-09-06,06:00,L-B,L,Mahananda,B,Dhangaraghat,33.81,35.65,38.2,50
2026-09-06,06:00,M-A,M,Ghaghra,A,Darauli,61.31,60.82,61.82,0
2026-09-06,06:00,M-B,M,Ghaghra,B,Gangpur Siswan,57.03,57.04,58.26,50
2026-09-06,14:00,A-A,A,Gandak,A,Khada,94.96,96,97.5,0
2026-09-06,14:00,A-B,A,Gandak,B,Chatia,67.07,69.15,70.04,25
2026-09-06,14:00,A-C,A,Gandak,C,Dumaria Ghat,62.82,62.22,64.36,25
2026-09-06,14:00,A-D,A,Gandak,D,Rewa Ghat,53.98,54.41,55.46,25
2026-09-06,14:00,A-E,A,Gandak,E,Hajipur,50.55,50.32,50.93,25
2026-09-06,14:00,B-A,B,Kosi,A,Basua,46.92,47.75,49.24,0
2026-09-06,14:00,B-B,B,Kosi,B,Baltara,35.06,33.85,36.4,25
2026-09-06,14:00,B-C,B,Kosi,C,Kursela,31.2,30,32.1,25
2026-09-06,14:00,C-A,C,Bagmati,A,Dheng,70.3,71,73.47,0
2026-09-06,14:00,C-B,C,Bagmati,B,Sonakhan,68.7,68.8,72.05,25
2026-09-06,14:00,C-C,C,Bagmati,C,Dubadhar,60.33,61.28,63.75,50
2026-09-06,14:00,C-D,C,Bagmati,D,Kansar,57.35,59.06,60.86,25
2026-09-06,14:00,C-E,C,Bagmati,E,Kataunjha,53.65,55,58.36,25
2026-09-06,14:00,C-F,C,Bagmati,F,Benibad,48.79,48.68,50.12,28
2026-09-06,14:00,C-G,C,Bagmati,G,Hayaghat,42.21,45.72,48.96,25
2026-09-06,14:00,D-A,D,Burhi Gandak,A,Sikandarpur,46.84,52.53,54.29,0
2026-09-06,14:00,D-B,D,Burhi Gandak,B,Samastipur,40.92,45.73,49.38,33
2026-09-06,14:00,D-C,D,Burhi Gandak,C,Rosara,39.2,42.63,46.56,25
2026-09-06,14:00,D-D,D,Burhi Gandak,D,Khagaria,38.3,36.58,39.22,25
2026-09-06,14:00,E-A,E,Kamla Balan,A,Jainagar,66.9,68.5,71.35,0
2026-09-06,14:00,E-B,E,Kamla Balan,B,Jhanjharpur,48.9,50.5,53.11,100
2026-09-06,14:00,F-A,F,Bhuthi Balan,A,Ekma,68.59,69.5,72.1,0
2026-09-06,14:00,G-A,G,Lalbakeya,A,Gowabari,69.55,71.15,73.86,0
2026-09-06,14:00,H-A,H,Ganga,A,Allahabad,81.43,84.73,88.03,0
2026-09-06,14:00,H-B,H,Ganga,B,Varanasi,69.76,71.26,73.9,67
2026-09-06,14:00,H-C,H,Ganga,C,Buxar,60.34,60.32,62.09,50
2026-09-06,14:00,H-D,H,Ganga,D,Digha,51.94,50.45,52.52,50
2026-09-06,14:00,H-E,H,Ganga,E,Gandhi Ghat,50.53,48.6,50.52,25
2026-09-06,14:00,H-F,H,Ganga,F,Hathidah,43.52,41.76,43.52,50
2026-09-06,14:00,H-G,H,Ganga,G,Munger,39.9,39.33,40.99,25
2026-09-06,14:00,H-H,H,Ganga,H,Bhagalpur,34.36,33.68,34.86,25
2026-09-06,14:00,H-I,H,Ganga,I,Kahalgaon,32.51,31.09,32.87,25
2026-09-06,14:00,H-J,H,Ganga,J,Farakka,23.33,22.25,25.14,25
2026-09-06,14:00,I-A,I,Punpun,A,Sripalpur,53.45,50.6,53.91,0
2026-09-06,14:00,J-A,J,Adhwara,A,Sonbarsa,78.8,81.85,83.75,0
2026-09-06,14:00,J-B,J,Adhwara,B,Sundarpur,58.4,61.7,64.1,108
2026-09-06,14:00,J-C,J,Adhwara,C,Pupri,51.2,55.79,56.95,50
2026-09-06,14:00,K-A,K,Khiroi,A,Kamtaul,47.6,50,53.05,0
2026-09-06,14:00,K-B,K,Khiroi,B,Ekmighat,43.03,46.94,49.52,50
2026-09-06,14:00,L-A,L,Mahananda,A,Taibpur,63.48,66,67.26,0
2026-09-06,14:00,L-B,L,Mahananda,B,Dhangaraghat,33.91,35.65,38.2,50
2026-09-06,14:00,M-A,M,Ghaghra,A,Darauli,61.31,60.82,61.82,0
2026-09-06,14:00,M-B,M,Ghaghra,B,Gangpur Siswan,57.08,57.04,58.26,50
2026-09-07,06:00,A-A,A,Gandak,A,Khada,94.88,96,97.5,0
2026-09-07,06:00,A-B,A,Gandak,B,Chatia,67.07,69.15,70.04,25
2026-09-07,06:00,A-C,A,Gandak,C,Dumaria Ghat,62.77,62.22,64.36,25
2026-09-07,06:00,A-D,A,Gandak,D,Rewa Ghat,53.93,54.41,55.46,25
2026-09-07,06:00,A-E,A,Gandak,E,Hajipur,50.47,50.32,50.93,25
2026-09-07,06:00,B-A,B,Kosi,A,Basua,47.02,47.75,49.24,0
2026-09-07,06:00,B-B,B,Kosi,B,Baltara,35.13,33.85,36.4,25
2026-09-07,06:00,B-C,B,Kosi,C,Kursela,31.28,30,32.1,25
2026-09-07,06:00,C-A,C,Bagmati,A,Dheng,70,71,73.47,0
2026-09-07,06:00,C-B,C,Bagmati,B,Sonakhan,68.46,68.8,72.05,25
2026-09-07,06:00,C-C,C,Bagmati,C,Dubadhar,60.18,61.28,63.75,50
2026-09-07,06:00,C-D,C,Bagmati,D,Kansar,57.4,59.06,60.86,25
2026-09-07,06:00,C-E,C,Bagmati,E,Kataunjha,53.9,55,58.36,25
2026-09-07,06:00,C-F,C,Bagmati,F,Benibad,48.93,48.68,50.12,28
2026-09-07,06:00,C-G,C,Bagmati,G,Hayaghat,42.27,45.72,48.96,25
2026-09-07,06:00,D-A,D,Burhi Gandak,A,Sikandarpur,46.84,52.53,54.29,0
2026-09-07,06:00,D-B,D,Burhi Gandak,B,Samastipur,40.82,45.73,49.38,33
2026-09-07,06:00,D-C,D,Burhi Gandak,C,Rosara,39.27,42.63,46.56,25
2026-09-07,06:00,D-D,D,Burhi Gandak,D,Khagaria,38.5,36.58,39.22,25
2026-09-07,06:00,E-A,E,Kamla Balan,A,Jainagar,67,68.5,71.35,0
2026-09-07,06:00,E-B,E,Kamla Balan,B,Jhanjharpur,49.3,50.5,53.11,100
2026-09-07,06:00,F-A,F,Bhuthi Balan,A,Ekma,68.59,69.5,72.1,0
2026-09-07,06:00,G-A,G,Lalbakeya,A,Gowabari,69.5,71.15,73.86,0
2026-09-07,06:00,H-A,H,Ganga,A,Allahabad,81.36,84.73,88.03,0
2026-09-07,06:00,H-B,H,Ganga,B,Varanasi,69.62,71.26,73.9,67
2026-09-07,06:00,H-C,H,Ganga,C,Buxar,60.19,60.32,62.09,50
2026-09-07,06:00,H-D,H,Ganga,D,Digha,51.78,50.45,52.52,50
2026-09-07,06:00,H-E,H,Ganga,E,Gandhi Ghat,50.41,48.6,50.52,25
2026-09-07,06:00,H-F,H,Ganga,F,Hathidah,43.52,41.76,43.52,50
2026-09-07,06:00,H-G,H,Ganga,G,Munger,40.06,39.33,40.99,25
2026-09-07,06:00,H-H,H,Ganga,H,Bhagalpur,34.44,33.68,34.86,25
2026-09-07,06:00,H-I,H,Ganga,I,Kahalgaon,32.61,31.09,32.87,25
2026-09-07,06:00,H-J,H,Ganga,J,Farakka,23.42,22.25,25.14,25
2026-09-07,06:00,I-A,I,Punpun,A,Sripalpur,53.47,50.6,53.91,0
2026-09-07,06:00,J-A,J,Adhwara,A,Sonbarsa,78.85,81.85,83.75,0
2026-09-07,06:00,J-B,J,Adhwara,B,Sundarpur,58.4,61.7,64.1,108
2026-09-07,06:00,J-C,J,Adhwara,C,Pupri,51.2,55.79,56.95,50
2026-09-07,06:00,K-A,K,Khiroi,A,Kamtaul,47.52,50,53.05,0
2026-09-07,06:00,K-B,K,Khiroi,B,Ekmighat,42.99,46.94,49.52,50
2026-09-07,06:00,L-A,L,Mahananda,A,Taibpur,63.45,66,67.26,0
2026-09-07,06:00,L-B,L,Mahananda,B,Dhangaraghat,33.9,35.65,38.2,50
2026-09-07,06:00,M-A,M,Ghaghra,A,Darauli,61.33,60.82,61.82,0
2026-09-07,06:00,M-B,M,Ghaghra,B,Gangpur Siswan,57.14,57.04,58.26,50
2026-09-07,14:00,A-A,A,Gandak,A,Khada,94.9,96,97.5,0
2026-09-07,14:00,A-B,A,Gandak,B,Chatia,67.03,69.15,70.04,25
2026-09-07,14:00,A-C,A,Gandak,C,Dumaria Ghat,62.81,62.22,64.36,25
2026-09-07,14:00,A-D,A,Gandak,D,Rewa Ghat,53.93,54.41,55.46,25
2026-09-07,14:00,A-E,A,Gandak,E,Hajipur,50.43,50.32,50.93,25
2026-09-07,14:00,B-A,B,Kosi,A,Basua,47.06,47.75,49.24,0
2026-09-07,14:00,B-B,B,Kosi,B,Baltara,35.13,33.85,36.4,25
2026-09-07,14:00,B-C,B,Kosi,C,Kursela,31.32,30,32.1,25
2026-09-07,14:00,C-A,C,Bagmati,A,Dheng,69.92,71,73.47,0
2026-09-07,14:00,C-B,C,Bagmati,B,Sonakhan,68.32,68.8,72.05,25
2026-09-07,14:00,C-C,C,Bagmati,C,Dubadhar,60.14,61.28,63.75,50
2026-09-07,14:00,C-D,C,Bagmati,D,Kansar,57.25,59.06,60.86,25
2026-09-07,14:00,C-E,C,Bagmati,E,Kataunjha,53.7,55,58.36,25
2026-09-07,14:00,C-F,C,Bagmati,F,Benibad,48.93,48.68,50.12,28
2026-09-07,14:00,C-G,C,Bagmati,G,Hayaghat,42.41,45.72,48.96,25
2026-09-07,14:00,D-A,D,Burhi Gandak,A,Sikandarpur,46.8,52.53,54.29,0
2026-09-07,14:00,D-B,D,Burhi Gandak,B,Samastipur,40.78,45.73,49.38,33
2026-09-07,14:00,D-C,D,Burhi Gandak,C,Rosara,39.31,42.63,46.56,25
2026-09-07,14:00,D-D,D,Burhi Gandak,D,Khagaria,38.52,36.58,39.22,25
2026-09-07,14:00,E-A,E,Kamla Balan,A,Jainagar,67,68.5,71.35,0
2026-09-07,14:00,E-B,E,Kamla Balan,B,Jhanjharpur,49.43,50.5,53.11,100
2026-09-07,14:00,F-A,F,Bhuthi Balan,A,Ekma,68.59,69.5,72.1,0
2026-09-07,14:00,G-A,G,Lalbakeya,A,Gowabari,69.5,71.15,73.86,0
2026-09-07,14:00,H-A,H,Ganga,A,Allahabad,81.12,84.73,88.03,0
2026-09-07,14:00,H-B,H,Ganga,B,Varanasi,69.6,71.26,73.9,67
2026-09-07,14:00,H-C,H,Ganga,C,Buxar,60.18,60.32,62.09,50
2026-09-07,14:00,H-D,H,Ganga,D,Digha,51.7,50.45,52.52,50
2026-09-07,14:00,H-E,H,Ganga,E,Gandhi Ghat,50.36,48.6,50.52,25
2026-09-07,14:00,H-F,H,Ganga,F,Hathidah,43.48,41.76,43.52,50
2026-09-07,14:00,H-G,H,Ganga,G,Munger,40.1,39.33,40.99,25
2026-09-07,14:00,H-H,H,Ganga,H,Bhagalpur,34.52,33.68,34.86,25
2026-09-07,14:00,H-I,H,Ganga,I,Kahalgaon,32.69,31.09,32.87,25
2026-09-07,14:00,H-J,H,Ganga,J,Farakka,23.49,22.25,25.14,25
2026-09-07,14:00,I-A,I,Punpun,A,Sripalpur,53.53,50.6,53.91,0
2026-09-07,14:00,J-A,J,Adhwara,A,Sonbarsa,78.85,81.85,83.75,0
2026-09-07,14:00,J-B,J,Adhwara,B,Sundarpur,58.4,61.7,64.1,108
2026-09-07,14:00,J-C,J,Adhwara,C,Pupri,51.2,55.79,56.95,50
2026-09-07,14:00,K-A,K,Khiroi,A,Kamtaul,47.44,50,53.05,0
2026-09-07,14:00,K-B,K,Khiroi,B,Ekmighat,43.03,46.94,49.52,50
2026-09-07,14:00,L-A,L,Mahananda,A,Taibpur,63.5,66,67.26,0
2026-09-07,14:00,L-B,L,Mahananda,B,Dhangaraghat,33.9,35.65,38.2,50
2026-09-07,14:00,M-A,M,Ghaghra,A,Darauli,61.35,60.82,61.82,0
2026-09-07,14:00,M-B,M,Ghaghra,B,Gangpur Siswan,57.17,57.04,58.26,50
2026-09-08,06:00,A-A,A,Gandak,A,Khada,94.68,96,97.5,0
2026-09-08,06:00,A-B,A,Gandak,B,Chatia,67.03,69.15,70.04,25
2026-09-08,06:00,A-C,A,Gandak,C,Dumaria Ghat,62.75,62.22,64.36,25
2026-09-08,06:00,A-D,A,Gandak,D,Rewa Ghat,53.9,54.41,55.46,25
2026-09-08,06:00,A-E,A,Gandak,E,Hajipur,50.34,50.32,50.93,25
2026-09-08,06:00,B-A,B,Kosi,A,Basua,47.25,47.75,49.24,0
2026-09-08,06:00,B-B,B,Kosi,B,Baltara,35.15,33.85,36.4,25
2026-09-08,06:00,B-C,B,Kosi,C,Kursela,31.4,30,32.1,25
2026-09-08,06:00,C-A,C,Bagmati,A,Dheng,70.05,71,73.47,0
2026-09-08,06:00,C-B,C,Bagmati,B,Sonakhan,68.5,68.8,72.05,25
2026-09-08,06:00,C-C,C,Bagmati,C,Dubadhar,60.38,61.28,63.75,50
2026-09-08,06:00,C-D,C,Bagmati,D,Kansar,57.5,59.06,60.86,25
2026-09-08,06:00,C-E,C,Bagmati,E,Kataunjha,53.9,55,58.36,25
2026-09-08,06:00,C-F,C,Bagmati,F,Benibad,48.93,48.68,50.12,28
2026-09-08,06:00,C-G,C,Bagmati,G,Hayaghat,42.41,45.72,48.96,25
2026-09-08,06:00,D-A,D,Burhi Gandak,A,Sikandarpur,46.64,52.53,54.29,0
2026-09-08,06:00,D-B,D,Burhi Gandak,B,Samastipur,40.72,45.73,49.38,33
2026-09-08,06:00,D-C,D,Burhi Gandak,C,Rosara,39.39,42.63,46.56,25
2026-09-08,06:00,D-D,D,Burhi Gandak,D,Khagaria,38.56,36.58,39.22,25
2026-09-08,06:00,E-A,E,Kamla Balan,A,Jainagar,67.1,68.5,71.35,0
2026-09-08,06:00,E-B,E,Kamla Balan,B,Jhanjharpur,49.2,50.5,53.11,100
2026-09-08,06:00,F-A,F,Bhuthi Balan,A,Ekma,68.59,69.5,72.1,0
2026-09-08,06:00,G-A,G,Lalbakeya,A,Gowabari,69.7,71.15,73.86,0
2026-09-08,06:00,H-A,H,Ganga,A,Allahabad,80.98,84.73,88.03,0
2026-09-08,06:00,H-B,H,Ganga,B,Varanasi,69.34,71.26,73.9,67
2026-09-08,06:00,H-C,H,Ganga,C,Buxar,60.12,60.32,62.09,50
2026-09-08,06:00,H-D,H,Ganga,D,Digha,51.54,50.45,52.52,50
2026-09-08,06:00,H-E,H,Ganga,E,Gandhi Ghat,50.31,48.6,50.52,25
2026-09-08,06:00,H-F,H,Ganga,F,Hathidah,43.41,41.76,43.52,50
2026-09-08,06:00,H-G,H,Ganga,G,Munger,40.08,39.33,40.99,25
2026-09-08,06:00,H-H,H,Ganga,H,Bhagalpur,34.6,33.68,34.86,25
2026-09-08,06:00,H-I,H,Ganga,I,Kahalgaon,32.77,31.09,32.87,25
2026-09-08,06:00,H-J,H,Ganga,J,Farakka,23.56,22.25,25.14,25
2026-09-08,06:00,I-A,I,Punpun,A,Sripalpur,53.55,50.6,53.91,0
2026-09-08,06:00,J-A,J,Adhwara,A,Sonbarsa,78.85,81.85,83.75,0
2026-09-08,06:00,J-B,J,Adhwara,B,Sundarpur,58.4,61.7,64.1,108
2026-09-08,06:00,J-C,J,Adhwara,C,Pupri,51.2,55.79,56.95,50
2026-09-08,06:00,K-A,K,Khiroi,A,Kamtaul,47.28,50,53.05,0
2026-09-08,06:00,K-B,K,Khiroi,B,Ekmighat,43.11,46.94,49.52,50
2026-09-08,06:00,L-A,L,Mahananda,A,Taibpur,63.52,66,67.26,0
2026-09-08,06:00,L-B,L,Mahananda,B,Dhangaraghat,33.95,35.65,38.2,50
2026-09-08,06:00,M-A,M,Ghaghra,A,Darauli,61.37,60.82,61.82,0
2026-09-08,06:00,M-B,M,Ghaghra,B,Gangpur Siswan,57.2,57.04,58.26,50
2026-09-08,14:00,A-A,A,Gandak,A,Khada,94.78,96,97.5,0
2026-09-08,14:00,A-B,A,Gandak,B,Chatia,67.03,69.15,70.04,25
2026-09-08,14:00,A-C,A,Gandak,C,Dumaria Ghat,62.73,62.22,64.36,25
2026-09-08,14:00,A-D,A,Gandak,D,Rewa Ghat,53.89,54.41,55.46,25
2026-09-08,14:00,A-E,A,Gandak,E,Hajipur,50.29,50.32,50.93,25
2026-09-08,14:00,B-A,B,Kosi,A,Basua,47.27,47.75,49.24,0
2026-09-08,14:00,B-B,B,Kosi,B,Baltara,35.19,33.85,36.4,25
2026-09-08,14:00,B-C,B,Kosi,C,Kursela,31.42,30,32.1,25
2026-09-08,14:00,C-A,C,Bagmati,A,Dheng,70.08,71,73.47,0
2026-09-08,14:00,C-B,C,Bagmati,B,Sonakhan,68.53,68.8,72.05,25
2026-09-08,14:00,C-C,C,Bagmati,C,Dubadhar,60.26,61.28,63.75,50
2026-09-08,14:00,C-D,C,Bagmati,D,Kansar,57.45,59.06,60.86,25
2026-09-08,14:00,C-E,C,Bagmati,E,Kataunjha,53.85,55,58.36,25
2026-09-08,14:00,C-F,C,Bagmati,F,Benibad,48.93,48.68,50.12,28
2026-09-08,14:00,C-G,C,Bagmati,G,Hayaghat,42.41,45.72,48.96,25
2026-09-08,14:00,D-A,D,Burhi Gandak,A,Sikandarpur,46.64,52.53,54.29,0
2026-09-08,14:00,D-B,D,Burhi Gandak,B,Samastipur,40.72,45.73,49.38,33
2026-09-08,14:00,D-C,D,Burhi Gandak,C,Rosara,39.43,42.63,46.56,25
2026-09-08,14:00,D-D,D,Burhi Gandak,D,Khagaria,38.57,36.58,39.22,25
2026-09-08,14:00,E-A,E,Kamla Balan,A,Jainagar,67.1,68.5,71.35,0
2026-09-08,14:00,E-B,E,Kamla Balan,B,Jhanjharpur,49.14,50.5,53.11,100
2026-09-08,14:00,F-A,F,Bhuthi Balan,A,Ekma,68.59,69.5,72.1,0
2026-09-08,14:00,G-A,G,Lalbakeya,A,Gowabari,69.7,71.15,73.86,0
2026-09-08,14:00,H-A,H,Ganga,A,Allahabad,80.9,84.73,88.03,0
2026-09-08,14:00,H-B,H,Ganga,B,Varanasi,69.28,71.26,73.9,67
2026-09-08,14:00,H-C,H,Ganga,C,Buxar,60.05,60.32,62.09,50
2026-09-08,14:00,H-D,H,Ganga,D,Digha,51.46,50.45,52.52,50
2026-09-08,14:00,H-E,H,Ganga,E,Gandhi Ghat,50.21,48.6,50.52,25
2026-09-08,14:00,H-F,H,Ganga,F,Hathidah,43.39,41.76,43.52,50
2026-09-08,14:00,H-G,H,Ganga,G,Munger,40,39.33,40.99,25
2026-09-08,14:00,H-H,H,Ganga,H,Bhagalpur,34.6,33.68,34.86,25
2026-09-08,14:00,H-I,H,Ganga,I,Kahalgaon,32.77,31.09,32.87,25
2026-09-08,14:00,H-J,H,Ganga,J,Farakka,23.62,22.25,25.14,25
2026-09-08,14:00,I-A,I,Punpun,A,Sripalpur,53.5,50.6,53.91,0
2026-09-08,14:00,J-A,J,Adhwara,A,Sonbarsa,78.86,81.85,83.75,0
2026-09-08,14:00,J-B,J,Adhwara,B,Sundarpur,58.35,61.7,64.1,108
2026-09-08,14:00,J-C,J,Adhwara,C,Pupri,51.15,55.79,56.95,50
2026-09-08,14:00,K-A,K,Khiroi,A,Kamtaul,47.26,50,53.05,0
2026-09-08,14:00,K-B,K,Khiroi,B,Ekmighat,43.06,46.94,49.52,50
2026-09-08,14:00,L-A,L,Mahananda,A,Taibpur,63.5,66,67.26,0
2026-09-08,14:00,L-B,L,Mahananda,B,Dhangaraghat,33.96,35.65,38.2,50
2026-09-08,14:00,M-A,M,Ghaghra,A,Darauli,61.39,60.82,61.82,0
2026-09-08,14:00,M-B,M,Ghaghra,B,Gangpur Siswan,57.2,57.04,58.26,50
2026-09-09,06:00,A-A,A,Gandak,A,Khada,94.56,96,97.5,0
2026-09-09,06:00,A-B,A,Gandak,B,Chatia,67.14,69.15,70.04,25
2026-09-09,06:00,A-C,A,Gandak,C,Dumaria Ghat,62.6,62.22,64.36,25
2026-09-09,06:00,A-D,A,Gandak,D,Rewa Ghat,53.8,54.41,55.46,25
2026-09-09,06:00,A-E,A,Gandak,E,Hajipur,50.19,50.32,50.93,25
2026-09-09,06:00,B-A,B,Kosi,A,Basua,47.05,47.75,49.24,0
2026-09-09,06:00,B-B,B,Kosi,B,Baltara,35.26,33.85,36.4,25
2026-09-09,06:00,B-C,B,Kosi,C,Kursela,31.55,30,32.1,25
2026-09-09,06:00,C-A,C,Bagmati,A,Dheng,69.95,71,73.47,0
2026-09-09,06:00,C-B,C,Bagmati,B,Sonakhan,68.34,68.8,72.05,25
2026-09-09,06:00,C-C,C,Bagmati,C,Dubadhar,60,61.28,63.75,50
2026-09-09,06:00,C-D,C,Bagmati,D,Kansar,57.25,59.06,60.86,25
2026-09-09,06:00,C-E,C,Bagmati,E,Kataunjha,53.7,55,58.36,25
2026-09-09,06:00,C-F,C,Bagmati,F,Benibad,49.16,48.68,50.12,28
2026-09-09,06:00,C-G,C,Bagmati,G,Hayaghat,42.53,45.72,48.96,25
2026-09-09,06:00,D-A,D,Burhi Gandak,A,Sikandarpur,46.72,52.53,54.29,0
2026-09-09,06:00,D-B,D,Burhi Gandak,B,Samastipur,40.72,45.73,49.38,33
2026-09-09,06:00,D-C,D,Burhi Gandak,C,Rosara,39.5,42.63,46.56,25
2026-09-09,06:00,D-D,D,Burhi Gandak,D,Khagaria,38.55,36.58,39.22,25
2026-09-09,06:00,E-A,E,Kamla Balan,A,Jainagar,67.6,68.5,71.35,0
2026-09-09,06:00,E-B,E,Kamla Balan,B,Jhanjharpur,49.6,50.5,53.11,100
2026-09-09,06:00,F-A,F,Bhuthi Balan,A,Ekma,68.59,69.5,72.1,0
2026-09-09,06:00,G-A,G,Lalbakeya,A,Gowabari,70.35,71.15,73.86,0
2026-09-09,06:00,H-A,H,Ganga,A,Allahabad,80.99,84.73,88.03,0
2026-09-09,06:00,H-B,H,Ganga,B,Varanasi,69.15,71.26,73.9,67
2026-09-09,06:00,H-C,H,Ganga,C,Buxar,59.89,60.32,62.09,50
2026-09-09,06:00,H-D,H,Ganga,D,Digha,51.3,50.45,52.52,50
2026-09-09,06:00,H-E,H,Ganga,E,Gandhi Ghat,50.12,48.6,50.52,25
2026-09-09,06:00,H-F,H,Ganga,F,Hathidah,43.31,41.76,43.52,50
2026-09-09,06:00,H-G,H,Ganga,G,Munger,39.93,39.33,40.99,25
2026-09-09,06:00,H-H,H,Ganga,H,Bhagalpur,34.6,33.68,34.86,25
2026-09-09,06:00,H-I,H,Ganga,I,Kahalgaon,32.81,31.09,32.87,25
2026-09-09,06:00,H-J,H,Ganga,J,Farakka,23.69,22.25,25.14,25
2026-09-09,06:00,I-A,I,Punpun,A,Sripalpur,53.2,50.6,53.91,0
2026-09-09,06:00,J-A,J,Adhwara,A,Sonbarsa,79.6,81.85,83.75,0
2026-09-09,06:00,J-B,J,Adhwara,B,Sundarpur,58.4,61.7,64.1,108
2026-09-09,06:00,J-C,J,Adhwara,C,Pupri,51.2,55.79,56.95,50
2026-09-09,06:00,K-A,K,Khiroi,A,Kamtaul,47.24,50,53.05,0
2026-09-09,06:00,K-B,K,Khiroi,B,Ekmighat,43.25,46.94,49.52,50
2026-09-09,06:00,L-A,L,Mahananda,A,Taibpur,63.49,66,67.26,0
2026-09-09,06:00,L-B,L,Mahananda,B,Dhangaraghat,34.01,35.65,38.2,50
2026-09-09,06:00,M-A,M,Ghaghra,A,Darauli,61.41,60.82,61.82,0
2026-09-09,06:00,M-B,M,Ghaghra,B,Gangpur Siswan,57.23,57.04,58.26,50
2026-09-09,14:00,A-A,A,Gandak,A,Khada,94.7,96,97.5,0
2026-09-09,14:00,A-B,A,Gandak,B,Chatia,67.11,69.15,70.04,25
2026-09-09,14:00,A-C,A,Gandak,C,Dumaria Ghat,62.55,62.22,64.36,25
2026-09-09,14:00,A-D,A,Gandak,D,Rewa Ghat,53.72,54.41,55.46,25
2026-09-09,14:00,A-E,A,Gandak,E,Hajipur,50.16,50.32,50.93,25
2026-09-09,14:00,B-A,B,Kosi,A,Basua,46.97,47.75,49.24,0
2026-09-09,14:00,B-B,B,Kosi,B,Baltara,35.22,33.85,36.4,25
2026-09-09,14:00,B-C,B,Kosi,C,Kursela,31.5,30,32.1,25
2026-09-09,14:00,C-A,C,Bagmati,A,Dheng,70.2,71,73.47,0
2026-09-09,14:00,C-B,C,Bagmati,B,Sonakhan,68.6,68.8,72.05,25
2026-09-09,14:00,C-C,C,Bagmati,C,Dubadhar,60.18,61.28,63.75,50
2026-09-09,14:00,C-D,C,Bagmati,D,Kansar,57.25,59.06,60.86,25
2026-09-09,14:00,C-E,C,Bagmati,E,Kataunjha,53.65,55,58.36,25
2026-09-09,14:00,C-F,C,Bagmati,F,Benibad,49.01,48.68,50.12,28
2026-09-09,14:00,C-G,C,Bagmati,G,Hayaghat,42.53,45.72,48.96,25
2026-09-09,14:00,D-A,D,Burhi Gandak,A,Sikandarpur,46.76,52.53,54.29,0
2026-09-09,14:00,D-B,D,Burhi Gandak,B,Samastipur,40.72,45.73,49.38,33
2026-09-09,14:00,D-C,D,Burhi Gandak,C,Rosara,39.51,42.63,46.56,25
2026-09-09,14:00,D-D,D,Burhi Gandak,D,Khagaria,38.53,36.58,39.22,25
2026-09-09,14:00,E-A,E,Kamla Balan,A,Jainagar,67.4,68.5,71.35,0
2026-09-09,14:00,E-B,E,Kamla Balan,B,Jhanjharpur,49.75,50.5,53.11,100
2026-09-09,14:00,F-A,F,Bhuthi Balan,A,Ekma,68.59,69.5,72.1,0
2026-09-09,14:00,G-A,G,Lalbakeya,A,Gowabari,69.85,71.15,73.86,0
2026-09-09,14:00,H-A,H,Ganga,A,Allahabad,81.07,84.73,88.03,0
2026-09-09,14:00,H-B,H,Ganga,B,Varanasi,69.16,71.26,73.9,67
2026-09-09,14:00,H-C,H,Ganga,C,Buxar,59.87,60.32,62.09,50
2026-09-09,14:00,H-D,H,Ganga,D,Digha,51.22,50.45,52.52,50
2026-09-09,14:00,H-E,H,Ganga,E,Gandhi Ghat,50.06,48.6,50.52,25
2026-09-09,14:00,H-F,H,Ganga,F,Hathidah,43.28,41.76,43.52,50
2026-09-09,14:00,H-G,H,Ganga,G,Munger,39.9,39.33,40.99,25
2026-09-09,14:00,H-H,H,Ganga,H,Bhagalpur,34.6,33.68,34.86,25
2026-09-09,14:00,H-I,H,Ganga,I,Kahalgaon,32.81,31.09,32.87,25
2026-09-09,14:00,H-J,H,Ganga,J,Farakka,23.75,22.25,25.14,25
2026-09-09,14:00,I-A,I,Punpun,A,Sripalpur,53.04,50.6,53.91,0
2026-09-09,14:00,J-A,J,Adhwara,A,Sonbarsa,79.6,81.85,83.75,0
2026-09-09,14:00,J-B,J,Adhwara,B,Sundarpur,58.4,61.7,64.1,108
2026-09-09,14:00,J-C,J,Adhwara,C,Pupri,51.27,55.79,56.95,50
2026-09-09,14:00,K-A,K,Khiroi,A,Kamtaul,47.24,50,53.05,0
2026-09-09,14:00,K-B,K,Khiroi,B,Ekmighat,43.14,46.94,49.52,50
2026-09-09,14:00,L-A,L,Mahananda,A,Taibpur,63.6,66,67.26,0
2026-09-09,14:00,L-B,L,Mahananda,B,Dhangaraghat,34.05,35.65,38.2,50
2026-09-09,14:00,M-A,M,Ghaghra,A,Darauli,61.45,60.82,61.82,0
2026-09-09,14:00,M-B,M,Ghaghra,B,Gangpur Siswan,57.23,57.04,58.26,50
2026-09-10,06:00,A-A,A,Gandak,A,Khada,94.65,96,97.5,0
2026-09-10,06:00,A-B,A,Gandak,B,Chatia,67.05,69.15,70.04,25
2026-09-10,06:00,A-C,A,Gandak,C,Dumaria Ghat,62.42,62.22,64.36,25
2026-09-10,06:00,A-D,A,Gandak,D,Rewa Ghat,53.52,54.41,55.46,25
2026-09-10,06:00,A-E,A,Gandak,E,Hajipur,50.07,50.32,50.93,25
2026-09-10,06:00,B-A,B,Kosi,A,Basua,47.02,47.75,49.24,0
2026-09-10,06:00,B-B,B,Kosi,B,Baltara,35.22,33.85,36.4,25
2026-09-10,06:00,B-C,B,Kosi,C,Kursela,31.5,30,32.1,25
2026-09-10,06:00,C-A,C,Bagmati,A,Dheng,70.1,71,73.47,0
2026-09-10,06:00,C-B,C,Bagmati,B,Sonakhan,68.5,68.8,72.05,25
2026-09-10,06:00,C-C,C,Bagmati,C,Dubadhar,60.23,61.28,63.75,50
2026-09-10,06:00,C-D,C,Bagmati,D,Kansar,57.3,59.06,60.86,25
2026-09-10,06:00,C-E,C,Bagmati,E,Kataunjha,53.6,55,58.36,25
2026-09-10,06:00,C-F,C,Bagmati,F,Benibad,48.78,48.68,50.12,28
2026-09-10,06:00,C-G,C,Bagmati,G,Hayaghat,42.37,45.72,48.96,25
2026-09-10,06:00,D-A,D,Burhi Gandak,A,Sikandarpur,46.92,52.53,54.29,0
2026-09-10,06:00,D-B,D,Burhi Gandak,B,Samastipur,40.72,45.73,49.38,33
2026-09-10,06:00,D-C,D,Burhi Gandak,C,Rosara,39.52,42.63,46.56,25
2026-09-10,06:00,D-D,D,Burhi Gandak,D,Khagaria,38.46,36.58,39.22,25
2026-09-10,06:00,E-A,E,Kamla Balan,A,Jainagar,67.3,68.5,71.35,0
2026-09-10,06:00,E-B,E,Kamla Balan,B,Jhanjharpur,49.6,50.5,53.11,100
2026-09-10,06:00,F-A,F,Bhuthi Balan,A,Ekma,68.74,69.5,72.1,0
2026-09-10,06:00,G-A,G,Lalbakeya,A,Gowabari,70,71.15,73.86,0
2026-09-10,06:00,H-A,H,Ganga,A,Allahabad,81.13,84.73,88.03,0
2026-09-10,06:00,H-B,H,Ganga,B,Varanasi,69.27,71.26,73.9,67
2026-09-10,06:00,H-C,H,Ganga,C,Buxar,59.85,60.32,62.09,50
2026-09-10,06:00,H-D,H,Ganga,D,Digha,51.14,50.45,52.52,50
2026-09-10,06:00,H-E,H,Ganga,E,Gandhi Ghat,49.98,48.6,50.52,25
2026-09-10,06:00,H-F,H,Ganga,F,Hathidah,43.17,41.76,43.52,50
2026-09-10,06:00,H-G,H,Ganga,G,Munger,39.86,39.33,40.99,25
2026-09-10,06:00,H-H,H,Ganga,H,Bhagalpur,34.6,33.68,34.86,25
2026-09-10,06:00,H-I,H,Ganga,I,Kahalgaon,32.81,31.09,32.87,25
2026-09-10,06:00,H-J,H,Ganga,J,Farakka,23.8,22.25,25.14,25
2026-09-10,06:00,I-A,I,Punpun,A,Sripalpur,52.4,50.6,53.91,0
2026-09-10,06:00,J-A,J,Adhwara,A,Sonbarsa,79.6,81.85,83.75,0
2026-09-10,06:00,J-B,J,Adhwara,B,Sundarpur,58.38,61.7,64.1,108
2026-09-10,06:00,J-C,J,Adhwara,C,Pupri,51.35,55.79,56.95,50
2026-09-10,06:00,K-A,K,Khiroi,A,Kamtaul,47.24,50,53.05,0
2026-09-10,06:00,K-B,K,Khiroi,B,Ekmighat,43.04,46.94,49.52,50
2026-09-10,06:00,L-A,L,Mahananda,A,Taibpur,63.58,66,67.26,0
2026-09-10,06:00,L-B,L,Mahananda,B,Dhangaraghat,33.94,35.65,38.2,50
2026-09-10,06:00,M-A,M,Ghaghra,A,Darauli,61.49,60.82,61.82,0
2026-09-10,06:00,M-B,M,Ghaghra,B,Gangpur Siswan,57.23,57.04,58.26,50
2026-09-10,14:00,A-A,A,Gandak,A,Khada,94.75,96,97.5,0
2026-09-10,14:00,A-B,A,Gandak,B,Chatia,66.97,69.15,70.04,25
2026-09-10,14:00,A-C,A,Gandak,C,Dumaria Ghat,62.38,62.22,64.36,25
2026-09-10,14:00,A-D,A,Gandak,D,Rewa Ghat,53.43,54.41,55.46,25
2026-09-10,14:00,A-E,A,Gandak,E,Hajipur,50.01,50.32,50.93,25
2026-09-10,14:00,B-A,B,Kosi,A,Basua,46.97,47.75,49.24,0
2026-09-10,14:00,B-B,B,Kosi,B,Baltara,35.18,33.85,36.4,25
2026-09-10,14:00,B-C,B,Kosi,C,Kursela,31.54,30,32.1,25
2026-09-10,14:00,C-A,C,Bagmati,A,Dheng,70.09,71,73.47,0
2026-09-10,14:00,C-B,C,Bagmati,B,Sonakhan,68.55,68.8,72.05,25
2026-09-10,14:00,C-C,C,Bagmati,C,Dubadhar,60.36,61.28,63.75,50
2026-09-10,14:00,C-D,C,Bagmati,D,Kansar,57.75,59.06,60.86,25
2026-09-10,14:00,C-E,C,Bagmati,E,Kataunjha,53.9,55,58.36,25
2026-09-10,14:00,C-F,C,Bagmati,F,Benibad,48.78,48.68,50.12,28
2026-09-10,14:00,C-G,C,Bagmati,G,Hayaghat,42.35,45.72,48.96,25
2026-09-10,14:00,D-A,D,Burhi Gandak,A,Sikandarpur,47,52.53,54.29,0
2026-09-10,14:00,D-B,D,Burhi Gandak,B,Samastipur,40.72,45.73,49.38,33
2026-09-10,14:00,D-C,D,Burhi Gandak,C,Rosara,39.47,42.63,46.56,25
2026-09-10,14:00,D-D,D,Burhi Gandak,D,Khagaria,38.42,36.58,39.22,25
2026-09-10,14:00,E-A,E,Kamla Balan,A,Jainagar,67.4,68.5,71.35,0
2026-09-10,14:00,E-B,E,Kamla Balan,B,Jhanjharpur,49.51,50.5,53.11,100
2026-09-10,14:00,F-A,F,Bhuthi Balan,A,Ekma,68.59,69.5,72.1,0
2026-09-10,14:00,G-A,G,Lalbakeya,A,Gowabari,69.75,71.15,73.86,0
2026-09-10,14:00,H-A,H,Ganga,A,Allahabad,81.11,84.73,88.03,0
2026-09-10,14:00,H-B,H,Ganga,B,Varanasi,69.31,71.26,73.9,67
2026-09-10,14:00,H-C,H,Ganga,C,Buxar,59.84,60.32,62.09,50
2026-09-10,14:00,H-D,H,Ganga,D,Digha,51.12,50.45,52.52,50
2026-09-10,14:00,H-E,H,Ganga,E,Gandhi Ghat,49.9,48.6,50.52,25
2026-09-10,14:00,H-F,H,Ganga,F,Hathidah,43.14,41.76,43.52,50
2026-09-10,14:00,H-G,H,Ganga,G,Munger,39.82,39.33,40.99,25
2026-09-10,14:00,H-H,H,Ganga,H,Bhagalpur,34.58,33.68,34.86,25
2026-09-10,14:00,H-I,H,Ganga,I,Kahalgaon,32.81,31.09,32.87,25
2026-09-10,14:00,H-J,H,Ganga,J,Farakka,23.83,22.25,25.14,25
2026-09-10,14:00,I-A,I,Punpun,A,Sripalpur,52.24,50.6,53.91,0
2026-09-10,14:00,J-A,J,Adhwara,A,Sonbarsa,79.55,81.85,83.75,0
2026-09-10,14:00,J-B,J,Adhwara,B,Sundarpur,58.38,61.7,64.1,108
2026-09-10,14:00,J-C,J,Adhwara,C,Pupri,51.32,55.79,56.95,50
2026-09-10,14:00,K-A,K,Khiroi,A,Kamtaul,47.3,50,53.05,0
2026-09-10,14:00,K-B,K,Khiroi,B,Ekmighat,43.02,46.94,49.52,50
2026-09-10,14:00,L-A,L,Mahananda,A,Taibpur,63.53,66,67.26,0
2026-09-10,14:00,L-B,L,Mahananda,B,Dhangaraghat,34.06,35.65,38.2,50
2026-09-10,14:00,M-A,M,Ghaghra,A,Darauli,61.5,60.82,61.82,0
2026-09-10,14:00,M-B,M,Ghaghra,B,Gangpur Siswan,57.23,57.04,58.26,50
2026-09-11,06:00,A-A,A,Gandak,A,Khada,94.7,96,97.5,0
2026-09-11,06:00,A-B,A,Gandak,B,Chatia,66.89,69.15,70.04,25
2026-09-11,06:00,A-C,A,Gandak,C,Dumaria Ghat,62.3,62.22,64.36,25
2026-09-11,06:00,A-D,A,Gandak,D,Rewa Ghat,53.37,54.41,55.46,25
2026-09-11,06:00,A-E,A,Gandak,E,Hajipur,49.96,50.32,50.93,25
2026-09-11,06:00,B-A,B,Kosi,A,Basua,46.88,47.75,49.24,0
2026-09-11,06:00,B-B,B,Kosi,B,Baltara,35.14,33.85,36.4,25
2026-09-11,06:00,B-C,B,Kosi,C,Kursela,31.49,30,32.1,25
2026-09-11,06:00,C-A,C,Bagmati,A,Dheng,69.95,71,73.47,0
2026-09-11,06:00,C-B,C,Bagmati,B,Sonakhan,68.45,68.8,72.05,25
2026-09-11,06:00,C-C,C,Bagmati,C,Dubadhar,60.06,61.28,63.75,50
2026-09-11,06:00,C-D,C,Bagmati,D,Kansar,57.35,59.06,60.86,25
2026-09-11,06:00,C-E,C,Bagmati,E,Kataunjha,53.8,55,58.36,25
2026-09-11,06:00,C-F,C,Bagmati,F,Benibad,49.26,48.68,50.12,28
2026-09-11,06:00,C-G,C,Bagmati,G,Hayaghat,42.49,45.72,48.96,25
2026-09-11,06:00,D-A,D,Burhi Gandak,A,Sikandarpur,47.01,52.53,54.29,0
2026-09-11,06:00,D-B,D,Burhi Gandak,B,Samastipur,40.75,45.73,49.38,33
2026-09-11,06:00,D-C,D,Burhi Gandak,C,Rosara,39.35,42.63,46.56,25
2026-09-11,06:00,D-D,D,Burhi Gandak,D,Khagaria,38.36,36.58,39.22,25
2026-09-11,06:00,E-A,E,Kamla Balan,A,Jainagar,67.2,68.5,71.35,0
2026-09-11,06:00,E-B,E,Kamla Balan,B,Jhanjharpur,49.59,50.5,53.11,100
2026-09-11,06:00,F-A,F,Bhuthi Balan,A,Ekma,68.74,69.5,72.1,0
2026-09-11,06:00,G-A,G,Lalbakeya,A,Gowabari,69.5,71.15,73.86,0
2026-09-11,06:00,H-A,H,Ganga,A,Allahabad,81.02,84.73,88.03,0
2026-09-11,06:00,H-B,H,Ganga,B,Varanasi,69.33,71.26,73.9,67
2026-09-11,06:00,H-C,H,Ganga,C,Buxar,59.83,60.32,62.09,50
2026-09-11,06:00,H-D,H,Ganga,D,Digha,51.08,50.45,52.52,50
2026-09-11,06:00,H-E,H,Ganga,E,Gandhi Ghat,49.83,48.6,50.52,25
2026-09-11,06:00,H-F,H,Ganga,F,Hathidah,43.05,41.76,43.52,50
2026-09-11,06:00,H-G,H,Ganga,G,Munger,39.74,39.33,40.99,25
2026-09-11,06:00,H-H,H,Ganga,H,Bhagalpur,34.54,33.68,34.86,25
2026-09-11,06:00,H-I,H,Ganga,I,Kahalgaon,32.75,31.09,32.87,25
2026-09-11,06:00,H-J,H,Ganga,J,Farakka,23.85,22.25,25.14,25
2026-09-11,06:00,I-A,I,Punpun,A,Sripalpur,52.01,50.6,53.91,0
2026-09-11,06:00,J-A,J,Adhwara,A,Sonbarsa,79.55,81.85,83.75,0
2026-09-11,06:00,J-B,J,Adhwara,B,Sundarpur,58.4,61.7,64.1,108
2026-09-11,06:00,J-C,J,Adhwara,C,Pupri,51.3,55.79,56.95,50
2026-09-11,06:00,K-A,K,Khiroi,A,Kamtaul,47.36,50,53.05,0
2026-09-11,06:00,K-B,K,Khiroi,B,Ekmighat,43.08,46.94,49.52,50
2026-09-11,06:00,L-A,L,Mahananda,A,Taibpur,63.6,66,67.26,0
2026-09-11,06:00,L-B,L,Mahananda,B,Dhangaraghat,34.17,35.65,38.2,50
2026-09-11,06:00,M-A,M,Ghaghra,A,Darauli,61.51,60.82,61.82,0
2026-09-11,06:00,M-B,M,Ghaghra,B,Gangpur Siswan,57.23,57.04,58.26,50
2026-09-11,14:00,A-A,A,Gandak,A,Khada,94.71,96,97.5,0
2026-09-11,14:00,A-B,A,Gandak,B,Chatia,66.85,69.15,70.04,25
2026-09-11,14:00,A-C,A,Gandak,C,Dumaria Ghat,62.32,62.22,64.36,25
2026-09-11,14:00,A-D,A,Gandak,D,Rewa Ghat,53.25,54.41,55.46,25
2026-09-11,14:00,A-E,A,Gandak,E,Hajipur,49.93,50.32,50.93,25
2026-09-11,14:00,B-A,B,Kosi,A,Basua,46.85,47.75,49.24,0
2026-09-11,14:00,B-B,B,Kosi,B,Baltara,35.13,33.85,36.4,25
2026-09-11,14:00,B-C,B,Kosi,C,Kursela,31.51,30,32.1,25
2026-09-11,14:00,C-A,C,Bagmati,A,Dheng,70.55,71,73.47,0
2026-09-11,14:00,C-B,C,Bagmati,B,Sonakhan,68.9,68.8,72.05,25
2026-09-11,14:00,C-C,C,Bagmati,C,Dubadhar,60.48,61.28,63.75,50
2026-09-11,14:00,C-D,C,Bagmati,D,Kansar,57.15,59.06,60.86,25
2026-09-11,14:00,C-E,C,Bagmati,E,Kataunjha,53.75,55,58.36,25
2026-09-11,14:00,C-F,C,Bagmati,F,Benibad,49.14,48.68,50.12,28
2026-09-11,14:00,C-G,C,Bagmati,G,Hayaghat,42.61,45.72,48.96,25
2026-09-11,14:00,D-A,D,Burhi Gandak,A,Sikandarpur,47.09,52.53,54.29,0
2026-09-11,14:00,D-B,D,Burhi Gandak,B,Samastipur,40.79,45.73,49.38,33
2026-09-11,14:00,D-C,D,Burhi Gandak,C,Rosara,39.39,42.63,46.56,25
2026-09-11,14:00,D-D,D,Burhi Gandak,D,Khagaria,38.32,36.58,39.22,25
2026-09-11,14:00,E-A,E,Kamla Balan,A,Jainagar,67.4,68.5,71.35,0
2026-09-11,14:00,E-B,E,Kamla Balan,B,Jhanjharpur,49.57,50.5,53.11,100
2026-09-11,14:00,F-A,F,Bhuthi Balan,A,Ekma,68.74,69.5,72.1,0
2026-09-11,14:00,G-A,G,Lalbakeya,A,Gowabari,70.55,71.15,73.86,0
2026-09-11,14:00,H-A,H,Ganga,A,Allahabad,80.91,84.73,88.03,0
2026-09-11,14:00,H-B,H,Ganga,B,Varanasi,69.31,71.26,73.9,67
2026-09-11,14:00,H-C,H,Ganga,C,Buxar,59.83,60.32,62.09,50
2026-09-11,14:00,H-D,H,Ganga,D,Digha,51.02,50.45,52.52,50
2026-09-11,14:00,H-E,H,Ganga,E,Gandhi Ghat,49.8,48.6,50.52,25
2026-09-11,14:00,H-F,H,Ganga,F,Hathidah,43,41.76,43.52,50
2026-09-11,14:00,H-G,H,Ganga,G,Munger,39.7,39.33,40.99,25
2026-09-11,14:00,H-H,H,Ganga,H,Bhagalpur,34.5,33.68,34.86,25
2026-09-11,14:00,H-I,H,Ganga,I,Kahalgaon,32.74,31.09,32.87,25
2026-09-11,14:00,H-J,H,Ganga,J,Farakka,23.87,22.25,25.14,25
2026-09-11,14:00,I-A,I,Punpun,A,Sripalpur,51.85,50.6,53.91,0
2026-09-11,14:00,J-A,J,Adhwara,A,Sonbarsa,80.45,81.85,83.75,0
2026-09-11,14:00,J-B,J,Adhwara,B,Sundarpur,58.4,61.7,64.1,108
2026-09-11,14:00,J-C,J,Adhwara,C,Pupri,51.25,55.79,56.95,50
2026-09-11,14:00,K-A,K,Khiroi,A,Kamtaul,47.39,50,53.05,0
2026-09-11,14:00,K-B,K,Khiroi,B,Ekmighat,43.17,46.94,49.52,50
2026-09-11,14:00,L-A,L,Mahananda,A,Taibpur,63.73,66,67.26,0
2026-09-11,14:00,L-B,L,Mahananda,B,Dhangaraghat,34.17,35.65,38.2,50
2026-09-11,14:00,M-A,M,Ghaghra,A,Darauli,61.51,60.82,61.82,0
2026-09-11,14:00,M-B,M,Ghaghra,B,Gangpur Siswan,57.24,57.04,58.26,50
2026-09-12,06:00,A-A,A,Gandak,A,Khada,94.65,96,97.5,0
2026-09-12,06:00,A-B,A,Gandak,B,Chatia,66.78,69.15,70.04,25
2026-09-12,06:00,A-C,A,Gandak,C,Dumaria Ghat,62.35,62.22,64.36,25
2026-09-12,06:00,A-D,A,Gandak,D,Rewa Ghat,53.19,54.41,55.46,25
2026-09-12,06:00,A-E,A,Gandak,E,Hajipur,49.88,50.32,50.93,25
2026-09-12,06:00,B-A,B,Kosi,A,Basua,46.75,47.75,49.24,0
2026-09-12,06:00,B-B,B,Kosi,B,Baltara,35.12,33.85,36.4,25
2026-09-12,06:00,B-C,B,Kosi,C,Kursela,31.45,30,32.1,25
2026-09-12,06:00,C-A,C,Bagmati,A,Dheng,70,71,73.47,0
2026-09-12,06:00,C-B,C,Bagmati,B,Sonakhan,68.35,68.8,72.05,25
2026-09-12,06:00,C-C,C,Bagmati,C,Dubadhar,60.08,61.28,63.75,50
2026-09-12,06:00,C-D,C,Bagmati,D,Kansar,57.4,59.06,60.86,25
2026-09-12,06:00,C-E,C,Bagmati,E,Kataunjha,54.3,55,58.36,25
2026-09-12,06:00,C-F,C,Bagmati,F,Benibad,49.48,48.68,50.12,28
2026-09-12,06:00,C-G,C,Bagmati,G,Hayaghat,42.49,45.72,48.96,25
2026-09-12,06:00,D-A,D,Burhi Gandak,A,Sikandarpur,47.3,52.53,54.29,0
2026-09-12,06:00,D-B,D,Burhi Gandak,B,Samastipur,40.9,45.73,49.38,33
2026-09-12,06:00,D-C,D,Burhi Gandak,C,Rosara,39.38,42.63,46.56,25
2026-09-12,06:00,D-D,D,Burhi Gandak,D,Khagaria,38.24,36.58,39.22,25
2026-09-12,06:00,E-A,E,Kamla Balan,A,Jainagar,67.8,68.5,71.35,0
2026-09-12,06:00,E-B,E,Kamla Balan,B,Jhanjharpur,50.1,50.5,53.11,100
2026-09-12,06:00,F-A,F,Bhuthi Balan,A,Ekma,68.59,69.5,72.1,0
2026-09-12,06:00,G-A,G,Lalbakeya,A,Gowabari,69.6,71.15,73.86,0
2026-09-12,06:00,H-A,H,Ganga,A,Allahabad,80.59,84.73,88.03,0
2026-09-12,06:00,H-B,H,Ganga,B,Varanasi,69.11,71.26,73.9,67
2026-09-12,06:00,H-C,H,Ganga,C,Buxar,59.81,60.32,62.09,50
2026-09-12,06:00,H-D,H,Ganga,D,Digha,50.93,50.45,52.52,50
2026-09-12,06:00,H-E,H,Ganga,E,Gandhi Ghat,49.77,48.6,50.52,25
2026-09-12,06:00,H-F,H,Ganga,F,Hathidah,42.96,41.76,43.52,50
2026-09-12,06:00,H-G,H,Ganga,G,Munger,39.62,39.33,40.99,25
2026-09-12,06:00,H-H,H,Ganga,H,Bhagalpur,34.42,33.68,34.86,25
2026-09-12,06:00,H-I,H,Ganga,I,Kahalgaon,32.72,31.09,32.87,25
2026-09-12,06:00,H-J,H,Ganga,J,Farakka,23.88,22.25,25.14,25
2026-09-12,06:00,I-A,I,Punpun,A,Sripalpur,51.74,50.6,53.91,0
2026-09-12,06:00,J-A,J,Adhwara,A,Sonbarsa,79.4,81.85,83.75,0
2026-09-12,06:00,J-B,J,Adhwara,B,Sundarpur,58.4,61.7,64.1,108
2026-09-12,06:00,J-C,J,Adhwara,C,Pupri,51.25,55.79,56.95,50
2026-09-12,06:00,K-A,K,Khiroi,A,Kamtaul,47.4,50,53.05,0
2026-09-12,06:00,K-B,K,Khiroi,B,Ekmighat,43.19,46.94,49.52,50
2026-09-12,06:00,L-A,L,Mahananda,A,Taibpur,63.9,66,67.26,0
2026-09-12,06:00,L-B,L,Mahananda,B,Dhangaraghat,34.03,35.65,38.2,50
2026-09-12,06:00,M-A,M,Ghaghra,A,Darauli,61.49,60.82,61.82,0
2026-09-12,06:00,M-B,M,Ghaghra,B,Gangpur Siswan,57.23,57.04,58.26,50
2026-09-12,14:00,A-A,A,Gandak,A,Khada,94.71,96,97.5,0
2026-09-12,14:00,A-B,A,Gandak,B,Chatia,66.78,69.15,70.04,25
2026-09-12,14:00,A-C,A,Gandak,C,Dumaria Ghat,62.2,62.22,64.36,25
2026-09-12,14:00,A-D,A,Gandak,D,Rewa Ghat,53.11,54.41,55.46,25
2026-09-12,14:00,A-E,A,Gandak,E,Hajipur,49.87,50.32,50.93,25
2026-09-12,14:00,B-A,B,Kosi,A,Basua,46.75,47.75,49.24,0
2026-09-12,14:00,B-B,B,Kosi,B,Baltara,35.06,33.85,36.4,25
2026-09-12,14:00,B-C,B,Kosi,C,Kursela,31.44,30,32.1,25
2026-09-12,14:00,C-A,C,Bagmati,A,Dheng,70.05,71,73.47,0
2026-09-12,14:00,C-B,C,Bagmati,B,Sonakhan,68.42,68.8,72.05,25
2026-09-12,14:00,C-C,C,Bagmati,C,Dubadhar,60.07,61.28,63.75,50
2026-09-12,14:00,C-D,C,Bagmati,D,Kansar,57.2,59.06,60.86,25
2026-09-12,14:00,C-E,C,Bagmati,E,Kataunjha,53.9,55,58.36,25
2026-09-12,14:00,C-F,C,Bagmati,F,Benibad,49.52,48.68,50.12,28
2026-09-12,14:00,C-G,C,Bagmati,G,Hayaghat,42.58,45.72,48.96,25
2026-09-12,14:00,D-A,D,Burhi Gandak,A,Sikandarpur,47.01,52.53,54.29,0
2026-09-12,14:00,D-B,D,Burhi Gandak,B,Samastipur,40.94,45.73,49.38,33
2026-09-12,14:00,D-C,D,Burhi Gandak,C,Rosara,39.35,42.63,46.56,25
2026-09-12,14:00,D-D,D,Burhi Gandak,D,Khagaria,38.26,36.58,39.22,25
2026-09-12,14:00,E-A,E,Kamla Balan,A,Jainagar,67.9,68.5,71.35,0
2026-09-12,14:00,E-B,E,Kamla Balan,B,Jhanjharpur,50.4,50.5,53.11,100
2026-09-12,14:00,F-A,F,Bhuthi Balan,A,Ekma,68.74,69.5,72.1,0
2026-09-12,14:00,G-A,G,Lalbakeya,A,Gowabari,69.5,71.15,73.86,0
2026-09-12,14:00,H-A,H,Ganga,A,Allahabad,80.45,84.73,88.03,0
2026-09-12,14:00,H-B,H,Ganga,B,Varanasi,68.94,71.26,73.9,67
2026-09-12,14:00,H-C,H,Ganga,C,Buxar,59.78,60.32,62.09,50
2026-09-12,14:00,H-D,H,Ganga,D,Digha,50.91,50.45,52.52,50
2026-09-12,14:00,H-E,H,Ganga,E,Gandhi Ghat,49.75,48.6,50.52,25
2026-09-12,14:00,H-F,H,Ganga,F,Hathidah,42.95,41.76,43.52,50
2026-09-12,14:00,H-G,H,Ganga,G,Munger,39.58,39.33,40.99,25
2026-09-12,14:00,H-H,H,Ganga,H,Bhagalpur,34.38,33.68,34.86,25
2026-09-12,14:00,H-I,H,Ganga,I,Kahalgaon,32.7,31.09,32.87,25
2026-09-12,14:00,H-J,H,Ganga,J,Farakka,23.86,22.25,25.14,25
2026-09-12,14:00,I-A,I,Punpun,A,Sripalpur,51.76,50.6,53.91,0
2026-09-12,14:00,J-A,J,Adhwara,A,Sonbarsa,79.4,81.85,83.75,0
2026-09-12,14:00,J-B,J,Adhwara,B,Sundarpur,58.9,61.7,64.1,108
2026-09-12,14:00,J-C,J,Adhwara,C,Pupri,51.4,55.79,56.95,50
2026-09-12,14:00,K-A,K,Khiroi,A,Kamtaul,47.44,50,53.05,0
2026-09-12,14:00,K-B,K,Khiroi,B,Ekmighat,43.34,46.94,49.52,50
2026-09-12,14:00,L-A,L,Mahananda,A,Taibpur,63.72,66,67.26,0
2026-09-12,14:00,L-B,L,Mahananda,B,Dhangaraghat,34.21,35.65,38.2,50
2026-09-12,14:00,M-A,M,Ghaghra,A,Darauli,61.44,60.82,61.82,0
2026-09-12,14:00,M-B,M,Ghaghra,B,Gangpur Siswan,57.2,57.04,58.26,50
2026-09-13,06:00,A-A,A,Gandak,A,Khada,94.64,96,97.5,0
2026-09-13,06:00,A-B,A,Gandak,B,Chatia,66.7,69.15,70.04,25
2026-09-13,06:00,A-C,A,Gandak,C,Dumaria Ghat,62.2,62.22,64.36,25
2026-09-13,06:00,A-D,A,Gandak,D,Rewa Ghat,53.1,54.41,55.46,25
2026-09-13,06:00,A-E,A,Gandak,E,Hajipur,49.83,50.32,50.93,25
2026-09-13,06:00,B-A,B,Kosi,A,Basua,46.58,47.75,49.24,0
2026-09-13,06:00,B-B,B,Kosi,B,Baltara,35.07,33.85,36.4,25
2026-09-13,06:00,B-C,B,Kosi,C,Kursela,31.4,30,32.1,25
2026-09-13,06:00,C-A,C,Bagmati,A,Dheng,70.12,71,73.47,0
2026-09-13,06:00,C-B,C,Bagmati,B,Sonakhan,68.57,68.8,72.05,25
2026-09-13,06:00,C-C,C,Bagmati,C,Dubadhar,60.1,61.28,63.75,50
2026-09-13,06:00,C-D,C,Bagmati,D,Kansar,57.4,59.06,60.86,25
2026-09-13,06:00,C-E,C,Bagmati,E,Kataunjha,54.2,55,58.36,25
2026-09-13,06:00,C-F,C,Bagmati,F,Benibad,49.02,48.68,50.12,28
2026-09-13,06:00,C-G,C,Bagmati,G,Hayaghat,42.72,45.72,48.96,25
2026-09-13,06:00,D-A,D,Burhi Gandak,A,Sikandarpur,47.01,52.53,54.29,0
2026-09-13,06:00,D-B,D,Burhi Gandak,B,Samastipur,41,45.73,49.38,33
2026-09-13,06:00,D-C,D,Burhi Gandak,C,Rosara,39.31,42.63,46.56,25
2026-09-13,06:00,D-D,D,Burhi Gandak,D,Khagaria,38.08,36.58,39.22,25
2026-09-13,06:00,E-A,E,Kamla Balan,A,Jainagar,67.65,68.5,71.35,0
2026-09-13,06:00,E-B,E,Kamla Balan,B,Jhanjharpur,50.1,50.5,53.11,100
2026-09-13,06:00,F-A,F,Bhuthi Balan,A,Ekma,68.59,69.5,72.1,0
2026-09-13,06:00,G-A,G,Lalbakeya,A,Gowabari,69.65,71.15,73.86,0
2026-09-13,06:00,H-A,H,Ganga,A,Allahabad,80.23,84.73,88.03,0
2026-09-13,06:00,H-B,H,Ganga,B,Varanasi,68.76,71.26,73.9,67
2026-09-13,06:00,H-C,H,Ganga,C,Buxar,59.66,60.32,62.09,50
2026-09-13,06:00,H-D,H,Ganga,D,Digha,50.87,50.45,52.52,50
2026-09-13,06:00,H-E,H,Ganga,E,Gandhi Ghat,49.72,48.6,50.52,25
2026-09-13,06:00,H-F,H,Ganga,F,Hathidah,42.91,41.76,43.52,50
2026-09-13,06:00,H-G,H,Ganga,G,Munger,39.5,39.33,40.99,25
2026-09-13,06:00,H-H,H,Ganga,H,Bhagalpur,34.3,33.68,34.86,25
2026-09-13,06:00,H-I,H,Ganga,I,Kahalgaon,32.65,31.09,32.87,25
2026-09-13,06:00,H-J,H,Ganga,J,Farakka,23.84,22.25,25.14,25
2026-09-13,06:00,I-A,I,Punpun,A,Sripalpur,51.92,50.6,53.91,0
2026-09-13,06:00,J-A,J,Adhwara,A,Sonbarsa,79.25,81.85,83.75,0
2026-09-13,06:00,J-B,J,Adhwara,B,Sundarpur,59,61.7,64.1,108
2026-09-13,06:00,J-C,J,Adhwara,C,Pupri,51.6,55.79,56.95,50
2026-09-13,06:00,K-A,K,Khiroi,A,Kamtaul,47.59,50,53.05,0
2026-09-13,06:00,K-B,K,Khiroi,B,Ekmighat,43.46,46.94,49.52,50
2026-09-13,06:00,L-A,L,Mahananda,A,Taibpur,63.75,66,67.26,0
2026-09-13,06:00,L-B,L,Mahananda,B,Dhangaraghat,34.39,35.65,38.2,50
2026-09-13,06:00,M-A,M,Ghaghra,A,Darauli,61.43,60.82,61.82,0
2026-09-13,06:00,M-B,M,Ghaghra,B,Gangpur Siswan,57.16,57.04,58.26,50
2026-09-13,14:00,A-A,A,Gandak,A,Khada,94.68,96,97.5,0
2026-09-13,14:00,A-B,A,Gandak,B,Chatia,66.7,69.15,70.04,25
2026-09-13,14:00,A-C,A,Gandak,C,Dumaria Ghat,62.19,62.22,64.36,25
2026-09-13,14:00,A-D,A,Gandak,D,Rewa Ghat,53.07,54.41,55.46,25
2026-09-13,14:00,A-E,A,Gandak,E,Hajipur,49.8,50.32,50.93,25
2026-09-13,14:00,B-A,B,Kosi,A,Basua,46.3,47.75,49.24,0
2026-09-13,14:00,B-B,B,Kosi,B,Baltara,35.06,33.85,36.4,25
2026-09-13,14:00,B-C,B,Kosi,C,Kursela,31.37,30,32.1,25
2026-09-13,14:00,C-A,C,Bagmati,A,Dheng,70.03,71,73.47,0
2026-09-13,14:00,C-B,C,Bagmati,B,Sonakhan,68.45,68.8,72.05,25
2026-09-13,14:00,C-C,C,Bagmati,C,Dubadhar,60.18,61.28,63.75,50
2026-09-13,14:00,C-D,C,Bagmati,D,Kansar,57.45,59.06,60.86,25
2026-09-13,14:00,C-E,C,Bagmati,E,Kataunjha,54.1,55,58.36,25
2026-09-13,14:00,C-F,C,Bagmati,F,Benibad,49.09,48.68,50.12,28
2026-09-13,14:00,C-G,C,Bagmati,G,Hayaghat,42.61,45.72,48.96,25
2026-09-13,14:00,D-A,D,Burhi Gandak,A,Sikandarpur,47.05,52.53,54.29,0
2026-09-13,14:00,D-B,D,Burhi Gandak,B,Samastipur,41.04,45.73,49.38,33
2026-09-13,14:00,D-C,D,Burhi Gandak,C,Rosara,39.29,42.63,46.56,25
2026-09-13,14:00,D-D,D,Burhi Gandak,D,Khagaria,38.04,36.58,39.22,25
2026-09-13,14:00,E-A,E,Kamla Balan,A,Jainagar,67.4,68.5,71.35,0
2026-09-13,14:00,E-B,E,Kamla Balan,B,Jhanjharpur,50.07,50.5,53.11,100
2026-09-13,14:00,F-A,F,Bhuthi Balan,A,Ekma,68.74,69.5,72.1,0
2026-09-13,14:00,G-A,G,Lalbakeya,A,Gowabari,69.55,71.15,73.86,0
2026-09-13,14:00,H-A,H,Ganga,A,Allahabad,80.15,84.73,88.03,0
2026-09-13,14:00,H-B,H,Ganga,B,Varanasi,68.62,71.26,73.9,67
2026-09-13,14:00,H-C,H,Ganga,C,Buxar,59.58,60.32,62.09,50
2026-09-13,14:00,H-D,H,Ganga,D,Digha,50.85,50.45,52.52,50
2026-09-13,14:00,H-E,H,Ganga,E,Gandhi Ghat,49.69,48.6,50.52,25
2026-09-13,14:00,H-F,H,Ganga,F,Hathidah,42.89,41.76,43.52,50
2026-09-13,14:00,H-G,H,Ganga,G,Munger,39.46,39.33,40.99,25
2026-09-13,14:00,H-H,H,Ganga,H,Bhagalpur,34.26,33.68,34.86,25
2026-09-13,14:00,H-I,H,Ganga,I,Kahalgaon,32.61,31.09,32.87,25
2026-09-13,14:00,H-J,H,Ganga,J,Farakka,23.81,22.25,25.14,25
2026-09-13,14:00,I-A,I,Punpun,A,Sripalpur,51.94,50.6,53.91,0
2026-09-13,14:00,J-A,J,Adhwara,A,Sonbarsa,79.05,81.85,83.75,0
2026-09-13,14:00,J-B,J,Adhwara,B,Sundarpur,59.25,61.7,64.1,108
2026-09-13,14:00,J-C,J,Adhwara,C,Pupri,51.7,55.79,56.95,50
2026-09-13,14:00,K-A,K,Khiroi,A,Kamtaul,47.71,50,53.05,0
2026-09-13,14:00,K-B,K,Khiroi,B,Ekmighat,43.44,46.94,49.52,50
2026-09-13,14:00,L-A,L,Mahananda,A,Taibpur,64.25,66,67.26,0
2026-09-13,14:00,L-B,L,Mahananda,B,Dhangaraghat,34.36,35.65,38.2,50
2026-09-13,14:00,M-A,M,Ghaghra,A,Darauli,61.39,60.82,61.82,0
2026-09-13,14:00,M-B,M,Ghaghra,B,Gangpur Siswan,57.12,57.04,58.26,50
2026-09-14,06:00,A-A,A,Gandak,A,Khada,94.82,96,97.5,0
2026-09-14,06:00,A-B,A,Gandak,B,Chatia,66.7,69.15,70.04,25
2026-09-14,06:00,A-C,A,Gandak,C,Dumaria Ghat,62.17,62.22,64.36,25
2026-09-14,06:00,A-D,A,Gandak,D,Rewa Ghat,53.02,54.41,55.46,25
2026-09-14,06:00,A-E,A,Gandak,E,Hajipur,49.73,50.32,50.93,25
2026-09-14,06:00,B-A,B,Kosi,A,Basua,46.7,47.75,49.24,0
2026-09-14,06:00,B-B,B,Kosi,B,Baltara,35.01,33.85,36.4,25
2026-09-14,06:00,B-C,B,Kosi,C,Kursela,31.32,30,32.1,25
2026-09-14,06:00,C-A,C,Bagmati,A,Dheng,70.2,71,73.47,0
2026-09-14,06:00,C-B,C,Bagmati,B,Sonakhan,68.6,68.8,72.05,25
2026-09-14,06:00,C-C,C,Bagmati,C,Dubadhar,60,61.28,63.75,50
2026-09-14,06:00,C-D,C,Bagmati,D,Kansar,57.15,59.06,60.86,25
2026-09-14,06:00,C-E,C,Bagmati,E,Kataunjha,54.15,55,58.36,25
2026-09-14,06:00,C-F,C,Bagmati,F,Benibad,49.2,48.68,50.12,28
2026-09-14,06:00,C-G,C,Bagmati,G,Hayaghat,42.66,45.72,48.96,25
2026-09-14,06:00,D-A,D,Burhi Gandak,A,Sikandarpur,47.21,52.53,54.29,0
2026-09-14,06:00,D-B,D,Burhi Gandak,B,Samastipur,41.08,45.73,49.38,33
2026-09-14,06:00,D-C,D,Burhi Gandak,C,Rosara,39.27,42.63,46.56,25
2026-09-14,06:00,D-D,D,Burhi Gandak,D,Khagaria,37.96,36.58,39.22,25
2026-09-14,06:00,E-A,E,Kamla Balan,A,Jainagar,67.65,68.5,71.35,0
2026-09-14,06:00,E-B,E,Kamla Balan,B,Jhanjharpur,50,50.5,53.11,100
2026-09-14,06:00,F-A,F,Bhuthi Balan,A,Ekma,68.59,69.5,72.1,0
2026-09-14,06:00,G-A,G,Lalbakeya,A,Gowabari,70.2,71.15,73.86,0
2026-09-14,06:00,H-A,H,Ganga,A,Allahabad,80.01,84.73,88.03,0
2026-09-14,06:00,H-B,H,Ganga,B,Varanasi,68.47,71.26,73.9,67
2026-09-14,06:00,H-C,H,Ganga,C,Buxar,59.42,60.32,62.09,50
2026-09-14,06:00,H-D,H,Ganga,D,Digha,50.81,50.45,52.52,50
2026-09-14,06:00,H-E,H,Ganga,E,Gandhi Ghat,49.61,48.6,50.52,25
2026-09-14,06:00,H-F,H,Ganga,F,Hathidah,42.82,41.76,43.52,50
2026-09-14,06:00,H-G,H,Ganga,G,Munger,39.38,39.33,40.99,25
2026-09-14,06:00,H-H,H,Ganga,H,Bhagalpur,34.18,33.68,34.86,25
2026-09-14,06:00,H-I,H,Ganga,I,Kahalgaon,32.49,31.09,32.87,25
2026-09-14,06:00,H-J,H,Ganga,J,Farakka,23.8,22.25,25.14,25
2026-09-14,06:00,I-A,I,Punpun,A,Sripalpur,51.94,50.6,53.91,0
2026-09-14,06:00,J-A,J,Adhwara,A,Sonbarsa,78.75,81.85,83.75,0
2026-09-14,06:00,J-B,J,Adhwara,B,Sundarpur,59.25,61.7,64.1,108
2026-09-14,06:00,J-C,J,Adhwara,C,Pupri,51.95,55.79,56.95,50
2026-09-14,06:00,K-A,K,Khiroi,A,Kamtaul,47.79,50,53.05,0
2026-09-14,06:00,K-B,K,Khiroi,B,Ekmighat,43.42,46.94,49.52,50
2026-09-14,06:00,L-A,L,Mahananda,A,Taibpur,63.96,66,67.26,0
2026-09-14,06:00,L-B,L,Mahananda,B,Dhangaraghat,34.36,35.65,38.2,50
2026-09-14,06:00,M-A,M,Ghaghra,A,Darauli,61.3,60.82,61.82,0
2026-09-14,06:00,M-B,M,Ghaghra,B,Gangpur Siswan,56.99,57.04,58.26,50
2026-09-14,14:00,A-A,A,Gandak,A,Khada,94.8,96,97.5,0
2026-09-14,14:00,A-B,A,Gandak,B,Chatia,66.62,69.15,70.04,25
2026-09-14,14:00,A-C,A,Gandak,C,Dumaria Ghat,62.19,62.22,64.36,25
2026-09-14,14:00,A-D,A,Gandak,D,Rewa Ghat,52.91,54.41,55.46,25
2026-09-14,14:00,A-E,A,Gandak,E,Hajipur,49.69,50.32,50.93,25
2026-09-14,14:00,B-A,B,Kosi,A,Basua,46.74,47.75,49.24,0
2026-09-14,14:00,B-B,B,Kosi,B,Baltara,34.99,33.85,36.4,25
2026-09-14,14:00,B-C,B,Kosi,C,Kursela,31.25,30,32.1,25
2026-09-14,14:00,C-A,C,Bagmati,A,Dheng,70.25,71,73.47,0
2026-09-14,14:00,C-B,C,Bagmati,B,Sonakhan,68.65,68.8,72.05,25
2026-09-14,14:00,C-C,C,Bagmati,C,Dubadhar,60.28,61.28,63.75,50
2026-09-14,14:00,C-D,C,Bagmati,D,Kansar,57.4,59.06,60.86,25
2026-09-14,14:00,C-E,C,Bagmati,E,Kataunjha,54,55,58.36,25
2026-09-14,14:00,C-F,C,Bagmati,F,Benibad,48.99,48.68,50.12,28
2026-09-14,14:00,C-G,C,Bagmati,G,Hayaghat,42.66,45.72,48.96,25
2026-09-14,14:00,D-A,D,Burhi Gandak,A,Sikandarpur,47.21,52.53,54.29,0
2026-09-14,14:00,D-B,D,Burhi Gandak,B,Samastipur,41.08,45.73,49.38,33
2026-09-14,14:00,D-C,D,Burhi Gandak,C,Rosara,39.25,42.63,46.56,25
2026-09-14,14:00,D-D,D,Burhi Gandak,D,Khagaria,37.92,36.58,39.22,25
2026-09-14,14:00,E-A,E,Kamla Balan,A,Jainagar,67.4,68.5,71.35,0
2026-09-14,14:00,E-B,E,Kamla Balan,B,Jhanjharpur,50,50.5,53.11,100
2026-09-14,14:00,F-A,F,Bhuthi Balan,A,Ekma,68.59,69.5,72.1,0
2026-09-14,14:00,G-A,G,Lalbakeya,A,Gowabari,69.8,71.15,73.86,0
2026-09-14,14:00,H-A,H,Ganga,A,Allahabad,80.08,84.73,88.03,0
2026-09-14,14:00,H-B,H,Ganga,B,Varanasi,68.42,71.26,73.9,67
2026-09-14,14:00,H-C,H,Ganga,C,Buxar,59.34,60.32,62.09,50
2026-09-14,14:00,H-D,H,Ganga,D,Digha,50.77,50.45,52.52,50
2026-09-14,14:00,H-E,H,Ganga,E,Gandhi Ghat,49.56,48.6,50.52,25
2026-09-14,14:00,H-F,H,Ganga,F,Hathidah,42.8,41.76,43.52,50
2026-09-14,14:00,H-G,H,Ganga,G,Munger,39.34,39.33,40.99,25
2026-09-14,14:00,H-H,H,Ganga,H,Bhagalpur,34.14,33.68,34.86,25
2026-09-14,14:00,H-I,H,Ganga,I,Kahalgaon,32.47,31.09,32.87,25
2026-09-14,14:00,H-J,H,Ganga,J,Farakka,23.74,22.25,25.14,25
2026-09-14,14:00,I-A,I,Punpun,A,Sripalpur,51.8,50.6,53.91,0
2026-09-14,14:00,J-A,J,Adhwara,A,Sonbarsa,78.68,81.85,83.75,0
2026-09-14,14:00,J-B,J,Adhwara,B,Sundarpur,59.25,61.7,64.1,108
2026-09-14,14:00,J-C,J,Adhwara,C,Pupri,52.05,55.79,56.95,50
2026-09-14,14:00,K-A,K,Khiroi,A,Kamtaul,47.85,50,53.05,0
2026-09-14,14:00,K-B,K,Khiroi,B,Ekmighat,43.44,46.94,49.52,50
2026-09-14,14:00,L-A,L,Mahananda,A,Taibpur,63.98,66,67.26,0
2026-09-14,14:00,L-B,L,Mahananda,B,Dhangaraghat,34.56,35.65,38.2,50
2026-09-14,14:00,M-A,M,Ghaghra,A,Darauli,61.16,60.82,61.82,0
2026-09-14,14:00,M-B,M,Ghaghra,B,Gangpur Siswan,56.88,57.04,58.26,50
2026-09-15,06:00,A-A,A,Gandak,A,Khada,94.98,96,97.5,0
2026-09-15,06:00,A-B,A,Gandak,B,Chatia,66.65,69.15,70.04,25
2026-09-15,06:00,A-C,A,Gandak,C,Dumaria Ghat,62.3,62.22,64.36,25
2026-09-15,06:00,A-D,A,Gandak,D,Rewa Ghat,52.99,54.41,55.46,25
2026-09-15,06:00,A-E,A,Gandak,E,Hajipur,49.62,50.32,50.93,25
2026-09-15,06:00,B-A,B,Kosi,A,Basua,46.86,47.75,49.24,0
2026-09-15,06:00,B-B,B,Kosi,B,Baltara,35,33.85,36.4,25
2026-09-15,06:00,B-C,B,Kosi,C,Kursela,31.2,30,32.1,25
2026-09-15,06:00,C-A,C,Bagmati,A,Dheng,70,71,73.47,0
2026-09-15,06:00,C-B,C,Bagmati,B,Sonakhan,68.4,68.8,72.05,25
2026-09-15,06:00,C-C,C,Bagmati,C,Dubadhar,60,61.28,63.75,50
2026-09-15,06:00,C-D,C,Bagmati,D,Kansar,57.15,59.06,60.86,25
2026-09-15,06:00,C-E,C,Bagmati,E,Kataunjha,54.2,55,58.36,25
2026-09-15,06:00,C-F,C,Bagmati,F,Benibad,48.98,48.68,50.12,28
2026-09-15,06:00,C-G,C,Bagmati,G,Hayaghat,42.48,45.72,48.96,25
2026-09-15,06:00,D-A,D,Burhi Gandak,A,Sikandarpur,47.21,52.53,54.29,0
2026-09-15,06:00,D-B,D,Burhi Gandak,B,Samastipur,41.08,45.73,49.38,33
2026-09-15,06:00,D-C,D,Burhi Gandak,C,Rosara,39.2,42.63,46.56,25
2026-09-15,06:00,D-D,D,Burhi Gandak,D,Khagaria,37.85,36.58,39.22,25
2026-09-15,06:00,E-A,E,Kamla Balan,A,Jainagar,67.4,68.5,71.35,0
2026-09-15,06:00,E-B,E,Kamla Balan,B,Jhanjharpur,49.5,50.5,53.11,100
2026-09-15,06:00,F-A,F,Bhuthi Balan,A,Ekma,68.59,69.5,72.1,0
2026-09-15,06:00,G-A,G,Lalbakeya,A,Gowabari,69.55,71.15,73.86,0
2026-09-15,06:00,H-A,H,Ganga,A,Allahabad,80.02,84.73,88.03,0
2026-09-15,06:00,H-B,H,Ganga,B,Varanasi,68.32,71.26,73.9,67
2026-09-15,06:00,H-C,H,Ganga,C,Buxar,59.27,60.32,62.09,50
2026-09-15,06:00,H-D,H,Ganga,D,Digha,50.65,50.45,52.52,50
2026-09-15,06:00,H-E,H,Ganga,E,Gandhi Ghat,49.44,48.6,50.52,25
2026-09-15,06:00,H-F,H,Ganga,F,Hathidah,42.69,41.76,43.52,50
2026-09-15,06:00,H-G,H,Ganga,G,Munger,39.27,39.33,40.99,25
2026-09-15,06:00,H-H,H,Ganga,H,Bhagalpur,34.06,33.68,34.86,25
2026-09-15,06:00,H-I,H,Ganga,I,Kahalgaon,32.38,31.09,32.87,25
2026-09-15,06:00,H-J,H,Ganga,J,Farakka,23.68,22.25,25.14,25
2026-09-15,06:00,I-A,I,Punpun,A,Sripalpur,51.32,50.6,53.91,0
2026-09-15,06:00,J-A,J,Adhwara,A,Sonbarsa,78.62,81.85,83.75,0
2026-09-15,06:00,J-B,J,Adhwara,B,Sundarpur,59.25,61.7,64.1,108
2026-09-15,06:00,J-C,J,Adhwara,C,Pupri,51.95,55.79,56.95,50
2026-09-15,06:00,K-A,K,Khiroi,A,Kamtaul,48.8,50,53.05,0
2026-09-15,06:00,K-B,K,Khiroi,B,Ekmighat,43.35,46.94,49.52,50
2026-09-15,06:00,L-A,L,Mahananda,A,Taibpur,63.77,66,67.26,0
2026-09-15,06:00,L-B,L,Mahananda,B,Dhangaraghat,34.54,35.65,38.2,50
2026-09-15,06:00,M-A,M,Ghaghra,A,Darauli,61,60.82,61.82,0
2026-09-15,06:00,M-B,M,Ghaghra,B,Gangpur Siswan,56.64,57.04,58.26,50
2026-09-15,14:00,A-A,A,Gandak,A,Khada,94.8,96,97.5,0
2026-09-15,14:00,A-B,A,Gandak,B,Chatia,66.73,69.15,70.04,25
2026-09-15,14:00,A-C,A,Gandak,C,Dumaria Ghat,62.42,62.22,64.36,25
2026-09-15,14:00,A-D,A,Gandak,D,Rewa Ghat,53.09,54.41,55.46,25
2026-09-15,14:00,A-E,A,Gandak,E,Hajipur,49.6,50.32,50.93,25
2026-09-15,14:00,B-A,B,Kosi,A,Basua,46.91,47.75,49.24,0
2026-09-15,14:00,B-B,B,Kosi,B,Baltara,34.99,33.85,36.4,25
2026-09-15,14:00,B-C,B,Kosi,C,Kursela,31.15,30,32.1,25
2026-09-15,14:00,C-A,C,Bagmati,A,Dheng,70,71,73.47,0
2026-09-15,14:00,C-B,C,Bagmati,B,Sonakhan,68.4,68.8,72.05,25
2026-09-15,14:00,C-C,C,Bagmati,C,Dubadhar,59.96,61.28,63.75,50
2026-09-15,14:00,C-D,C,Bagmati,D,Kansar,57.1,59.06,60.86,25
2026-09-15,14:00,C-E,C,Bagmati,E,Kataunjha,54.05,55,58.36,25
2026-09-15,14:00,C-F,C,Bagmati,F,Benibad,48.99,48.68,50.12,28
2026-09-15,14:00,C-G,C,Bagmati,G,Hayaghat,42.48,45.72,48.96,25
2026-09-15,14:00,D-A,D,Burhi Gandak,A,Sikandarpur,47.17,52.53,54.29,0
2026-09-15,14:00,D-B,D,Burhi Gandak,B,Samastipur,41.08,45.73,49.38,33
2026-09-15,14:00,D-C,D,Burhi Gandak,C,Rosara,39.2,42.63,46.56,25
2026-09-15,14:00,D-D,D,Burhi Gandak,D,Khagaria,37.79,36.58,39.22,25
2026-09-15,14:00,E-A,E,Kamla Balan,A,Jainagar,67.35,68.5,71.35,0
2026-09-15,14:00,E-B,E,Kamla Balan,B,Jhanjharpur,49.53,50.5,53.11,100
2026-09-15,14:00,F-A,F,Bhuthi Balan,A,Ekma,68.74,69.5,72.1,0
2026-09-15,14:00,G-A,G,Lalbakeya,A,Gowabari,69.55,71.15,73.86,0
2026-09-15,14:00,H-A,H,Ganga,A,Allahabad,79.94,84.73,88.03,0
2026-09-15,14:00,H-B,H,Ganga,B,Varanasi,68.3,71.26,73.9,67
2026-09-15,14:00,H-C,H,Ganga,C,Buxar,59.19,60.32,62.09,50
2026-09-15,14:00,H-D,H,Ganga,D,Digha,50.57,50.45,52.52,50
2026-09-15,14:00,H-E,H,Ganga,E,Gandhi Ghat,49.39,48.6,50.52,25
2026-09-15,14:00,H-F,H,Ganga,F,Hathidah,42.64,41.76,43.52,50
2026-09-15,14:00,H-G,H,Ganga,G,Munger,39.25,39.33,40.99,25
2026-09-15,14:00,H-H,H,Ganga,H,Bhagalpur,34.03,33.68,34.86,25
2026-09-15,14:00,H-I,H,Ganga,I,Kahalgaon,32.34,31.09,32.87,25
2026-09-15,14:00,H-J,H,Ganga,J,Farakka,23.62,22.25,25.14,25
2026-09-15,14:00,I-A,I,Punpun,A,Sripalpur,51.08,50.6,53.91,0
2026-09-15,14:00,J-A,J,Adhwara,A,Sonbarsa,78.6,81.85,83.75,0
2026-09-15,14:00,J-B,J,Adhwara,B,Sundarpur,59.25,61.7,64.1,108
2026-09-15,14:00,J-C,J,Adhwara,C,Pupri,51.9,55.79,56.95,50
2026-09-15,14:00,K-A,K,Khiroi,A,Kamtaul,48.89,50,53.05,0
2026-09-15,14:00,K-B,K,Khiroi,B,Ekmighat,43.43,46.94,49.52,50
2026-09-15,14:00,L-A,L,Mahananda,A,Taibpur,63.66,66,67.26,0
2026-09-15,14:00,L-B,L,Mahananda,B,Dhangaraghat,34.46,35.65,38.2,50
2026-09-15,14:00,M-A,M,Ghaghra,A,Darauli,60.88,60.82,61.82,0
2026-09-15,14:00,M-B,M,Ghaghra,B,Gangpur Siswan,56.44,57.04,58.26,50
2026-09-16,06:00,A-A,A,Gandak,A,Khada,94.69,96,97.5,0
2026-09-16,06:00,A-B,A,Gandak,B,Chatia,66.88,69.15,70.04,25
2026-09-16,06:00,A-C,A,Gandak,C,Dumaria Ghat,62.42,62.22,64.36,25
2026-09-16,06:00,A-D,A,Gandak,D,Rewa Ghat,53.15,54.41,55.46,25
2026-09-16,06:00,A-E,A,Gandak,E,Hajipur,49.52,50.32,50.93,25
2026-09-16,06:00,B-A,B,Kosi,A,Basua,46.64,47.75,49.24,0
2026-09-16,06:00,B-B,B,Kosi,B,Baltara,35.07,33.85,36.4,25
2026-09-16,06:00,B-C,B,Kosi,C,Kursela,31.15,30,32.1,25
2026-09-16,06:00,C-A,C,Bagmati,A,Dheng,70.5,71,73.47,0
2026-09-16,06:00,C-B,C,Bagmati,B,Sonakhan,68.9,68.8,72.05,25
2026-09-16,06:00,C-C,C,Bagmati,C,Dubadhar,60.1,61.28,63.75,50
2026-09-16,06:00,C-D,C,Bagmati,D,Kansar,57.02,59.06,60.86,25
2026-09-16,06:00,C-E,C,Bagmati,E,Kataunjha,53.8,55,58.36,25
2026-09-16,06:00,C-F,C,Bagmati,F,Benibad,48.75,48.68,50.12,28
2026-09-16,06:00,C-G,C,Bagmati,G,Hayaghat,42.44,45.72,48.96,25
2026-09-16,06:00,D-A,D,Burhi Gandak,A,Sikandarpur,47.17,52.53,54.29,0
2026-09-16,06:00,D-B,D,Burhi Gandak,B,Samastipur,41.08,45.73,49.38,33
2026-09-16,06:00,D-C,D,Burhi Gandak,C,Rosara,39.2,42.63,46.56,25
2026-09-16,06:00,D-D,D,Burhi Gandak,D,Khagaria,37.73,36.58,39.22,25
2026-09-16,06:00,E-A,E,Kamla Balan,A,Jainagar,68,68.5,71.35,0
2026-09-16,06:00,E-B,E,Kamla Balan,B,Jhanjharpur,49.5,50.5,53.11,100
2026-09-16,06:00,F-A,F,Bhuthi Balan,A,Ekma,68.59,69.5,72.1,0
2026-09-16,06:00,G-A,G,Lalbakeya,A,Gowabari,70.5,71.15,73.86,0
2026-09-16,06:00,H-A,H,Ganga,A,Allahabad,79.72,84.73,88.03,0
2026-09-16,06:00,H-B,H,Ganga,B,Varanasi,68.17,71.26,73.9,67
2026-09-16,06:00,H-C,H,Ganga,C,Buxar,59.1,60.32,62.09,50
2026-09-16,06:00,H-D,H,Ganga,D,Digha,50.41,50.45,52.52,50
2026-09-16,06:00,H-E,H,Ganga,E,Gandhi Ghat,49.26,48.6,50.52,25
2026-09-16,06:00,H-F,H,Ganga,F,Hathidah,42.52,41.76,43.52,50
2026-09-16,06:00,H-G,H,Ganga,G,Munger,39.21,39.33,40.99,25
2026-09-16,06:00,H-H,H,Ganga,H,Bhagalpur,33.98,33.68,34.86,25
2026-09-16,06:00,H-I,H,Ganga,I,Kahalgaon,32.28,31.09,32.87,25
2026-09-16,06:00,H-J,H,Ganga,J,Farakka,23.59,22.25,25.14,25
2026-09-16,06:00,I-A,I,Punpun,A,Sripalpur,50.87,50.6,53.91,0
2026-09-16,06:00,J-A,J,Adhwara,A,Sonbarsa,78.56,81.85,83.75,0
2026-09-16,06:00,J-B,J,Adhwara,B,Sundarpur,59.2,61.7,64.1,108
2026-09-16,06:00,J-C,J,Adhwara,C,Pupri,51.85,55.79,56.95,50
2026-09-16,06:00,K-A,K,Khiroi,A,Kamtaul,48.9,50,53.05,0
2026-09-16,06:00,K-B,K,Khiroi,B,Ekmighat,43.52,46.94,49.52,50
2026-09-16,06:00,L-A,L,Mahananda,A,Taibpur,63.8,66,67.26,0
2026-09-16,06:00,L-B,L,Mahananda,B,Dhangaraghat,34.34,35.65,38.2,50
2026-09-16,06:00,M-A,M,Ghaghra,A,Darauli,60.76,60.82,61.82,0
2026-09-16,06:00,M-B,M,Ghaghra,B,Gangpur Siswan,56.24,57.04,58.26,50
2026-09-16,14:00,A-A,A,Gandak,A,Khada,94.76,96,97.5,0
2026-09-16,14:00,A-B,A,Gandak,B,Chatia,66.8,69.15,70.04,25
2026-09-16,14:00,A-C,A,Gandak,C,Dumaria Ghat,62.48,62.22,64.36,25
2026-09-16,14:00,A-D,A,Gandak,D,Rewa Ghat,53.28,54.41,55.46,25
2026-09-16,14:00,A-E,A,Gandak,E,Hajipur,49.97,50.32,50.93,25
2026-09-16,14:00,B-A,B,Kosi,A,Basua,46.65,47.75,49.24,0
2026-09-16,14:00,B-B,B,Kosi,B,Baltara,35.05,33.85,36.4,25
2026-09-16,14:00,B-C,B,Kosi,C,Kursela,31.07,30,32.1,25
2026-09-16,14:00,C-A,C,Bagmati,A,Dheng,70.25,71,73.47,0
2026-09-16,14:00,C-B,C,Bagmati,B,Sonakhan,68.39,68.8,72.05,25
2026-09-16,14:00,C-C,C,Bagmati,C,Dubadhar,60.42,61.28,63.75,50
2026-09-16,14:00,C-D,C,Bagmati,D,Kansar,57.85,59.06,60.86,25
2026-09-16,14:00,C-E,C,Bagmati,E,Kataunjha,54.5,55,58.36,25
2026-09-16,14:00,C-F,C,Bagmati,F,Benibad,48.63,48.68,50.12,28
2026-09-16,14:00,C-G,C,Bagmati,G,Hayaghat,42.36,45.72,48.96,25
2026-09-16,14:00,D-A,D,Burhi Gandak,A,Sikandarpur,47.04,52.53,54.29,0
2026-09-16,14:00,D-B,D,Burhi Gandak,B,Samastipur,41.08,45.73,49.38,33
2026-09-16,14:00,D-C,D,Burhi Gandak,C,Rosara,39.18,42.63,46.56,25
2026-09-16,14:00,D-D,D,Burhi Gandak,D,Khagaria,37.6,36.58,39.22,25
2026-09-16,14:00,E-A,E,Kamla Balan,A,Jainagar,67.5,68.5,71.35,0
2026-09-16,14:00,E-B,E,Kamla Balan,B,Jhanjharpur,50.55,50.5,53.11,100
2026-09-16,14:00,F-A,F,Bhuthi Balan,A,Ekma,68.59,69.5,72.1,0
2026-09-16,14:00,G-A,G,Lalbakeya,A,Gowabari,70.85,71.15,73.86,0
2026-09-16,14:00,H-A,H,Ganga,A,Allahabad,79.52,84.73,88.03,0
2026-09-16,14:00,H-B,H,Ganga,B,Varanasi,68.1,71.26,73.9,67
2026-09-16,14:00,H-C,H,Ganga,C,Buxar,59.04,60.32,62.09,50
2026-09-16,14:00,H-D,H,Ganga,D,Digha,50.33,50.45,52.52,50
2026-09-16,14:00,H-E,H,Ganga,E,Gandhi Ghat,49.19,48.6,50.52,25
2026-09-16,14:00,H-F,H,Ganga,F,Hathidah,42.49,41.76,43.52,50
2026-09-16,14:00,H-G,H,Ganga,G,Munger,39.19,39.33,40.99,25
2026-09-16,14:00,H-H,H,Ganga,H,Bhagalpur,33.96,33.68,34.86,25
2026-09-16,14:00,H-I,H,Ganga,I,Kahalgaon,32.25,31.09,32.87,25
2026-09-16,14:00,H-J,H,Ganga,J,Farakka,23.54,22.25,25.14,25
2026-09-16,14:00,I-A,I,Punpun,A,Sripalpur,50.64,50.6,53.91,0
2026-09-16,14:00,J-A,J,Adhwara,A,Sonbarsa,78.56,81.85,83.75,0
2026-09-16,14:00,J-B,J,Adhwara,B,Sundarpur,59.15,61.7,64.1,108
2026-09-16,14:00,J-C,J,Adhwara,C,Pupri,51.82,55.79,56.95,50
2026-09-16,14:00,K-A,K,Khiroi,A,Kamtaul,48.86,50,53.05,0
2026-09-16,14:00,K-B,K,Khiroi,B,Ekmighat,43.44,46.94,49.52,50
2026-09-16,14:00,L-A,L,Mahananda,A,Taibpur,63.72,66,67.26,0
2026-09-16,14:00,L-B,L,Mahananda,B,Dhangaraghat,34.31,35.65,38.2,50
2026-09-16,14:00,M-A,M,Ghaghra,A,Darauli,60.75,60.82,61.82,0
2026-09-16,14:00,M-B,M,Ghaghra,B,Gangpur Siswan,56.1,57.04,58.26,50
2026-09-17,06:00,A-A,A,Gandak,A,Khada,94.72,96,97.5,0
2026-09-17,06:00,A-B,A,Gandak,B,Chatia,66.77,69.15,70.04,25
2026-09-17,06:00,A-C,A,Gandak,C,Dumaria Ghat,62.37,62.22,64.36,25
2026-09-17,06:00,A-D,A,Gandak,D,Rewa Ghat,53.22,54.41,55.46,25
2026-09-17,06:00,A-E,A,Gandak,E,Hajipur,49.4,50.32,50.93,25
2026-09-17,06:00,B-A,B,Kosi,A,Basua,46.71,47.75,49.24,0
2026-09-17,06:00,B-B,B,Kosi,B,Baltara,35.09,33.85,36.4,25
2026-09-17,06:00,B-C,B,Kosi,C,Kursela,31.03,30,32.1,25
2026-09-17,06:00,C-A,C,Bagmati,A,Dheng,69.98,71,73.47,0
2026-09-17,06:00,C-B,C,Bagmati,B,Sonakhan,68.4,68.8,72.05,25
2026-09-17,06:00,C-C,C,Bagmati,C,Dubadhar,59.98,61.28,63.75,50
2026-09-17,06:00,C-D,C,Bagmati,D,Kansar,57.1,59.06,60.86,25
2026-09-17,06:00,C-E,C,Bagmati,E,Kataunjha,54.4,55,58.36,25
2026-09-17,06:00,C-F,C,Bagmati,F,Benibad,49.02,48.68,50.12,28
2026-09-17,06:00,C-G,C,Bagmati,G,Hayaghat,42.3,45.72,48.96,25
2026-09-17,06:00,D-A,D,Burhi Gandak,A,Sikandarpur,47.02,52.53,54.29,0
2026-09-17,06:00,D-B,D,Burhi Gandak,B,Samastipur,41.08,45.73,49.38,33
2026-09-17,06:00,D-C,D,Burhi Gandak,C,Rosara,39.14,42.63,46.56,25
2026-09-17,06:00,D-D,D,Burhi Gandak,D,Khagaria,37.51,36.58,39.22,25
2026-09-17,06:00,E-A,E,Kamla Balan,A,Jainagar,67.3,68.5,71.35,0
2026-09-17,06:00,E-B,E,Kamla Balan,B,Jhanjharpur,49.55,50.5,53.11,100
2026-09-17,06:00,F-A,F,Bhuthi Balan,A,Ekma,68.59,69.5,72.1,0
2026-09-17,06:00,G-A,G,Lalbakeya,A,Gowabari,70,71.15,73.86,0
2026-09-17,06:00,H-A,H,Ganga,A,Allahabad,79.37,84.73,88.03,0
2026-09-17,06:00,H-B,H,Ganga,B,Varanasi,67.89,71.26,73.9,67
2026-09-17,06:00,H-C,H,Ganga,C,Buxar,58.92,60.32,62.09,50
2026-09-17,06:00,H-D,H,Ganga,D,Digha,50.26,50.45,52.52,50
2026-09-17,06:00,H-E,H,Ganga,E,Gandhi Ghat,49.16,48.6,50.52,25
2026-09-17,06:00,H-F,H,Ganga,F,Hathidah,42.42,41.76,43.52,50
2026-09-17,06:00,H-G,H,Ganga,G,Munger,39.13,39.33,40.99,25
2026-09-17,06:00,H-H,H,Ganga,H,Bhagalpur,33.92,33.68,34.86,25
2026-09-17,06:00,H-I,H,Ganga,I,Kahalgaon,32.22,31.09,32.87,25
2026-09-17,06:00,H-J,H,Ganga,J,Farakka,23.48,22.25,25.14,25
2026-09-17,06:00,I-A,I,Punpun,A,Sripalpur,49.99,50.6,53.91,0
2026-09-17,06:00,J-A,J,Adhwara,A,Sonbarsa,78.56,81.85,83.75,0
2026-09-17,06:00,J-B,J,Adhwara,B,Sundarpur,59.15,61.7,64.1,108
2026-09-17,06:00,J-C,J,Adhwara,C,Pupri,51.8,55.79,56.95,50
2026-09-17,06:00,K-A,K,Khiroi,A,Kamtaul,48.78,50,53.05,0
2026-09-17,06:00,K-B,K,Khiroi,B,Ekmighat,43.51,46.94,49.52,50
2026-09-17,06:00,L-A,L,Mahananda,A,Taibpur,63.75,66,67.26,0
2026-09-17,06:00,L-B,L,Mahananda,B,Dhangaraghat,34.23,35.65,38.2,50
2026-09-17,06:00,M-A,M,Ghaghra,A,Darauli,60.75,60.82,61.82,0
2026-09-17,06:00,M-B,M,Ghaghra,B,Gangpur Siswan,56.07,57.04,58.26,50
2026-09-17,14:00,A-A,A,Gandak,A,Khada,94.71,96,97.5,0
2026-09-17,14:00,A-B,A,Gandak,B,Chatia,66.76,69.15,70.04,25
2026-09-17,14:00,A-C,A,Gandak,C,Dumaria Ghat,62.45,62.22,64.36,25
2026-09-17,14:00,A-D,A,Gandak,D,Rewa Ghat,53.2,54.41,55.46,25
2026-09-17,14:00,A-E,A,Gandak,E,Hajipur,49.37,50.32,50.93,25
2026-09-17,14:00,B-A,B,Kosi,A,Basua,46.74,47.75,49.24,0
2026-09-17,14:00,B-B,B,Kosi,B,Baltara,35.07,33.85,36.4,25
2026-09-17,14:00,B-C,B,Kosi,C,Kursela,30.99,30,32.1,25
2026-09-17,14:00,C-A,C,Bagmati,A,Dheng,70.25,71,73.47,0
2026-09-17,14:00,C-B,C,Bagmati,B,Sonakhan,68.55,68.8,72.05,25
2026-09-17,14:00,C-C,C,Bagmati,C,Dubadhar,60.1,61.28,63.75,50
2026-09-17,14:00,C-D,C,Bagmati,D,Kansar,57,59.06,60.86,25
2026-09-17,14:00,C-E,C,Bagmati,E,Kataunjha,54.2,55,58.36,25
2026-09-17,14:00,C-F,C,Bagmati,F,Benibad,49.18,48.68,50.12,28
2026-09-17,14:00,C-G,C,Bagmati,G,Hayaghat,42.59,45.72,48.96,25
2026-09-17,14:00,D-A,D,Burhi Gandak,A,Sikandarpur,47,52.53,54.29,0
2026-09-17,14:00,D-B,D,Burhi Gandak,B,Samastipur,41.08,45.73,49.38,33
2026-09-17,14:00,D-C,D,Burhi Gandak,C,Rosara,39.1,42.63,46.56,25
2026-09-17,14:00,D-D,D,Burhi Gandak,D,Khagaria,37.44,36.58,39.22,25
2026-09-17,14:00,E-A,E,Kamla Balan,A,Jainagar,67.25,68.5,71.35,0
2026-09-17,14:00,E-B,E,Kamla Balan,B,Jhanjharpur,49.36,50.5,53.11,100
2026-09-17,14:00,F-A,F,Bhuthi Balan,A,Ekma,68.59,69.5,72.1,0
2026-09-17,14:00,G-A,G,Lalbakeya,A,Gowabari,69.75,71.15,73.86,0
2026-09-17,14:00,H-A,H,Ganga,A,Allahabad,79.21,84.73,88.03,0
2026-09-17,14:00,H-B,H,Ganga,B,Varanasi,67.81,71.26,73.9,67
2026-09-17,14:00,H-C,H,Ganga,C,Buxar,58.88,60.32,62.09,50
2026-09-17,14:00,H-D,H,Ganga,D,Digha,50.22,50.45,52.52,50
2026-09-17,14:00,H-E,H,Ganga,E,Gandhi Ghat,49.11,48.6,50.52,25
2026-09-17,14:00,H-F,H,Ganga,F,Hathidah,42.38,41.76,43.52,50
2026-09-17,14:00,H-G,H,Ganga,G,Munger,39.09,39.33,40.99,25
2026-09-17,14:00,H-H,H,Ganga,H,Bhagalpur,33.89,33.68,34.86,25
2026-09-17,14:00,H-I,H,Ganga,I,Kahalgaon,32.21,31.09,32.87,25
2026-09-17,14:00,H-J,H,Ganga,J,Farakka,23.44,22.25,25.14,25
2026-09-17,14:00,I-A,I,Punpun,A,Sripalpur,49.73,50.6,53.91,0
2026-09-17,14:00,J-A,J,Adhwara,A,Sonbarsa,78.85,81.85,83.75,0
2026-09-17,14:00,J-B,J,Adhwara,B,Sundarpur,59.1,61.7,64.1,108
2026-09-17,14:00,J-C,J,Adhwara,C,Pupri,51.75,55.79,56.95,50
2026-09-17,14:00,K-A,K,Khiroi,A,Kamtaul,48.7,50,53.05,0
2026-09-17,14:00,K-B,K,Khiroi,B,Ekmighat,43.72,46.94,49.52,50
2026-09-17,14:00,L-A,L,Mahananda,A,Taibpur,63.87,66,67.26,0
2026-09-17,14:00,L-B,L,Mahananda,B,Dhangaraghat,34.15,35.65,38.2,50
2026-09-17,14:00,M-A,M,Ghaghra,A,Darauli,60.77,60.82,61.82,0
2026-09-17,14:00,M-B,M,Ghaghra,B,Gangpur Siswan,56.03,57.04,58.26,50
2026-09-18,06:00,A-A,A,Gandak,A,Khada,94.6,96,97.5,0
2026-09-18,06:00,A-B,A,Gandak,B,Chatia,66.86,69.15,70.04,25
2026-09-18,06:00,A-C,A,Gandak,C,Dumaria Ghat,62.48,62.22,64.36,25
2026-09-18,06:00,A-D,A,Gandak,D,Rewa Ghat,53.28,54.41,55.46,25
2026-09-18,06:00,A-E,A,Gandak,E,Hajipur,49.31,50.32,50.93,25
2026-09-18,06:00,B-A,B,Kosi,A,Basua,46.62,47.75,49.24,0
2026-09-18,06:00,B-B,B,Kosi,B,Baltara,35.09,33.85,36.4,25
2026-09-18,06:00,B-C,B,Kosi,C,Kursela,30.91,30,32.1,25
2026-09-18,06:00,C-A,C,Bagmati,A,Dheng,70,71,73.47,0
2026-09-18,06:00,C-B,C,Bagmati,B,Sonakhan,68.4,68.8,72.05,25
2026-09-18,06:00,C-C,C,Bagmati,C,Dubadhar,59.88,61.28,63.75,50
2026-09-18,06:00,C-D,C,Bagmati,D,Kansar,56.9,59.06,60.86,25
2026-09-18,06:00,C-E,C,Bagmati,E,Kataunjha,54,55,58.36,25
2026-09-18,06:00,C-F,C,Bagmati,F,Benibad,49.06,48.68,50.12,28
2026-09-18,06:00,C-G,C,Bagmati,G,Hayaghat,42.8,45.72,48.96,25
2026-09-18,06:00,D-A,D,Burhi Gandak,A,Sikandarpur,46.9,52.53,54.29,0
2026-09-18,06:00,D-B,D,Burhi Gandak,B,Samastipur,41.05,45.73,49.38,33
2026-09-18,06:00,D-C,D,Burhi Gandak,C,Rosara,38.99,42.63,46.56,25
2026-09-18,06:00,D-D,D,Burhi Gandak,D,Khagaria,37.21,36.58,39.22,25
2026-09-18,06:00,E-A,E,Kamla Balan,A,Jainagar,68.2,68.5,71.35,0
2026-09-18,06:00,E-B,E,Kamla Balan,B,Jhanjharpur,49.5,50.5,53.11,100
2026-09-18,06:00,F-A,F,Bhuthi Balan,A,Ekma,69.51,69.5,72.1,0
2026-09-18,06:00,G-A,G,Lalbakeya,A,Gowabari,70.2,71.15,73.86,0
2026-09-18,06:00,H-A,H,Ganga,A,Allahabad,78.98,84.73,88.03,0
2026-09-18,06:00,H-B,H,Ganga,B,Varanasi,67.58,71.26,73.9,67
2026-09-18,06:00,H-C,H,Ganga,C,Buxar,58.76,60.32,62.09,50
2026-09-18,06:00,H-D,H,Ganga,D,Digha,50.11,50.45,52.52,50
2026-09-18,06:00,H-E,H,Ganga,E,Gandhi Ghat,49.04,48.6,50.52,25
2026-09-18,06:00,H-F,H,Ganga,F,Hathidah,42.3,41.76,43.52,50
2026-09-18,06:00,H-G,H,Ganga,G,Munger,39.01,39.33,40.99,25
2026-09-18,06:00,H-H,H,Ganga,H,Bhagalpur,33.81,33.68,34.86,25
2026-09-18,06:00,H-I,H,Ganga,I,Kahalgaon,32.15,31.09,32.87,25
2026-09-18,06:00,H-J,H,Ganga,J,Farakka,23.37,22.25,25.14,25
2026-09-18,06:00,I-A,I,Punpun,A,Sripalpur,49.66,50.6,53.91,0
2026-09-18,06:00,J-A,J,Adhwara,A,Sonbarsa,78.7,81.85,83.75,0
2026-09-18,06:00,J-B,J,Adhwara,B,Sundarpur,59.1,61.7,64.1,108
2026-09-18,06:00,J-C,J,Adhwara,C,Pupri,51.75,55.79,56.95,50
2026-09-18,06:00,K-A,K,Khiroi,A,Kamtaul,48.54,50,53.05,0
2026-09-18,06:00,K-B,K,Khiroi,B,Ekmighat,43.73,46.94,49.52,50
2026-09-18,06:00,L-A,L,Mahananda,A,Taibpur,64.45,66,67.26,0
2026-09-18,06:00,L-B,L,Mahananda,B,Dhangaraghat,34.15,35.65,38.2,50
2026-09-18,06:00,M-A,M,Ghaghra,A,Darauli,60.8,60.82,61.82,0
2026-09-18,06:00,M-B,M,Ghaghra,B,Gangpur Siswan,56.05,57.04,58.26,50
2026-09-18,14:00,A-A,A,Gandak,A,Khada,94.56,96,97.5,0
2026-09-18,14:00,A-B,A,Gandak,B,Chatia,66.79,69.15,70.04,25
2026-09-18,14:00,A-C,A,Gandak,C,Dumaria Ghat,62.47,62.22,64.36,25
2026-09-18,14:00,A-D,A,Gandak,D,Rewa Ghat,53.24,54.41,55.46,25
2026-09-18,14:00,A-E,A,Gandak,E,Hajipur,49.25,50.32,50.93,25
2026-09-18,14:00,B-A,B,Kosi,A,Basua,46.63,47.75,49.24,0
2026-09-18,14:00,B-B,B,Kosi,B,Baltara,35.1,33.85,36.4,25
2026-09-18,14:00,B-C,B,Kosi,C,Kursela,30.87,30,32.1,25
2026-09-18,14:00,C-A,C,Bagmati,A,Dheng,70.1,71,73.47,0
2026-09-18,14:00,C-B,C,Bagmati,B,Sonakhan,68.43,68.8,72.05,25
2026-09-18,14:00,C-C,C,Bagmati,C,Dubadhar,60.1,61.28,63.75,50
2026-09-18,14:00,C-D,C,Bagmati,D,Kansar,57,59.06,60.86,25
2026-09-18,14:00,C-E,C,Bagmati,E,Kataunjha,53.95,55,58.36,25
2026-09-18,14:00,C-F,C,Bagmati,F,Benibad,48.99,48.68,50.12,28
2026-09-18,14:00,C-G,C,Bagmati,G,Hayaghat,42.75,45.72,48.96,25
2026-09-18,14:00,D-A,D,Burhi Gandak,A,Sikandarpur,46.9,52.53,54.29,0
2026-09-18,14:00,D-B,D,Burhi Gandak,B,Samastipur,41,45.73,49.38,33
2026-09-18,14:00,D-C,D,Burhi Gandak,C,Rosara,38.91,42.63,46.56,25
2026-09-18,14:00,D-D,D,Burhi Gandak,D,Khagaria,37.2,36.58,39.22,25
2026-09-18,14:00,E-A,E,Kamla Balan,A,Jainagar,67.8,68.5,71.35,0
2026-09-18,14:00,E-B,E,Kamla Balan,B,Jhanjharpur,50.82,50.5,53.11,100
2026-09-18,14:00,F-A,F,Bhuthi Balan,A,Ekma,68.84,69.5,72.1,0
2026-09-18,14:00,G-A,G,Lalbakeya,A,Gowabari,70,71.15,73.86,0
2026-09-18,14:00,H-A,H,Ganga,A,Allahabad,78.76,84.73,88.03,0
2026-09-18,14:00,H-B,H,Ganga,B,Varanasi,67.48,71.26,73.9,67
2026-09-18,14:00,H-C,H,Ganga,C,Buxar,58.72,60.32,62.09,50
2026-09-18,14:00,H-D,H,Ganga,D,Digha,50.07,50.45,52.52,50
2026-09-18,14:00,H-E,H,Ganga,E,Gandhi Ghat,48.99,48.6,50.52,25
2026-09-18,14:00,H-F,H,Ganga,F,Hathidah,42.26,41.76,43.52,50
2026-09-18,14:00,H-G,H,Ganga,G,Munger,38.93,39.33,40.99,25
2026-09-18,14:00,H-H,H,Ganga,H,Bhagalpur,33.77,33.68,34.86,25
2026-09-18,14:00,H-I,H,Ganga,I,Kahalgaon,32.11,31.09,32.87,25
2026-09-18,14:00,H-J,H,Ganga,J,Farakka,23.32,22.25,25.14,25
2026-09-18,14:00,I-A,I,Punpun,A,Sripalpur,49.58,50.6,53.91,0
2026-09-18,14:00,J-A,J,Adhwara,A,Sonbarsa,78.78,81.85,83.75,0
2026-09-18,14:00,J-B,J,Adhwara,B,Sundarpur,59.1,61.7,64.1,108
2026-09-18,14:00,J-C,J,Adhwara,C,Pupri,51.75,55.79,56.95,50
2026-09-18,14:00,K-A,K,Khiroi,A,Kamtaul,48.43,50,53.05,0
2026-09-18,14:00,K-B,K,Khiroi,B,Ekmighat,43.62,46.94,49.52,50
2026-09-18,14:00,L-A,L,Mahananda,A,Taibpur,64.7,66,67.26,0
2026-09-18,14:00,L-B,L,Mahananda,B,Dhangaraghat,34.31,35.65,38.2,50
2026-09-18,14:00,M-A,M,Ghaghra,A,Darauli,60.8,60.82,61.82,0
2026-09-18,14:00,M-B,M,Ghaghra,B,Gangpur Siswan,56.05,57.04,58.26,50
2026-09-19,06:00,A-A,A,Gandak,A,Khada,94.57,96,97.5,0
2026-09-19,06:00,A-B,A,Gandak,B,Chatia,66.75,69.15,70.04,25
2026-09-19,06:00,A-C,A,Gandak,C,Dumaria Ghat,62.43,62.22,64.36,25
2026-09-19,06:00,A-D,A,Gandak,D,Rewa Ghat,53.11,54.41,55.46,25
2026-09-19,06:00,A-E,A,Gandak,E,Hajipur,49.18,50.32,50.93,25
2026-09-19,06:00,B-A,B,Kosi,A,Basua,46.68,47.75,49.24,0
2026-09-19,06:00,B-B,B,Kosi,B,Baltara,35.09,33.85,36.4,25
2026-09-19,06:00,B-C,B,Kosi,C,Kursela,30.79,30,32.1,25
2026-09-19,06:00,C-A,C,Bagmati,A,Dheng,69.97,71,73.47,0
2026-09-19,06:00,C-B,C,Bagmati,B,Sonakhan,68.35,68.8,72.05,25
2026-09-19,06:00,C-C,C,Bagmati,C,Dubadhar,59.9,61.28,63.75,50
2026-09-19,06:00,C-D,C,Bagmati,D,Kansar,57,59.06,60.86,25
2026-09-19,06:00,C-E,C,Bagmati,E,Kataunjha,53.7,55,58.36,25
2026-09-19,06:00,C-F,C,Bagmati,F,Benibad,48.7,48.68,50.12,28
2026-09-19,06:00,C-G,C,Bagmati,G,Hayaghat,42.65,45.72,48.96,25
2026-09-19,06:00,D-A,D,Burhi Gandak,A,Sikandarpur,46.9,52.53,54.29,0
2026-09-19,06:00,D-B,D,Burhi Gandak,B,Samastipur,40.9,45.73,49.38,33
2026-09-19,06:00,D-C,D,Burhi Gandak,C,Rosara,38.75,42.63,46.56,25
2026-09-19,06:00,D-D,D,Burhi Gandak,D,Khagaria,37.07,36.58,39.22,25
2026-09-19,06:00,E-A,E,Kamla Balan,A,Jainagar,67.85,68.5,71.35,0
2026-09-19,06:00,E-B,E,Kamla Balan,B,Jhanjharpur,50.3,50.5,53.11,100
2026-09-19,06:00,F-A,F,Bhuthi Balan,A,Ekma,68.59,69.5,72.1,0
2026-09-19,06:00,G-A,G,Lalbakeya,A,Gowabari,69.6,71.15,73.86,0
2026-09-19,06:00,H-A,H,Ganga,A,Allahabad,78.38,84.73,88.03,0
2026-09-19,06:00,H-B,H,Ganga,B,Varanasi,67.16,71.26,73.9,67
2026-09-19,06:00,H-C,H,Ganga,C,Buxar,58.49,60.32,62.09,50
2026-09-19,06:00,H-D,H,Ganga,D,Digha,49.99,50.45,52.52,50
2026-09-19,06:00,H-E,H,Ganga,E,Gandhi Ghat,48.91,48.6,50.52,25
2026-09-19,06:00,H-F,H,Ganga,F,Hathidah,42.17,41.76,43.52,50
2026-09-19,06:00,H-G,H,Ganga,G,Munger,38.77,39.33,40.99,25
2026-09-19,06:00,H-H,H,Ganga,H,Bhagalpur,33.61,33.68,34.86,25
2026-09-19,06:00,H-I,H,Ganga,I,Kahalgaon,32,31.09,32.87,25
2026-09-19,06:00,H-J,H,Ganga,J,Farakka,23.19,22.25,25.14,25
2026-09-19,06:00,I-A,I,Punpun,A,Sripalpur,49.45,50.6,53.91,0
2026-09-19,06:00,J-A,J,Adhwara,A,Sonbarsa,78.68,81.85,83.75,0
2026-09-19,06:00,J-B,J,Adhwara,B,Sundarpur,59.05,61.7,64.1,108
2026-09-19,06:00,J-C,J,Adhwara,C,Pupri,51.8,55.79,56.95,50
2026-09-19,06:00,K-A,K,Khiroi,A,Kamtaul,48.27,50,53.05,0
2026-09-19,06:00,K-B,K,Khiroi,B,Ekmighat,43.56,46.94,49.52,50
2026-09-19,06:00,L-A,L,Mahananda,A,Taibpur,64.28,66,67.26,0
2026-09-19,06:00,L-B,L,Mahananda,B,Dhangaraghat,34.49,35.65,38.2,50
2026-09-19,06:00,M-A,M,Ghaghra,A,Darauli,60.79,60.82,61.82,0
2026-09-19,06:00,M-B,M,Ghaghra,B,Gangpur Siswan,56.04,57.04,58.26,50
2026-09-19,14:00,A-A,A,Gandak,A,Khada,94.54,96,97.5,0
2026-09-19,14:00,A-B,A,Gandak,B,Chatia,66.71,69.15,70.04,25
2026-09-19,14:00,A-C,A,Gandak,C,Dumaria Ghat,62.34,62.22,64.36,25
2026-09-19,14:00,A-D,A,Gandak,D,Rewa Ghat,53.08,54.41,55.46,25
2026-09-19,14:00,A-E,A,Gandak,E,Hajipur,49.14,50.32,50.93,25
2026-09-19,14:00,B-A,B,Kosi,A,Basua,46.71,47.75,49.24,0
2026-09-19,14:00,B-B,B,Kosi,B,Baltara,35.06,33.85,36.4,25
2026-09-19,14:00,B-C,B,Kosi,C,Kursela,30.75,30,32.1,25
2026-09-19,14:00,C-A,C,Bagmati,A,Dheng,70.6,71,73.47,0
2026-09-19,14:00,C-B,C,Bagmati,B,Sonakhan,68.6,68.8,72.05,25
2026-09-19,14:00,C-C,C,Bagmati,C,Dubadhar,59.96,61.28,63.75,50
2026-09-19,14:00,C-D,C,Bagmati,D,Kansar,56.8,59.06,60.86,25
2026-09-19,14:00,C-E,C,Bagmati,E,Kataunjha,53.5,55,58.36,25
2026-09-19,14:00,C-F,C,Bagmati,F,Benibad,48.62,48.68,50.12,28
2026-09-19,14:00,C-G,C,Bagmati,G,Hayaghat,42.65,45.72,48.96,25
2026-09-19,14:00,D-A,D,Burhi Gandak,A,Sikandarpur,46.93,52.53,54.29,0
2026-09-19,14:00,D-B,D,Burhi Gandak,B,Samastipur,40.86,45.73,49.38,33
2026-09-19,14:00,D-C,D,Burhi Gandak,C,Rosara,38.71,42.63,46.56,25
2026-09-19,14:00,D-D,D,Burhi Gandak,D,Khagaria,37.01,36.58,39.22,25
2026-09-19,14:00,E-A,E,Kamla Balan,A,Jainagar,67.45,68.5,71.35,0
2026-09-19,14:00,E-B,E,Kamla Balan,B,Jhanjharpur,50.47,50.5,53.11,100
2026-09-19,14:00,F-A,F,Bhuthi Balan,A,Ekma,68.59,69.5,72.1,0
2026-09-19,14:00,G-A,G,Lalbakeya,A,Gowabari,69.7,71.15,73.86,0
2026-09-19,14:00,H-A,H,Ganga,A,Allahabad,78.31,84.73,88.03,0
2026-09-19,14:00,H-B,H,Ganga,B,Varanasi,67,71.26,73.9,67
2026-09-19,14:00,H-C,H,Ganga,C,Buxar,58.41,60.32,62.09,50
2026-09-19,14:00,H-D,H,Ganga,D,Digha,49.95,50.45,52.52,50
2026-09-19,14:00,H-E,H,Ganga,E,Gandhi Ghat,48.87,48.6,50.52,25
2026-09-19,14:00,H-F,H,Ganga,F,Hathidah,42.12,41.76,43.52,50
2026-09-19,14:00,H-G,H,Ganga,G,Munger,38.73,39.33,40.99,25
2026-09-19,14:00,H-H,H,Ganga,H,Bhagalpur,33.53,33.68,34.86,25
2026-09-19,14:00,H-I,H,Ganga,I,Kahalgaon,31.98,31.09,32.87,25
2026-09-19,14:00,H-J,H,Ganga,J,Farakka,23.11,22.25,25.14,25
2026-09-19,14:00,I-A,I,Punpun,A,Sripalpur,49.31,50.6,53.91,0
2026-09-19,14:00,J-A,J,Adhwara,A,Sonbarsa,78.66,81.85,83.75,0
2026-09-19,14:00,J-B,J,Adhwara,B,Sundarpur,59,61.7,64.1,108
2026-09-19,14:00,J-C,J,Adhwara,C,Pupri,51.8,55.79,56.95,50
2026-09-19,14:00,K-A,K,Khiroi,A,Kamtaul,48.19,50,53.05,0
2026-09-19,14:00,K-B,K,Khiroi,B,Ekmighat,43.59,46.94,49.52,50
2026-09-19,14:00,L-A,L,Mahananda,A,Taibpur,64.16,66,67.26,0
2026-09-19,14:00,L-B,L,Mahananda,B,Dhangaraghat,34.73,35.65,38.2,50
2026-09-19,14:00,M-A,M,Ghaghra,A,Darauli,60.67,60.82,61.82,0
2026-09-19,14:00,M-B,M,Ghaghra,B,Gangpur Siswan,55.94,57.04,58.26,50
2026-09-20,06:00,A-A,A,Gandak,A,Khada,94.4,96,97.5,0
2026-09-20,06:00,A-B,A,Gandak,B,Chatia,66.6,69.15,70.04,25
2026-09-20,06:00,A-C,A,Gandak,C,Dumaria Ghat,62.25,62.22,64.36,25
2026-09-20,06:00,A-D,A,Gandak,D,Rewa Ghat,53.01,54.41,55.46,25
2026-09-20,06:00,A-E,A,Gandak,E,Hajipur,49.06,50.32,50.93,25
2026-09-20,06:00,B-A,B,Kosi,A,Basua,46.81,47.75,49.24,0
2026-09-20,06:00,B-B,B,Kosi,B,Baltara,35.03,33.85,36.4,25
2026-09-20,06:00,B-C,B,Kosi,C,Kursela,30.67,30,32.1,25
2026-09-20,06:00,C-A,C,Bagmati,A,Dheng,70.05,71,73.47,0
2026-09-20,06:00,C-B,C,Bagmati,B,Sonakhan,68.46,68.8,72.05,25
2026-09-20,06:00,C-C,C,Bagmati,C,Dubadhar,59.88,61.28,63.75,50
2026-09-20,06:00,C-D,C,Bagmati,D,Kansar,57.5,59.06,60.86,25
2026-09-20,06:00,C-E,C,Bagmati,E,Kataunjha,54.4,55,58.36,25
2026-09-20,06:00,C-F,C,Bagmati,F,Benibad,48.55,48.68,50.12,28
2026-09-20,06:00,C-G,C,Bagmati,G,Hayaghat,42.65,45.72,48.96,25
2026-09-20,06:00,D-A,D,Burhi Gandak,A,Sikandarpur,46.92,52.53,54.29,0
2026-09-20,06:00,D-B,D,Burhi Gandak,B,Samastipur,40.8,45.73,49.38,33
2026-09-20,06:00,D-C,D,Burhi Gandak,C,Rosara,38.66,42.63,46.56,25
2026-09-20,06:00,D-D,D,Burhi Gandak,D,Khagaria,36.87,36.58,39.22,25
2026-09-20,06:00,E-A,E,Kamla Balan,A,Jainagar,67,68.5,71.35,0
2026-09-20,06:00,E-B,E,Kamla Balan,B,Jhanjharpur,49.6,50.5,53.11,100
2026-09-20,06:00,F-A,F,Bhuthi Balan,A,Ekma,68.59,69.5,72.1,0
2026-09-20,06:00,G-A,G,Lalbakeya,A,Gowabari,69.6,71.15,73.86,0
2026-09-20,06:00,H-A,H,Ganga,A,Allahabad,77.82,84.73,88.03,0
2026-09-20,06:00,H-B,H,Ganga,B,Varanasi,66.7,71.26,73.9,67
2026-09-20,06:00,H-C,H,Ganga,C,Buxar,58.25,60.32,62.09,50
2026-09-20,06:00,H-D,H,Ganga,D,Digha,49.84,50.45,52.52,50
2026-09-20,06:00,H-E,H,Ganga,E,Gandhi Ghat,48.77,48.6,50.52,25
2026-09-20,06:00,H-F,H,Ganga,F,Hathidah,42.02,41.76,43.52,50
2026-09-20,06:00,H-G,H,Ganga,G,Munger,38.65,39.33,40.99,25
2026-09-20,06:00,H-H,H,Ganga,H,Bhagalpur,33.29,33.68,34.86,25
2026-09-20,06:00,H-I,H,Ganga,I,Kahalgaon,31.82,31.09,32.87,25
2026-09-20,06:00,H-J,H,Ganga,J,Farakka,23.02,22.25,25.14,25
2026-09-20,06:00,I-A,I,Punpun,A,Sripalpur,49.15,50.6,53.91,0
2026-09-20,06:00,J-A,J,Adhwara,A,Sonbarsa,78.66,81.85,83.75,0
2026-09-20,06:00,J-B,J,Adhwara,B,Sundarpur,59,61.7,64.1,108
2026-09-20,06:00,J-C,J,Adhwara,C,Pupri,51.75,55.79,56.95,50
2026-09-20,06:00,K-A,K,Khiroi,A,Kamtaul,48.03,50,53.05,0
2026-09-20,06:00,K-B,K,Khiroi,B,Ekmighat,43.49,46.94,49.52,50
2026-09-20,06:00,L-A,L,Mahananda,A,Taibpur,63.95,66,67.26,0
2026-09-20,06:00,L-B,L,Mahananda,B,Dhangaraghat,34.83,35.65,38.2,50
2026-09-20,06:00,M-A,M,Ghaghra,A,Darauli,60.54,60.82,61.82,0
2026-09-20,06:00,M-B,M,Ghaghra,B,Gangpur Siswan,55.74,57.04,58.26,50
2026-09-20,14:00,A-A,A,Gandak,A,Khada,94.48,96,97.5,0
2026-09-20,14:00,A-B,A,Gandak,B,Chatia,66.55,69.15,70.04,25
2026-09-20,14:00,A-C,A,Gandak,C,Dumaria Ghat,62.23,62.22,64.36,25
2026-09-20,14:00,A-D,A,Gandak,D,Rewa Ghat,52.94,54.41,55.46,25
2026-09-20,14:00,A-E,A,Gandak,E,Hajipur,48.98,50.32,50.93,25
2026-09-20,14:00,B-A,B,Kosi,A,Basua,46.78,47.75,49.24,0
2026-09-20,14:00,B-B,B,Kosi,B,Baltara,34.99,33.85,36.4,25
2026-09-20,14:00,B-C,B,Kosi,C,Kursela,30.63,30,32.1,25
2026-09-20,14:00,C-A,C,Bagmati,A,Dheng,69.91,71,73.47,0
2026-09-20,14:00,C-B,C,Bagmati,B,Sonakhan,68.31,68.8,72.05,25
2026-09-20,14:00,C-C,C,Bagmati,C,Dubadhar,59.76,61.28,63.75,50
2026-09-20,14:00,C-D,C,Bagmati,D,Kansar,57,59.06,60.86,25
2026-09-20,14:00,C-E,C,Bagmati,E,Kataunjha,54.15,55,58.36,25
2026-09-20,14:00,C-F,C,Bagmati,F,Benibad,49.4,48.68,50.12,28
2026-09-20,14:00,C-G,C,Bagmati,G,Hayaghat,42.75,45.72,48.96,25
2026-09-20,14:00,D-A,D,Burhi Gandak,A,Sikandarpur,47,52.53,54.29,0
2026-09-20,14:00,D-B,D,Burhi Gandak,B,Samastipur,40.8,45.73,49.38,33
2026-09-20,14:00,D-C,D,Burhi Gandak,C,Rosara,38.66,42.63,46.56,25
2026-09-20,14:00,D-D,D,Burhi Gandak,D,Khagaria,36.79,36.58,39.22,25
2026-09-20,14:00,E-A,E,Kamla Balan,A,Jainagar,67.25,68.5,71.35,0
2026-09-20,14:00,E-B,E,Kamla Balan,B,Jhanjharpur,49.5,50.5,53.11,100
2026-09-20,14:00,F-A,F,Bhuthi Balan,A,Ekma,68.59,69.5,72.1,0
2026-09-20,14:00,G-A,G,Lalbakeya,A,Gowabari,69.6,71.15,73.86,0
2026-09-20,14:00,H-A,H,Ganga,A,Allahabad,77.81,84.73,88.03,0
2026-09-20,14:00,H-B,H,Ganga,B,Varanasi,66.54,71.26,73.9,67
2026-09-20,14:00,H-C,H,Ganga,C,Buxar,58.13,60.32,62.09,50
2026-09-20,14:00,H-D,H,Ganga,D,Digha,49.76,50.45,52.52,50
2026-09-20,14:00,H-E,H,Ganga,E,Gandhi Ghat,48.69,48.6,50.52,25
2026-09-20,14:00,H-F,H,Ganga,F,Hathidah,41.97,41.76,43.52,50
2026-09-20,14:00,H-G,H,Ganga,G,Munger,38.61,39.33,40.99,25
2026-09-20,14:00,H-H,H,Ganga,H,Bhagalpur,33.25,33.68,34.86,25
2026-09-20,14:00,H-I,H,Ganga,I,Kahalgaon,31.78,31.09,32.87,25
2026-09-20,14:00,H-J,H,Ganga,J,Farakka,22.97,22.25,25.14,25
2026-09-20,14:00,I-A,I,Punpun,A,Sripalpur,49,50.6,53.91,0
2026-09-20,14:00,J-A,J,Adhwara,A,Sonbarsa,78.1,81.85,83.75,0
2026-09-20,14:00,J-B,J,Adhwara,B,Sundarpur,59,61.7,64.1,108
2026-09-20,14:00,J-C,J,Adhwara,C,Pupri,51.75,55.79,56.95,50
2026-09-20,14:00,K-A,K,Khiroi,A,Kamtaul,47.95,50,53.05,0
2026-09-20,14:00,K-B,K,Khiroi,B,Ekmighat,43.63,46.94,49.52,50
2026-09-20,14:00,L-A,L,Mahananda,A,Taibpur,63.9,66,67.26,0
2026-09-20,14:00,L-B,L,Mahananda,B,Dhangaraghat,34.79,35.65,38.2,50
2026-09-20,14:00,M-A,M,Ghaghra,A,Darauli,60.48,60.82,61.82,0
2026-09-20,14:00,M-B,M,Ghaghra,B,Gangpur Siswan,55.58,57.04,58.26,50
2026-09-21,06:00,A-A,A,Gandak,A,Khada,94.47,96,97.5,0
2026-09-21,06:00,A-B,A,Gandak,B,Chatia,66.49,69.15,70.04,25
2026-09-21,06:00,A-C,A,Gandak,C,Dumaria Ghat,62.16,62.22,64.36,25
2026-09-21,06:00,A-D,A,Gandak,D,Rewa Ghat,52.78,54.41,55.46,25
2026-09-21,06:00,A-E,A,Gandak,E,Hajipur,48.89,50.32,50.93,25
2026-09-21,06:00,B-A,B,Kosi,A,Basua,46.75,47.75,49.24,0
2026-09-21,06:00,B-B,B,Kosi,B,Baltara,34.96,33.85,36.4,25
2026-09-21,06:00,B-C,B,Kosi,C,Kursela,30.55,30,32.1,25
2026-09-21,06:00,C-A,C,Bagmati,A,Dheng,69.85,71,73.47,0
2026-09-21,06:00,C-B,C,Bagmati,B,Sonakhan,68.17,68.8,72.05,25
2026-09-21,06:00,C-C,C,Bagmati,C,Dubadhar,59.68,61.28,63.75,50
2026-09-21,06:00,C-D,C,Bagmati,D,Kansar,56.7,59.06,60.86,25
2026-09-21,06:00,C-E,C,Bagmati,E,Kataunjha,53.65,55,58.36,25
2026-09-21,06:00,C-F,C,Bagmati,F,Benibad,48.9,48.68,50.12,28
2026-09-21,06:00,C-G,C,Bagmati,G,Hayaghat,43.02,45.72,48.96,25
2026-09-21,06:00,D-A,D,Burhi Gandak,A,Sikandarpur,47.1,52.53,54.29,0
2026-09-21,06:00,D-B,D,Burhi Gandak,B,Samastipur,40.8,45.73,49.38,33
2026-09-21,06:00,D-C,D,Burhi Gandak,C,Rosara,38.66,42.63,46.56,25
2026-09-21,06:00,D-D,D,Burhi Gandak,D,Khagaria,36.66,36.58,39.22,25
2026-09-21,06:00,E-A,E,Kamla Balan,A,Jainagar,67.15,68.5,71.35,0
2026-09-21,06:00,E-B,E,Kamla Balan,B,Jhanjharpur,49.4,50.5,53.11,100
2026-09-21,06:00,F-A,F,Bhuthi Balan,A,Ekma,68.59,69.5,72.1,0
2026-09-21,06:00,G-A,G,Lalbakeya,A,Gowabari,69.45,71.15,73.86,0
2026-09-21,06:00,H-A,H,Ganga,A,Allahabad,77.71,84.73,88.03,0
2026-09-21,06:00,H-B,H,Ganga,B,Varanasi,66.25,71.26,73.9,67
2026-09-21,06:00,H-C,H,Ganga,C,Buxar,57.81,60.32,62.09,50
2026-09-21,06:00,H-D,H,Ganga,D,Digha,49.6,50.45,52.52,50
2026-09-21,06:00,H-E,H,Ganga,E,Gandhi Ghat,48.56,48.6,50.52,25
2026-09-21,06:00,H-F,H,Ganga,F,Hathidah,41.85,41.76,43.52,50
2026-09-21,06:00,H-G,H,Ganga,G,Munger,38.53,39.33,40.99,25
2026-09-21,06:00,H-H,H,Ganga,H,Bhagalpur,33.19,33.68,34.86,25
2026-09-21,06:00,H-I,H,Ganga,I,Kahalgaon,31.66,31.09,32.87,25
2026-09-21,06:00,H-J,H,Ganga,J,Farakka,22.83,22.25,25.14,25
2026-09-21,06:00,I-A,I,Punpun,A,Sripalpur,48.75,50.6,53.91,0
2026-09-21,06:00,J-A,J,Adhwara,A,Sonbarsa,78.1,81.85,83.75,0
2026-09-21,06:00,J-B,J,Adhwara,B,Sundarpur,58.9,61.7,64.1,108
2026-09-21,06:00,J-C,J,Adhwara,C,Pupri,51.75,55.79,56.95,50
2026-09-21,06:00,K-A,K,Khiroi,A,Kamtaul,47.94,50,53.05,0
2026-09-21,06:00,K-B,K,Khiroi,B,Ekmighat,43.85,46.94,49.52,50
2026-09-21,06:00,L-A,L,Mahananda,A,Taibpur,63.81,66,67.26,0
2026-09-21,06:00,L-B,L,Mahananda,B,Dhangaraghat,34.53,35.65,38.2,50
2026-09-21,06:00,M-A,M,Ghaghra,A,Darauli,60.36,60.82,61.82,0
2026-09-21,06:00,M-B,M,Ghaghra,B,Gangpur Siswan,55.32,57.04,58.26,50
2026-09-21,14:00,A-A,A,Gandak,A,Khada,94.54,96,97.5,0
2026-09-21,14:00,A-B,A,Gandak,B,Chatia,66.41,69.15,70.04,25
2026-09-21,14:00,A-C,A,Gandak,C,Dumaria Ghat,62.04,62.22,64.36,25
2026-09-21,14:00,A-D,A,Gandak,D,Rewa Ghat,52.7,54.41,55.46,25
2026-09-21,14:00,A-E,A,Gandak,E,Hajipur,48.81,50.32,50.93,25
2026-09-21,14:00,B-A,B,Kosi,A,Basua,46.74,47.75,49.24,0
2026-09-21,14:00,B-B,B,Kosi,B,Baltara,34.78,33.85,36.4,25
2026-09-21,14:00,B-C,B,Kosi,C,Kursela,30.49,30,32.1,25
2026-09-21,14:00,C-A,C,Bagmati,A,Dheng,70.05,71,73.47,0
2026-09-21,14:00,C-B,C,Bagmati,B,Sonakhan,68.23,68.8,72.05,25
2026-09-21,14:00,C-C,C,Bagmati,C,Dubadhar,59.7,61.28,63.75,50
2026-09-21,14:00,C-D,C,Bagmati,D,Kansar,56.65,59.06,60.86,25
2026-09-21,14:00,C-E,C,Bagmati,E,Kataunjha,53.55,55,58.36,25
2026-09-21,14:00,C-F,C,Bagmati,F,Benibad,48.62,48.68,50.12,28
2026-09-21,14:00,C-G,C,Bagmati,G,Hayaghat,42.95,45.72,48.96,25
2026-09-21,14:00,D-A,D,Burhi Gandak,A,Sikandarpur,47.12,52.53,54.29,0
2026-09-21,14:00,D-B,D,Burhi Gandak,B,Samastipur,40.8,45.73,49.38,33
2026-09-21,14:00,D-C,D,Burhi Gandak,C,Rosara,38.65,42.63,46.56,25
2026-09-21,14:00,D-D,D,Burhi Gandak,D,Khagaria,36.6,36.58,39.22,25
2026-09-21,14:00,E-A,E,Kamla Balan,A,Jainagar,67.15,68.5,71.35,0
2026-09-21,14:00,E-B,E,Kamla Balan,B,Jhanjharpur,49.4,50.5,53.11,100
2026-09-21,14:00,F-A,F,Bhuthi Balan,A,Ekma,68.59,69.5,72.1,0
2026-09-21,14:00,G-A,G,Lalbakeya,A,Gowabari,69.45,71.15,73.86,0
2026-09-21,14:00,H-A,H,Ganga,A,Allahabad,77.7,84.73,88.03,0
2026-09-21,14:00,H-B,H,Ganga,B,Varanasi,66.2,71.26,73.9,67
2026-09-21,14:00,H-C,H,Ganga,C,Buxar,57.75,60.32,62.09,50
2026-09-21,14:00,H-D,H,Ganga,D,Digha,49.5,50.45,52.52,50
2026-09-21,14:00,H-E,H,Ganga,E,Gandhi Ghat,48.45,48.6,50.52,25
2026-09-21,14:00,H-F,H,Ganga,F,Hathidah,41.76,41.76,43.52,50
2026-09-21,14:00,H-G,H,Ganga,G,Munger,38.45,39.33,40.99,25
2026-09-21,14:00,H-H,H,Ganga,H,Bhagalpur,33.15,33.68,34.86,25
2026-09-21,14:00,H-I,H,Ganga,I,Kahalgaon,31.62,31.09,32.87,25
2026-09-21,14:00,H-J,H,Ganga,J,Farakka,22.73,22.25,25.14,25
2026-09-21,14:00,I-A,I,Punpun,A,Sripalpur,48.67,50.6,53.91,0
2026-09-21,14:00,J-A,J,Adhwara,A,Sonbarsa,78.1,81.85,83.75,0
2026-09-21,14:00,J-B,J,Adhwara,B,Sundarpur,58.8,61.7,64.1,108
2026-09-21,14:00,J-C,J,Adhwara,C,Pupri,51.75,55.79,56.95,50
2026-09-21,14:00,K-A,K,Khiroi,A,Kamtaul,47.94,50,53.05,0
2026-09-21,14:00,K-B,K,Khiroi,B,Ekmighat,43.67,46.94,49.52,50
2026-09-21,14:00,L-A,L,Mahananda,A,Taibpur,63.77,66,67.26,0
2026-09-21,14:00,L-B,L,Mahananda,B,Dhangaraghat,34.45,35.65,38.2,50
2026-09-21,14:00,M-A,M,Ghaghra,A,Darauli,60.33,60.82,61.82,0
2026-09-21,14:00,M-B,M,Ghaghra,B,Gangpur Siswan,55.26,57.04,58.26,50
2026-09-22,06:00,A-A,A,Gandak,A,Khada,94.42,96,97.5,0
2026-09-22,06:00,A-B,A,Gandak,B,Chatia,66.36,69.15,70.04,25
2026-09-22,06:00,A-C,A,Gandak,C,Dumaria Ghat,61.92,62.22,64.36,25
2026-09-22,06:00,A-D,A,Gandak,D,Rewa Ghat,52.58,54.41,55.46,25
2026-09-22,06:00,A-E,A,Gandak,E,Hajipur,48.71,50.32,50.93,25
2026-09-22,06:00,B-A,B,Kosi,A,Basua,46.64,47.75,49.24,0
2026-09-22,06:00,B-B,B,Kosi,B,Baltara,34.61,33.85,36.4,25
2026-09-22,06:00,B-C,B,Kosi,C,Kursela,30.33,30,32.1,25
2026-09-22,06:00,C-A,C,Bagmati,A,Dheng,69.9,71,73.47,0
2026-09-22,06:00,C-B,C,Bagmati,B,Sonakhan,68.16,68.8,72.05,25
2026-09-22,06:00,C-C,C,Bagmati,C,Dubadhar,59.74,61.28,63.75,50
2026-09-22,06:00,C-D,C,Bagmati,D,Kansar,56.62,59.06,60.86,25
2026-09-22,06:00,C-E,C,Bagmati,E,Kataunjha,53.4,55,58.36,25
2026-09-22,06:00,C-F,C,Bagmati,F,Benibad,48.48,48.68,50.12,28
2026-09-22,06:00,C-G,C,Bagmati,G,Hayaghat,42.44,45.72,48.96,25
2026-09-22,06:00,D-A,D,Burhi Gandak,A,Sikandarpur,47.14,52.53,54.29,0
2026-09-22,06:00,D-B,D,Burhi Gandak,B,Samastipur,40.8,45.73,49.38,33
2026-09-22,06:00,D-C,D,Burhi Gandak,C,Rosara,38.65,42.63,46.56,25
2026-09-22,06:00,D-D,D,Burhi Gandak,D,Khagaria,36.45,36.58,39.22,25
2026-09-22,06:00,E-A,E,Kamla Balan,A,Jainagar,67.3,68.5,71.35,0
2026-09-22,06:00,E-B,E,Kamla Balan,B,Jhanjharpur,49.32,50.5,53.11,100
2026-09-22,06:00,F-A,F,Bhuthi Balan,A,Ekma,68.59,69.5,72.1,0
2026-09-22,06:00,G-A,G,Lalbakeya,A,Gowabari,69.4,71.15,73.86,0
2026-09-22,06:00,H-A,H,Ganga,A,Allahabad,77.65,84.73,88.03,0
2026-09-22,06:00,H-B,H,Ganga,B,Varanasi,66.05,71.26,73.9,67
2026-09-22,06:00,H-C,H,Ganga,C,Buxar,57.54,60.32,62.09,50
2026-09-22,06:00,H-D,H,Ganga,D,Digha,49.32,50.45,52.52,50
2026-09-22,06:00,H-E,H,Ganga,E,Gandhi Ghat,48.35,48.6,50.52,25
2026-09-22,06:00,H-F,H,Ganga,F,Hathidah,41.59,41.76,43.52,50
2026-09-22,06:00,H-G,H,Ganga,G,Munger,38.21,39.33,40.99,25
2026-09-22,06:00,H-H,H,Ganga,H,Bhagalpur,33.01,33.68,34.86,25
2026-09-22,06:00,H-I,H,Ganga,I,Kahalgaon,31.54,31.09,32.87,25
2026-09-22,06:00,H-J,H,Ganga,J,Farakka,22.56,22.25,25.14,25
2026-09-22,06:00,I-A,I,Punpun,A,Sripalpur,48.48,50.6,53.91,0
2026-09-22,06:00,J-A,J,Adhwara,A,Sonbarsa,78.1,81.85,83.75,0
2026-09-22,06:00,J-B,J,Adhwara,B,Sundarpur,58.8,61.7,64.1,108
2026-09-22,06:00,J-C,J,Adhwara,C,Pupri,51.75,55.79,56.95,50
2026-09-22,06:00,K-A,K,Khiroi,A,Kamtaul,47.94,50,53.05,0
2026-09-22,06:00,K-B,K,Khiroi,B,Ekmighat,43.44,46.94,49.52,50
2026-09-22,06:00,L-A,L,Mahananda,A,Taibpur,63.74,66,67.26,0
2026-09-22,06:00,L-B,L,Mahananda,B,Dhangaraghat,34.35,35.65,38.2,50
2026-09-22,06:00,M-A,M,Ghaghra,A,Darauli,60.24,60.82,61.82,0
2026-09-22,06:00,M-B,M,Ghaghra,B,Gangpur Siswan,55.08,57.04,58.26,50
2026-09-22,14:00,A-A,A,Gandak,A,Khada,94.58,96,97.5,0
2026-09-22,14:00,A-B,A,Gandak,B,Chatia,66.25,69.15,70.04,25
2026-09-22,14:00,A-C,A,Gandak,C,Dumaria Ghat,61.9,62.22,64.36,25
2026-09-22,14:00,A-D,A,Gandak,D,Rewa Ghat,52.55,54.41,55.46,25
2026-09-22,14:00,A-E,A,Gandak,E,Hajipur,48.61,50.32,50.93,25
2026-09-22,14:00,B-A,B,Kosi,A,Basua,46.61,47.75,49.24,0
2026-09-22,14:00,B-B,B,Kosi,B,Baltara,34.48,33.85,36.4,25
2026-09-22,14:00,B-C,B,Kosi,C,Kursela,30.25,30,32.1,25
2026-09-22,14:00,C-A,C,Bagmati,A,Dheng,69.8,71,73.47,0
2026-09-22,14:00,C-B,C,Bagmati,B,Sonakhan,68.1,68.8,72.05,25
2026-09-22,14:00,C-C,C,Bagmati,C,Dubadhar,59.72,61.28,63.75,50
2026-09-22,14:00,C-D,C,Bagmati,D,Kansar,56.6,59.06,60.86,25
2026-09-22,14:00,C-E,C,Bagmati,E,Kataunjha,53.38,55,58.36,25
2026-09-22,14:00,C-F,C,Bagmati,F,Benibad,48.54,48.68,50.12,28
2026-09-22,14:00,C-G,C,Bagmati,G,Hayaghat,42.18,45.72,48.96,25
2026-09-22,14:00,D-A,D,Burhi Gandak,A,Sikandarpur,47.38,52.53,54.29,0
2026-09-22,14:00,D-B,D,Burhi Gandak,B,Samastipur,40.8,45.73,49.38,33
2026-09-22,14:00,D-C,D,Burhi Gandak,C,Rosara,38.63,42.63,46.56,25
2026-09-22,14:00,D-D,D,Burhi Gandak,D,Khagaria,36.4,36.58,39.22,25
2026-09-22,14:00,E-A,E,Kamla Balan,A,Jainagar,67.3,68.5,71.35,0
2026-09-22,14:00,E-B,E,Kamla Balan,B,Jhanjharpur,49.3,50.5,53.11,100
2026-09-22,14:00,F-A,F,Bhuthi Balan,A,Ekma,68.59,69.5,72.1,0
2026-09-22,14:00,G-A,G,Lalbakeya,A,Gowabari,69.4,71.15,73.86,0
2026-09-22,14:00,H-A,H,Ganga,A,Allahabad,77.63,84.73,88.03,0
2026-09-22,14:00,H-B,H,Ganga,B,Varanasi,66.04,71.26,73.9,67
2026-09-22,14:00,H-C,H,Ganga,C,Buxar,57.46,60.32,62.09,50
2026-09-22,14:00,H-D,H,Ganga,D,Digha,49.24,50.45,52.52,50
2026-09-22,14:00,H-E,H,Ganga,E,Gandhi Ghat,48.26,48.6,50.52,25
2026-09-22,14:00,H-F,H,Ganga,F,Hathidah,41.53,41.76,43.52,50
2026-09-22,14:00,H-G,H,Ganga,G,Munger,38.13,39.33,40.99,25
2026-09-22,14:00,H-H,H,Ganga,H,Bhagalpur,32.85,33.68,34.86,25
2026-09-22,14:00,H-I,H,Ganga,I,Kahalgaon,31.47,31.09,32.87,25
2026-09-22,14:00,H-J,H,Ganga,J,Farakka,22.48,22.25,25.14,25
2026-09-22,14:00,I-A,I,Punpun,A,Sripalpur,48.34,50.6,53.91,0
2026-09-22,14:00,J-A,J,Adhwara,A,Sonbarsa,78.08,81.85,83.75,0
2026-09-22,14:00,J-B,J,Adhwara,B,Sundarpur,58.8,61.7,64.1,108
2026-09-22,14:00,J-C,J,Adhwara,C,Pupri,51.7,55.79,56.95,50
2026-09-22,14:00,K-A,K,Khiroi,A,Kamtaul,47.86,50,53.05,0
2026-09-22,14:00,K-B,K,Khiroi,B,Ekmighat,43.36,46.94,49.52,50
2026-09-22,14:00,L-A,L,Mahananda,A,Taibpur,63.72,66,67.26,0
2026-09-22,14:00,L-B,L,Mahananda,B,Dhangaraghat,34.19,35.65,38.2,50
2026-09-22,14:00,M-A,M,Ghaghra,A,Darauli,60.14,60.82,61.82,0
2026-09-22,14:00,M-B,M,Ghaghra,B,Gangpur Siswan,55,57.04,58.26,50
2026-09-23,06:00,A-A,A,Gandak,A,Khada,94.5,96,97.5,0
2026-09-23,06:00,A-B,A,Gandak,B,Chatia,66.15,69.15,70.04,25
2026-09-23,06:00,A-C,A,Gandak,C,Dumaria Ghat,61.85,62.22,64.36,25
2026-09-23,06:00,A-D,A,Gandak,D,Rewa Ghat,52.39,54.41,55.46,25
2026-09-23,06:00,A-E,A,Gandak,E,Hajipur,48.52,50.32,50.93,25
2026-09-23,06:00,B-A,B,Kosi,A,Basua,46.57,47.75,49.24,0
2026-09-23,06:00,B-B,B,Kosi,B,Baltara,34.31,33.85,36.4,25
2026-09-23,06:00,B-C,B,Kosi,C,Kursela,30.09,30,32.1,25
2026-09-23,06:00,C-A,C,Bagmati,A,Dheng,69.8,71,73.47,0
2026-09-23,06:00,C-B,C,Bagmati,B,Sonakhan,68.1,68.8,72.05,25
2026-09-23,06:00,C-C,C,Bagmati,C,Dubadhar,59.7,61.28,63.75,50
2026-09-23,06:00,C-D,C,Bagmati,D,Kansar,56.59,59.06,60.86,25
2026-09-23,06:00,C-E,C,Bagmati,E,Kataunjha,53.35,55,58.36,25
2026-09-23,06:00,C-F,C,Bagmati,F,Benibad,48.42,48.68,50.12,28
2026-09-23,06:00,C-G,C,Bagmati,G,Hayaghat,42.08,45.72,48.96,25
2026-09-23,06:00,D-A,D,Burhi Gandak,A,Sikandarpur,47.46,52.53,54.29,0
2026-09-23,06:00,D-B,D,Burhi Gandak,B,Samastipur,40.85,45.73,49.38,33
2026-09-23,06:00,D-C,D,Burhi Gandak,C,Rosara,38.62,42.63,46.56,25
2026-09-23,06:00,D-D,D,Burhi Gandak,D,Khagaria,36.23,36.58,39.22,25
2026-09-23,06:00,E-A,E,Kamla Balan,A,Jainagar,67.1,68.5,71.35,0
2026-09-23,06:00,E-B,E,Kamla Balan,B,Jhanjharpur,49.3,50.5,53.11,100
2026-09-23,06:00,F-A,F,Bhuthi Balan,A,Ekma,68.74,69.5,72.1,0
2026-09-23,06:00,G-A,G,Lalbakeya,A,Gowabari,69.3,71.15,73.86,0
2026-09-23,06:00,H-A,H,Ganga,A,Allahabad,77.38,84.73,88.03,0
2026-09-23,06:00,H-B,H,Ganga,B,Varanasi,65.88,71.26,73.9,67
2026-09-23,06:00,H-C,H,Ganga,C,Buxar,57.37,60.32,62.09,50
2026-09-23,06:00,H-D,H,Ganga,D,Digha,49.16,50.45,52.52,50
2026-09-23,06:00,H-E,H,Ganga,E,Gandhi Ghat,48.15,48.6,50.52,25
2026-09-23,06:00,H-F,H,Ganga,F,Hathidah,41.42,41.76,43.52,50
2026-09-23,06:00,H-G,H,Ganga,G,Munger,37.97,39.33,40.99,25
2026-09-23,06:00,H-H,H,Ganga,H,Bhagalpur,32.65,33.68,34.86,25
2026-09-23,06:00,H-I,H,Ganga,I,Kahalgaon,31.35,31.09,32.87,25
2026-09-23,06:00,H-J,H,Ganga,J,Farakka,22.35,22.25,25.14,25
2026-09-23,06:00,I-A,I,Punpun,A,Sripalpur,48.26,50.6,53.91,0
2026-09-23,06:00,J-A,J,Adhwara,A,Sonbarsa,78.08,81.85,83.75,0
2026-09-23,06:00,J-B,J,Adhwara,B,Sundarpur,58.7,61.7,64.1,108
2026-09-23,06:00,J-C,J,Adhwara,C,Pupri,51.7,55.79,56.95,50
2026-09-23,06:00,K-A,K,Khiroi,A,Kamtaul,47.7,50,53.05,0
2026-09-23,06:00,K-B,K,Khiroi,B,Ekmighat,43.28,46.94,49.52,50
2026-09-23,06:00,L-A,L,Mahananda,A,Taibpur,63.74,66,67.26,0
2026-09-23,06:00,L-B,L,Mahananda,B,Dhangaraghat,34.1,35.65,38.2,50
2026-09-23,06:00,M-A,M,Ghaghra,A,Darauli,59.99,60.82,61.82,0
2026-09-23,06:00,M-B,M,Ghaghra,B,Gangpur Siswan,54.76,57.04,58.26,50
2026-09-23,14:00,A-A,A,Gandak,A,Khada,94.58,96,97.5,0
2026-09-23,14:00,A-B,A,Gandak,B,Chatia,66.15,69.15,70.04,25
2026-09-23,14:00,A-C,A,Gandak,C,Dumaria Ghat,61.83,62.22,64.36,25
2026-09-23,14:00,A-D,A,Gandak,D,Rewa Ghat,52.31,54.41,55.46,25
2026-09-23,14:00,A-E,A,Gandak,E,Hajipur,48.48,50.32,50.93,25
2026-09-23,14:00,B-A,B,Kosi,A,Basua,46.55,47.75,49.24,0
2026-09-23,14:00,B-B,B,Kosi,B,Baltara,34.2,33.85,36.4,25
2026-09-23,14:00,B-C,B,Kosi,C,Kursela,30.01,30,32.1,25
2026-09-23,14:00,C-A,C,Bagmati,A,Dheng,69.75,71,73.47,0
2026-09-23,14:00,C-B,C,Bagmati,B,Sonakhan,68.06,68.8,72.05,25
2026-09-23,14:00,C-C,C,Bagmati,C,Dubadhar,59.68,61.28,63.75,50
2026-09-23,14:00,C-D,C,Bagmati,D,Kansar,56.55,59.06,60.86,25
2026-09-23,14:00,C-E,C,Bagmati,E,Kataunjha,53.33,55,58.36,25
2026-09-23,14:00,C-F,C,Bagmati,F,Benibad,48.22,48.68,50.12,28
2026-09-23,14:00,C-G,C,Bagmati,G,Hayaghat,41.94,45.72,48.96,25
2026-09-23,14:00,D-A,D,Burhi Gandak,A,Sikandarpur,47.38,52.53,54.29,0
2026-09-23,14:00,D-B,D,Burhi Gandak,B,Samastipur,40.9,45.73,49.38,33
2026-09-23,14:00,D-C,D,Burhi Gandak,C,Rosara,38.64,42.63,46.56,25
2026-09-23,14:00,D-D,D,Burhi Gandak,D,Khagaria,36.15,36.58,39.22,25
2026-09-23,14:00,E-A,E,Kamla Balan,A,Jainagar,67.05,68.5,71.35,0
2026-09-23,14:00,E-B,E,Kamla Balan,B,Jhanjharpur,49.3,50.5,53.11,100
2026-09-23,14:00,F-A,F,Bhuthi Balan,A,Ekma,68.59,69.5,72.1,0
2026-09-23,14:00,G-A,G,Lalbakeya,A,Gowabari,69.3,71.15,73.86,0
2026-09-23,14:00,H-A,H,Ganga,A,Allahabad,77.26,84.73,88.03,0
2026-09-23,14:00,H-B,H,Ganga,B,Varanasi,65.83,71.26,73.9,67
2026-09-23,14:00,H-C,H,Ganga,C,Buxar,57.29,60.32,62.09,50
2026-09-23,14:00,H-D,H,Ganga,D,Digha,49.1,50.45,52.52,50
2026-09-23,14:00,H-E,H,Ganga,E,Gandhi Ghat,48.11,48.6,50.52,25
2026-09-23,14:00,H-F,H,Ganga,F,Hathidah,41.35,41.76,43.52,50
2026-09-23,14:00,H-G,H,Ganga,G,Munger,37.83,39.33,40.99,25
2026-09-23,14:00,H-H,H,Ganga,H,Bhagalpur,32.49,33.68,34.86,25
2026-09-23,14:00,H-I,H,Ganga,I,Kahalgaon,31.27,31.09,32.87,25
2026-09-23,14:00,H-J,H,Ganga,J,Farakka,22.15,22.25,25.14,25
2026-09-23,14:00,I-A,I,Punpun,A,Sripalpur,48.26,50.6,53.91,0
2026-09-23,14:00,J-A,J,Adhwara,A,Sonbarsa,78.06,81.85,83.75,0
2026-09-23,14:00,J-B,J,Adhwara,B,Sundarpur,58.6,61.7,64.1,108
2026-09-23,14:00,J-C,J,Adhwara,C,Pupri,51.7,55.79,56.95,50
2026-09-23,14:00,K-A,K,Khiroi,A,Kamtaul,47.64,50,53.05,0
2026-09-23,14:00,K-B,K,Khiroi,B,Ekmighat,43.15,46.94,49.52,50
2026-09-23,14:00,L-A,L,Mahananda,A,Taibpur,63.76,66,67.26,0
2026-09-23,14:00,L-B,L,Mahananda,B,Dhangaraghat,34.07,35.65,38.2,50
2026-09-23,14:00,M-A,M,Ghaghra,A,Darauli,59.99,60.82,61.82,0
2026-09-23,14:00,M-B,M,Ghaghra,B,Gangpur Siswan,54.72,57.04,58.26,50
2026-09-24,06:00,A-A,A,Gandak,A,Khada,94.72,96,97.5,0
2026-09-24,06:00,A-B,A,Gandak,B,Chatia,66.07,69.15,70.04,25
2026-09-24,06:00,A-C,A,Gandak,C,Dumaria Ghat,61.82,62.22,64.36,25
2026-09-24,06:00,A-D,A,Gandak,D,Rewa Ghat,52.19,54.41,55.46,25
2026-09-24,06:00,A-E,A,Gandak,E,Hajipur,48.4,50.32,50.93,25
2026-09-24,06:00,B-A,B,Kosi,A,Basua,46.61,47.75,49.24,0
2026-09-24,06:00,B-B,B,Kosi,B,Baltara,34.08,33.85,36.4,25
2026-09-24,06:00,B-C,B,Kosi,C,Kursela,29.85,30,32.1,25
2026-09-24,06:00,C-A,C,Bagmati,A,Dheng,70,71,73.47,0
2026-09-24,06:00,C-B,C,Bagmati,B,Sonakhan,68.3,68.8,72.05,25
2026-09-24,06:00,C-C,C,Bagmati,C,Dubadhar,59.64,61.28,63.75,50
2026-09-24,06:00,C-D,C,Bagmati,D,Kansar,56.6,59.06,60.86,25
2026-09-24,06:00,C-E,C,Bagmati,E,Kataunjha,53.5,55,58.36,25
2026-09-24,06:00,C-F,C,Bagmati,F,Benibad,48.02,48.68,50.12,28
2026-09-24,06:00,C-G,C,Bagmati,G,Hayaghat,41.78,45.72,48.96,25
2026-09-24,06:00,D-A,D,Burhi Gandak,A,Sikandarpur,47.37,52.53,54.29,0
2026-09-24,06:00,D-B,D,Burhi Gandak,B,Samastipur,41.06,45.73,49.38,33
2026-09-24,06:00,D-C,D,Burhi Gandak,C,Rosara,38.71,42.63,46.56,25
2026-09-24,06:00,D-D,D,Burhi Gandak,D,Khagaria,36.03,36.58,39.22,25
2026-09-24,06:00,E-A,E,Kamla Balan,A,Jainagar,67,68.5,71.35,0
2026-09-24,06:00,E-B,E,Kamla Balan,B,Jhanjharpur,49.2,50.5,53.11,100
2026-09-24,06:00,F-A,F,Bhuthi Balan,A,Ekma,68.74,69.5,72.1,0
2026-09-24,06:00,G-A,G,Lalbakeya,A,Gowabari,69.9,71.15,73.86,0
2026-09-24,06:00,H-A,H,Ganga,A,Allahabad,76.96,84.73,88.03,0
2026-09-24,06:00,H-B,H,Ganga,B,Varanasi,65.63,71.26,73.9,67
2026-09-24,06:00,H-C,H,Ganga,C,Buxar,57.17,60.32,62.09,50
2026-09-24,06:00,H-D,H,Ganga,D,Digha,49,50.45,52.52,50
2026-09-24,06:00,H-E,H,Ganga,E,Gandhi Ghat,48.02,48.6,50.52,25
2026-09-24,06:00,H-F,H,Ganga,F,Hathidah,41.29,41.76,43.52,50
2026-09-24,06:00,H-G,H,Ganga,G,Munger,37.62,39.33,40.99,25
2026-09-24,06:00,H-H,H,Ganga,H,Bhagalpur,32.33,33.68,34.86,25
2026-09-24,06:00,H-I,H,Ganga,I,Kahalgaon,31.03,31.09,32.87,25
2026-09-24,06:00,H-J,H,Ganga,J,Farakka,21.94,22.25,25.14,25
2026-09-24,06:00,I-A,I,Punpun,A,Sripalpur,48.26,50.6,53.91,0
2026-09-24,06:00,J-A,J,Adhwara,A,Sonbarsa,78.06,81.85,83.75,0
2026-09-24,06:00,J-B,J,Adhwara,B,Sundarpur,58.6,61.7,64.1,108
2026-09-24,06:00,J-C,J,Adhwara,C,Pupri,51.7,55.79,56.95,50
2026-09-24,06:00,K-A,K,Khiroi,A,Kamtaul,47.64,50,53.05,0
2026-09-24,06:00,K-B,K,Khiroi,B,Ekmighat,42.95,46.94,49.52,50
2026-09-24,06:00,L-A,L,Mahananda,A,Taibpur,63.92,66,67.26,0
2026-09-24,06:00,L-B,L,Mahananda,B,Dhangaraghat,33.98,35.65,38.2,50
2026-09-24,06:00,M-A,M,Ghaghra,A,Darauli,59.91,60.82,61.82,0
2026-09-24,06:00,M-B,M,Ghaghra,B,Gangpur Siswan,54.56,57.04,58.26,50
2026-09-24,14:00,A-A,A,Gandak,A,Khada,94.69,96,97.5,0
2026-09-24,14:00,A-B,A,Gandak,B,Chatia,66.05,69.15,70.04,25
2026-09-24,14:00,A-C,A,Gandak,C,Dumaria Ghat,61.9,62.22,64.36,25
2026-09-24,14:00,A-D,A,Gandak,D,Rewa Ghat,52.16,54.41,55.46,25
2026-09-24,14:00,A-E,A,Gandak,E,Hajipur,48.36,50.32,50.93,25
2026-09-24,14:00,B-A,B,Kosi,A,Basua,46.64,47.75,49.24,0
2026-09-24,14:00,B-B,B,Kosi,B,Baltara,34.08,33.85,36.4,25
2026-09-24,14:00,B-C,B,Kosi,C,Kursela,29.77,30,32.1,25
2026-09-24,14:00,C-A,C,Bagmati,A,Dheng,70.2,71,73.47,0
2026-09-24,14:00,C-B,C,Bagmati,B,Sonakhan,68.5,68.8,72.05,25
2026-09-24,14:00,C-C,C,Bagmati,C,Dubadhar,59.95,61.28,63.75,50
2026-09-24,14:00,C-D,C,Bagmati,D,Kansar,57,59.06,60.86,25
2026-09-24,14:00,C-E,C,Bagmati,E,Kataunjha,53.55,55,58.36,25
2026-09-24,14:00,C-F,C,Bagmati,F,Benibad,48.02,48.68,50.12,28
2026-09-24,14:00,C-G,C,Bagmati,G,Hayaghat,41.76,45.72,48.96,25
2026-09-24,14:00,D-A,D,Burhi Gandak,A,Sikandarpur,47.27,52.53,54.29,0
2026-09-24,14:00,D-B,D,Burhi Gandak,B,Samastipur,41.14,45.73,49.38,33
2026-09-24,14:00,D-C,D,Burhi Gandak,C,Rosara,38.75,42.63,46.56,25
2026-09-24,14:00,D-D,D,Burhi Gandak,D,Khagaria,36.01,36.58,39.22,25
2026-09-24,14:00,E-A,E,Kamla Balan,A,Jainagar,67.45,68.5,71.35,0
2026-09-24,14:00,E-B,E,Kamla Balan,B,Jhanjharpur,49.2,50.5,53.11,100
2026-09-24,14:00,F-A,F,Bhuthi Balan,A,Ekma,68.74,69.5,72.1,0
2026-09-24,14:00,G-A,G,Lalbakeya,A,Gowabari,69.6,71.15,73.86,0
2026-09-24,14:00,H-A,H,Ganga,A,Allahabad,76.92,84.73,88.03,0
2026-09-24,14:00,H-B,H,Ganga,B,Varanasi,65.54,71.26,73.9,67
2026-09-24,14:00,H-C,H,Ganga,C,Buxar,57.12,60.32,62.09,50
2026-09-24,14:00,H-D,H,Ganga,D,Digha,48.96,50.45,52.52,50
2026-09-24,14:00,H-E,H,Ganga,E,Gandhi Ghat,47.99,48.6,50.52,25
2026-09-24,14:00,H-F,H,Ganga,F,Hathidah,41.25,41.76,43.52,50
2026-09-24,14:00,H-G,H,Ganga,G,Munger,37.6,39.33,40.99,25
2026-09-24,14:00,H-H,H,Ganga,H,Bhagalpur,32.29,33.68,34.86,25
2026-09-24,14:00,H-I,H,Ganga,I,Kahalgaon,31.02,31.09,32.87,25
2026-09-24,14:00,H-J,H,Ganga,J,Farakka,21.78,22.25,25.14,25
2026-09-24,14:00,I-A,I,Punpun,A,Sripalpur,48.24,50.6,53.91,0
2026-09-24,14:00,J-A,J,Adhwara,A,Sonbarsa,78.06,81.85,83.75,0
2026-09-24,14:00,J-B,J,Adhwara,B,Sundarpur,58.6,61.7,64.1,108
2026-09-24,14:00,J-C,J,Adhwara,C,Pupri,51.7,55.79,56.95,50
2026-09-24,14:00,K-A,K,Khiroi,A,Kamtaul,47.64,50,53.05,0
2026-09-24,14:00,K-B,K,Khiroi,B,Ekmighat,42.98,46.94,49.52,50
2026-09-24,14:00,L-A,L,Mahananda,A,Taibpur,63.95,66,67.26,0
2026-09-24,14:00,L-B,L,Mahananda,B,Dhangaraghat,34.14,35.65,38.2,50
2026-09-24,14:00,M-A,M,Ghaghra,A,Darauli,59.84,60.82,61.82,0
2026-09-24,14:00,M-B,M,Ghaghra,B,Gangpur Siswan,54.5,57.04,58.26,50
2026-09-25,06:00,A-A,A,Gandak,A,Khada,94.9,96,97.5,0
2026-09-25,06:00,A-B,A,Gandak,B,Chatia,66.11,69.15,70.04,25
2026-09-25,06:00,A-C,A,Gandak,C,Dumaria Ghat,62,62.22,64.36,25
2026-09-25,06:00,A-D,A,Gandak,D,Rewa Ghat,52.26,54.41,55.46,25
2026-09-25,06:00,A-E,A,Gandak,E,Hajipur,48.33,50.32,50.93,25
2026-09-25,06:00,B-A,B,Kosi,A,Basua,46.7,47.75,49.24,0
2026-09-25,06:00,B-B,B,Kosi,B,Baltara,34.14,33.85,36.4,25
2026-09-25,06:00,B-C,B,Kosi,C,Kursela,29.61,30,32.1,25
2026-09-25,06:00,C-A,C,Bagmati,A,Dheng,70.5,71,73.47,0
2026-09-25,06:00,C-B,C,Bagmati,B,Sonakhan,68.8,68.8,72.05,25
2026-09-25,06:00,C-C,C,Bagmati,C,Dubadhar,60.23,61.28,63.75,50
2026-09-25,06:00,C-D,C,Bagmati,D,Kansar,57.15,59.06,60.86,25
2026-09-25,06:00,C-E,C,Bagmati,E,Kataunjha,53.75,55,58.36,25
2026-09-25,06:00,C-F,C,Bagmati,F,Benibad,48.7,48.68,50.12,28
2026-09-25,06:00,C-G,C,Bagmati,G,Hayaghat,41.81,45.72,48.96,25
2026-09-25,06:00,D-A,D,Burhi Gandak,A,Sikandarpur,47.18,52.53,54.29,0
2026-09-25,06:00,D-B,D,Burhi Gandak,B,Samastipur,41.25,45.73,49.38,33
2026-09-25,06:00,D-C,D,Burhi Gandak,C,Rosara,38.83,42.63,46.56,25
2026-09-25,06:00,D-D,D,Burhi Gandak,D,Khagaria,35.99,36.58,39.22,25
2026-09-25,06:00,E-A,E,Kamla Balan,A,Jainagar,67.6,68.5,71.35,0
2026-09-25,06:00,E-B,E,Kamla Balan,B,Jhanjharpur,49.7,50.5,53.11,100
2026-09-25,06:00,F-A,F,Bhuthi Balan,A,Ekma,68.74,69.5,72.1,0
2026-09-25,06:00,G-A,G,Lalbakeya,A,Gowabari,70.35,71.15,73.86,0
2026-09-25,06:00,H-A,H,Ganga,A,Allahabad,76.89,84.73,88.03,0
2026-09-25,06:00,H-B,H,Ganga,B,Varanasi,65.44,71.26,73.9,67
2026-09-25,06:00,H-C,H,Ganga,C,Buxar,57.04,60.32,62.09,50
2026-09-25,06:00,H-D,H,Ganga,D,Digha,48.88,50.45,52.52,50
2026-09-25,06:00,H-E,H,Ganga,E,Gandhi Ghat,47.94,48.6,50.52,25
2026-09-25,06:00,H-F,H,Ganga,F,Hathidah,41.17,41.76,43.52,50
2026-09-25,06:00,H-G,H,Ganga,G,Munger,37.56,39.33,40.99,25
2026-09-25,06:00,H-H,H,Ganga,H,Bhagalpur,32.21,33.68,34.86,25
2026-09-25,06:00,H-I,H,Ganga,I,Kahalgaon,30.9,31.09,32.87,25
2026-09-25,06:00,H-J,H,Ganga,J,Farakka,21.65,22.25,25.14,25
2026-09-25,06:00,I-A,I,Punpun,A,Sripalpur,48.2,50.6,53.91,0
2026-09-25,06:00,J-A,J,Adhwara,A,Sonbarsa,78.06,81.85,83.75,0
2026-09-25,06:00,J-B,J,Adhwara,B,Sundarpur,58.6,61.7,64.1,108
2026-09-25,06:00,J-C,J,Adhwara,C,Pupri,51.7,55.79,56.95,50
2026-09-25,06:00,K-A,K,Khiroi,A,Kamtaul,47.64,50,53.05,0
2026-09-25,06:00,K-B,K,Khiroi,B,Ekmighat,43.01,46.94,49.52,50
2026-09-25,06:00,L-A,L,Mahananda,A,Taibpur,64.56,66,67.26,0
2026-09-25,06:00,L-B,L,Mahananda,B,Dhangaraghat,34.17,35.65,38.2,50
2026-09-25,06:00,M-A,M,Ghaghra,A,Darauli,59.76,60.82,61.82,0
2026-09-25,06:00,M-B,M,Ghaghra,B,Gangpur Siswan,54.37,57.04,58.26,50
2026-09-25,14:00,A-A,A,Gandak,A,Khada,94.98,96,97.5,0
2026-09-25,14:00,A-B,A,Gandak,B,Chatia,66.19,69.15,70.04,25
2026-09-25,14:00,A-C,A,Gandak,C,Dumaria Ghat,62.14,62.22,64.36,25
2026-09-25,14:00,A-D,A,Gandak,D,Rewa Ghat,52.39,54.41,55.46,25
2026-09-25,14:00,A-E,A,Gandak,E,Hajipur,48.38,50.32,50.93,25
2026-09-25,14:00,B-A,B,Kosi,A,Basua,46.76,47.75,49.24,0
2026-09-25,14:00,B-B,B,Kosi,B,Baltara,34.34,33.85,36.4,25
2026-09-25,14:00,B-C,B,Kosi,C,Kursela,29.66,30,32.1,25
2026-09-25,14:00,C-A,C,Bagmati,A,Dheng,70.75,71,73.47,0
2026-09-25,14:00,C-B,C,Bagmati,B,Sonakhan,68.9,68.8,72.05,25
2026-09-25,14:00,C-C,C,Bagmati,C,Dubadhar,60.48,61.28,63.75,50
2026-09-25,14:00,C-D,C,Bagmati,D,Kansar,57.65,59.06,60.86,25
2026-09-25,14:00,C-E,C,Bagmati,E,Kataunjha,54.5,55,58.36,25
2026-09-25,14:00,C-F,C,Bagmati,F,Benibad,48.7,48.68,50.12,28
2026-09-25,14:00,C-G,C,Bagmati,G,Hayaghat,42.05,45.72,48.96,25
2026-09-25,14:00,D-A,D,Burhi Gandak,A,Sikandarpur,47.08,52.53,54.29,0
2026-09-25,14:00,D-B,D,Burhi Gandak,B,Samastipur,41.25,45.73,49.38,33
2026-09-25,14:00,D-C,D,Burhi Gandak,C,Rosara,38.83,42.63,46.56,25
2026-09-25,14:00,D-D,D,Burhi Gandak,D,Khagaria,35.96,36.58,39.22,25
2026-09-25,14:00,E-A,E,Kamla Balan,A,Jainagar,67.6,68.5,71.35,0
2026-09-25,14:00,E-B,E,Kamla Balan,B,Jhanjharpur,50.16,50.5,53.11,100
2026-09-25,14:00,F-A,F,Bhuthi Balan,A,Ekma,68.74,69.5,72.1,0
2026-09-25,14:00,G-A,G,Lalbakeya,A,Gowabari,70.65,71.15,73.86,0
2026-09-25,14:00,H-A,H,Ganga,A,Allahabad,77.11,84.73,88.03,0
2026-09-25,14:00,H-B,H,Ganga,B,Varanasi,65.36,71.26,73.9,67
2026-09-25,14:00,H-C,H,Ganga,C,Buxar,56.99,60.32,62.09,50
2026-09-25,14:00,H-D,H,Ganga,D,Digha,48.84,50.45,52.52,50
2026-09-25,14:00,H-E,H,Ganga,E,Gandhi Ghat,47.91,48.6,50.52,25
2026-09-25,14:00,H-F,H,Ganga,F,Hathidah,41.15,41.76,43.52,50
2026-09-25,14:00,H-G,H,Ganga,G,Munger,37.55,39.33,40.99,25
2026-09-25,14:00,H-H,H,Ganga,H,Bhagalpur,32.21,33.68,34.86,25
2026-09-25,14:00,H-I,H,Ganga,I,Kahalgaon,30.86,31.09,32.87,25
2026-09-25,14:00,H-J,H,Ganga,J,Farakka,21.65,22.25,25.14,25
2026-09-25,14:00,I-A,I,Punpun,A,Sripalpur,48.21,50.6,53.91,0
2026-09-25,14:00,J-A,J,Adhwara,A,Sonbarsa,78.06,81.85,83.75,0
2026-09-25,14:00,J-B,J,Adhwara,B,Sundarpur,58.6,61.7,64.1,108
2026-09-25,14:00,J-C,J,Adhwara,C,Pupri,51.75,55.79,56.95,50
2026-09-25,14:00,K-A,K,Khiroi,A,Kamtaul,47.56,50,53.05,0
2026-09-25,14:00,K-B,K,Khiroi,B,Ekmighat,43.13,46.94,49.52,50
2026-09-25,14:00,L-A,L,Mahananda,A,Taibpur,65.23,66,67.26,0
2026-09-25,14:00,L-B,L,Mahananda,B,Dhangaraghat,34.47,35.65,38.2,50
2026-09-25,14:00,M-A,M,Ghaghra,A,Darauli,59.76,60.82,61.82,0
2026-09-25,14:00,M-B,M,Ghaghra,B,Gangpur Siswan,54.33,57.04,58.26,50
2026-09-26,06:00,A-A,A,Gandak,A,Khada,95.48,96,97.5,0
2026-09-26,06:00,A-B,A,Gandak,B,Chatia,66.43,69.15,70.04,25
2026-09-26,06:00,A-C,A,Gandak,C,Dumaria Ghat,62.28,62.22,64.36,25
2026-09-26,06:00,A-D,A,Gandak,D,Rewa Ghat,52.5,54.41,55.46,25
2026-09-26,06:00,A-E,A,Gandak,E,Hajipur,48.38,50.32,50.93,25
2026-09-26,06:00,B-A,B,Kosi,A,Basua,46.91,47.75,49.24,0
2026-09-26,06:00,B-B,B,Kosi,B,Baltara,34.63,33.85,36.4,25
2026-09-26,06:00,B-C,B,Kosi,C,Kursela,29.67,30,32.1,25
2026-09-26,06:00,C-A,C,Bagmati,A,Dheng,71.15,71,73.47,0
2026-09-26,06:00,C-B,C,Bagmati,B,Sonakhan,69.3,68.8,72.05,25
2026-09-26,06:00,C-C,C,Bagmati,C,Dubadhar,61.41,61.28,63.75,50
2026-09-26,06:00,C-D,C,Bagmati,D,Kansar,59.2,59.06,60.86,25
2026-09-26,06:00,C-E,C,Bagmati,E,Kataunjha,55.95,55,58.36,25
2026-09-26,06:00,C-F,C,Bagmati,F,Benibad,49.6,48.68,50.12,28
2026-09-26,06:00,C-G,C,Bagmati,G,Hayaghat,42.81,45.72,48.96,25
2026-09-26,06:00,D-A,D,Burhi Gandak,A,Sikandarpur,47.08,52.53,54.29,0
2026-09-26,06:00,D-B,D,Burhi Gandak,B,Samastipur,41.2,45.73,49.38,33
2026-09-26,06:00,D-C,D,Burhi Gandak,C,Rosara,38.73,42.63,46.56,25
2026-09-26,06:00,D-D,D,Burhi Gandak,D,Khagaria,35.92,36.58,39.22,25
2026-09-26,06:00,E-A,E,Kamla Balan,A,Jainagar,67.6,68.5,71.35,0
2026-09-26,06:00,E-B,E,Kamla Balan,B,Jhanjharpur,50.2,50.5,53.11,100
2026-09-26,06:00,F-A,F,Bhuthi Balan,A,Ekma,68.74,69.5,72.1,0
2026-09-26,06:00,G-A,G,Lalbakeya,A,Gowabari,71.1,71.15,73.86,0
2026-09-26,06:00,H-A,H,Ganga,A,Allahabad,77.48,84.73,88.03,0
2026-09-26,06:00,H-B,H,Ganga,B,Varanasi,65.27,71.26,73.9,67
2026-09-26,06:00,H-C,H,Ganga,C,Buxar,56.83,60.32,62.09,50
2026-09-26,06:00,H-D,H,Ganga,D,Digha,48.76,50.45,52.52,50
2026-09-26,06:00,H-E,H,Ganga,E,Gandhi Ghat,47.86,48.6,50.52,25
2026-09-26,06:00,H-F,H,Ganga,F,Hathidah,41.08,41.76,43.52,50
2026-09-26,06:00,H-G,H,Ganga,G,Munger,37.52,39.33,40.99,25
2026-09-26,06:00,H-H,H,Ganga,H,Bhagalpur,32.2,33.68,34.86,25
2026-09-26,06:00,H-I,H,Ganga,I,Kahalgaon,30.77,31.09,32.87,25
2026-09-26,06:00,H-J,H,Ganga,J,Farakka,21.6,22.25,25.14,25
2026-09-26,06:00,I-A,I,Punpun,A,Sripalpur,48.29,50.6,53.91,0
2026-09-26,06:00,J-A,J,Adhwara,A,Sonbarsa,78.06,81.85,83.75,0
2026-09-26,06:00,J-B,J,Adhwara,B,Sundarpur,58.6,61.7,64.1,108
2026-09-26,06:00,J-C,J,Adhwara,C,Pupri,51.75,55.79,56.95,50
2026-09-26,06:00,K-A,K,Khiroi,A,Kamtaul,47.4,50,53.05,0
2026-09-26,06:00,K-B,K,Khiroi,B,Ekmighat,43.45,46.94,49.52,50
2026-09-26,06:00,L-A,L,Mahananda,A,Taibpur,64.78,66,67.26,0
2026-09-26,06:00,L-B,L,Mahananda,B,Dhangaraghat,34.94,35.65,38.2,50
2026-09-26,06:00,M-A,M,Ghaghra,A,Darauli,59.68,60.82,61.82,0
2026-09-26,06:00,M-B,M,Ghaghra,B,Gangpur Siswan,54.3,57.04,58.26,50
2026-09-26,14:00,A-A,A,Gandak,A,Khada,95.55,96,97.5,0
2026-09-26,14:00,A-B,A,Gandak,B,Chatia,66.75,69.15,70.04,25
2026-09-26,14:00,A-C,A,Gandak,C,Dumaria Ghat,62.75,62.22,64.36,25
2026-09-26,14:00,A-D,A,Gandak,D,Rewa Ghat,52.58,54.41,55.46,25
2026-09-26,14:00,A-E,A,Gandak,E,Hajipur,48.49,50.32,50.93,25
2026-09-26,14:00,B-A,B,Kosi,A,Basua,46.97,47.75,49.24,0
2026-09-26,14:00,B-B,B,Kosi,B,Baltara,34.72,33.85,36.4,25
2026-09-26,14:00,B-C,B,Kosi,C,Kursela,29.67,30,32.1,25
2026-09-26,14:00,C-A,C,Bagmati,A,Dheng,70.65,71,73.47,0
2026-09-26,14:00,C-B,C,Bagmati,B,Sonakhan,68.85,68.8,72.05,25
2026-09-26,14:00,C-C,C,Bagmati,C,Dubadhar,61.25,61.28,63.75,50
2026-09-26,14:00,C-D,C,Bagmati,D,Kansar,59.17,59.06,60.86,25
2026-09-26,14:00,C-E,C,Bagmati,E,Kataunjha,56.3,55,58.36,25
2026-09-26,14:00,C-F,C,Bagmati,F,Benibad,49.72,48.68,50.12,28
2026-09-26,14:00,C-G,C,Bagmati,G,Hayaghat,42.96,45.72,48.96,25
2026-09-26,14:00,D-A,D,Burhi Gandak,A,Sikandarpur,47.08,52.53,54.29,0
2026-09-26,14:00,D-B,D,Burhi Gandak,B,Samastipur,41.16,45.73,49.38,33
2026-09-26,14:00,D-C,D,Burhi Gandak,C,Rosara,38.65,42.63,46.56,25
2026-09-26,14:00,D-D,D,Burhi Gandak,D,Khagaria,35.9,36.58,39.22,25
2026-09-26,14:00,E-A,E,Kamla Balan,A,Jainagar,67.5,68.5,71.35,0
2026-09-26,14:00,E-B,E,Kamla Balan,B,Jhanjharpur,50.1,50.5,53.11,100
2026-09-26,14:00,F-A,F,Bhuthi Balan,A,Ekma,68.59,69.5,72.1,0
2026-09-26,14:00,G-A,G,Lalbakeya,A,Gowabari,70.7,71.15,73.86,0
2026-09-26,14:00,H-A,H,Ganga,A,Allahabad,77.6,84.73,88.03,0
2026-09-26,14:00,H-B,H,Ganga,B,Varanasi,65.4,71.26,73.9,67
2026-09-26,14:00,H-C,H,Ganga,C,Buxar,56.83,60.32,62.09,50
2026-09-26,14:00,H-D,H,Ganga,D,Digha,48.72,50.45,52.52,50
2026-09-26,14:00,H-E,H,Ganga,E,Gandhi Ghat,47.82,48.6,50.52,25
2026-09-26,14:00,H-F,H,Ganga,F,Hathidah,41.05,41.76,43.52,50
2026-09-26,14:00,H-G,H,Ganga,G,Munger,37.51,39.33,40.99,25
2026-09-26,14:00,H-H,H,Ganga,H,Bhagalpur,32.18,33.68,34.86,25
2026-09-26,14:00,H-I,H,Ganga,I,Kahalgaon,30.76,31.09,32.87,25
2026-09-26,14:00,H-J,H,Ganga,J,Farakka,21.57,22.25,25.14,25
2026-09-26,14:00,I-A,I,Punpun,A,Sripalpur,48.43,50.6,53.91,0
2026-09-26,14:00,J-A,J,Adhwara,A,Sonbarsa,78.8,81.85,83.75,0
2026-09-26,14:00,J-B,J,Adhwara,B,Sundarpur,58.55,61.7,64.1,108
2026-09-26,14:00,J-C,J,Adhwara,C,Pupri,51.8,55.79,56.95,50
2026-09-26,14:00,K-A,K,Khiroi,A,Kamtaul,47.36,50,53.05,0
2026-09-26,14:00,K-B,K,Khiroi,B,Ekmighat,43.67,46.94,49.52,50
2026-09-26,14:00,L-A,L,Mahananda,A,Taibpur,64.54,66,67.26,0
2026-09-26,14:00,L-B,L,Mahananda,B,Dhangaraghat,35.35,35.65,38.2,50
2026-09-26,14:00,M-A,M,Ghaghra,A,Darauli,59.68,60.82,61.82,0
2026-09-26,14:00,M-B,M,Ghaghra,B,Gangpur Siswan,54.4,57.04,58.26,50
2026-09-27,06:00,A-A,A,Gandak,A,Khada,95.79,96,97.5,0
2026-09-27,06:00,A-B,A,Gandak,B,Chatia,67.27,69.15,70.04,25
2026-09-27,06:00,A-C,A,Gandak,C,Dumaria Ghat,63,62.22,64.36,25
2026-09-27,06:00,A-D,A,Gandak,D,Rewa Ghat,52.9,54.41,55.46,25
2026-09-27,06:00,A-E,A,Gandak,E,Hajipur,48.62,50.32,50.93,25
2026-09-27,06:00,B-A,B,Kosi,A,Basua,47.09,47.75,49.24,0
2026-09-27,06:00,B-B,B,Kosi,B,Baltara,34.92,33.85,36.4,25
2026-09-27,06:00,B-C,B,Kosi,C,Kursela,29.66,30,32.1,25
2026-09-27,06:00,C-A,C,Bagmati,A,Dheng,70.4,71,73.47,0
2026-09-27,06:00,C-B,C,Bagmati,B,Sonakhan,68.6,68.8,72.05,25
2026-09-27,06:00,C-C,C,Bagmati,C,Dubadhar,60.55,61.28,63.75,50
2026-09-27,06:00,C-D,C,Bagmati,D,Kansar,58.3,59.06,60.86,25
2026-09-27,06:00,C-E,C,Bagmati,E,Kataunjha,55.7,55,58.36,25
2026-09-27,06:00,C-F,C,Bagmati,F,Benibad,49.72,48.68,50.12,28
2026-09-27,06:00,C-G,C,Bagmati,G,Hayaghat,42.96,45.72,48.96,25
2026-09-27,06:00,D-A,D,Burhi Gandak,A,Sikandarpur,47.2,52.53,54.29,0
2026-09-27,06:00,D-B,D,Burhi Gandak,B,Samastipur,41.08,45.73,49.38,33
2026-09-27,06:00,D-C,D,Burhi Gandak,C,Rosara,38.6,42.63,46.56,25
2026-09-27,06:00,D-D,D,Burhi Gandak,D,Khagaria,35.84,36.58,39.22,25
2026-09-27,06:00,E-A,E,Kamla Balan,A,Jainagar,67.4,68.5,71.35,0
2026-09-27,06:00,E-B,E,Kamla Balan,B,Jhanjharpur,49.7,50.5,53.11,100
2026-09-27,06:00,F-A,F,Bhuthi Balan,A,Ekma,68.74,69.5,72.1,0
2026-09-27,06:00,G-A,G,Lalbakeya,A,Gowabari,70.5,71.15,73.86,0
2026-09-27,06:00,H-A,H,Ganga,A,Allahabad,77.95,84.73,88.03,0
2026-09-27,06:00,H-B,H,Ganga,B,Varanasi,66.12,71.26,73.9,67
2026-09-27,06:00,H-C,H,Ganga,C,Buxar,57.09,60.32,62.09,50
2026-09-27,06:00,H-D,H,Ganga,D,Digha,48.82,50.45,52.52,50
2026-09-27,06:00,H-E,H,Ganga,E,Gandhi Ghat,47.86,48.6,50.52,25
2026-09-27,06:00,H-F,H,Ganga,F,Hathidah,41.1,41.76,43.52,50
2026-09-27,06:00,H-G,H,Ganga,G,Munger,37.48,39.33,40.99,25
2026-09-27,06:00,H-H,H,Ganga,H,Bhagalpur,32.15,33.68,34.86,25
2026-09-27,06:00,H-I,H,Ganga,I,Kahalgaon,30.74,31.09,32.87,25
2026-09-27,06:00,H-J,H,Ganga,J,Farakka,21.57,22.25,25.14,25
2026-09-27,06:00,I-A,I,Punpun,A,Sripalpur,49.15,50.6,53.91,0
2026-09-27,06:00,J-A,J,Adhwara,A,Sonbarsa,79.1,81.85,83.75,0
2026-09-27,06:00,J-B,J,Adhwara,B,Sundarpur,58.55,61.7,64.1,108
2026-09-27,06:00,J-C,J,Adhwara,C,Pupri,51.85,55.79,56.95,50
2026-09-27,06:00,K-A,K,Khiroi,A,Kamtaul,47.44,50,53.05,0
2026-09-27,06:00,K-B,K,Khiroi,B,Ekmighat,43.93,46.94,49.52,50
2026-09-27,06:00,L-A,L,Mahananda,A,Taibpur,64.15,66,67.26,0
2026-09-27,06:00,L-B,L,Mahananda,B,Dhangaraghat,35.19,35.65,38.2,50
2026-09-27,06:00,M-A,M,Ghaghra,A,Darauli,59.93,60.82,61.82,0
2026-09-27,06:00,M-B,M,Ghaghra,B,Gangpur Siswan,54.6,57.04,58.26,50
2026-09-27,14:00,A-A,A,Gandak,A,Khada,95.99,96,97.5,0
2026-09-27,14:00,A-B,A,Gandak,B,Chatia,67.6,69.15,70.04,25
2026-09-27,14:00,A-C,A,Gandak,C,Dumaria Ghat,63.22,62.22,64.36,25
2026-09-27,14:00,A-D,A,Gandak,D,Rewa Ghat,53.34,54.41,55.46,25
2026-09-27,14:00,A-E,A,Gandak,E,Hajipur,48.66,50.32,50.93,25
2026-09-27,14:00,B-A,B,Kosi,A,Basua,47.17,47.75,49.24,0
2026-09-27,14:00,B-B,B,Kosi,B,Baltara,35.07,33.85,36.4,25
2026-09-27,14:00,B-C,B,Kosi,C,Kursela,29.67,30,32.1,25
2026-09-27,14:00,C-A,C,Bagmati,A,Dheng,71.56,71,73.47,0
2026-09-27,14:00,C-B,C,Bagmati,B,Sonakhan,69.4,68.8,72.05,25
2026-09-27,14:00,C-C,C,Bagmati,C,Dubadhar,60.81,61.28,63.75,50
2026-09-27,14:00,C-D,C,Bagmati,D,Kansar,58.2,59.06,60.86,25
2026-09-27,14:00,C-E,C,Bagmati,E,Kataunjha,55.45,55,58.36,25
2026-09-27,14:00,C-F,C,Bagmati,F,Benibad,49.72,48.68,50.12,28
2026-09-27,14:00,C-G,C,Bagmati,G,Hayaghat,43.16,45.72,48.96,25
2026-09-27,14:00,D-A,D,Burhi Gandak,A,Sikandarpur,47.52,52.53,54.29,0
2026-09-27,14:00,D-B,D,Burhi Gandak,B,Samastipur,41.04,45.73,49.38,33
2026-09-27,14:00,D-C,D,Burhi Gandak,C,Rosara,38.55,42.63,46.56,25
2026-09-27,14:00,D-D,D,Burhi Gandak,D,Khagaria,35.83,36.58,39.22,25
2026-09-27,14:00,E-A,E,Kamla Balan,A,Jainagar,67.9,68.5,71.35,0
2026-09-27,14:00,E-B,E,Kamla Balan,B,Jhanjharpur,49.61,50.5,53.11,100
2026-09-27,14:00,F-A,F,Bhuthi Balan,A,Ekma,68.74,69.5,72.1,0
2026-09-27,14:00,G-A,G,Lalbakeya,A,Gowabari,71.38,71.15,73.86,0
2026-09-27,14:00,H-A,H,Ganga,A,Allahabad,78.43,84.73,88.03,0
2026-09-27,14:00,H-B,H,Ganga,B,Varanasi,66.32,71.26,73.9,67
2026-09-27,14:00,H-C,H,Ganga,C,Buxar,57.17,60.32,62.09,50
2026-09-27,14:00,H-D,H,Ganga,D,Digha,48.98,50.45,52.52,50
2026-09-27,14:00,H-E,H,Ganga,E,Gandhi Ghat,48.05,48.6,50.52,25
2026-09-27,14:00,H-F,H,Ganga,F,Hathidah,41.18,41.76,43.52,50
2026-09-27,14:00,H-G,H,Ganga,G,Munger,37.5,39.33,40.99,25
2026-09-27,14:00,H-H,H,Ganga,H,Bhagalpur,32.16,33.68,34.86,25
2026-09-27,14:00,H-I,H,Ganga,I,Kahalgaon,30.72,31.09,32.87,25
2026-09-27,14:00,H-J,H,Ganga,J,Farakka,21.57,22.25,25.14,25
2026-09-27,14:00,I-A,I,Punpun,A,Sripalpur,49.47,50.6,53.91,0
2026-09-27,14:00,J-A,J,Adhwara,A,Sonbarsa,81,81.85,83.75,0
2026-09-27,14:00,J-B,J,Adhwara,B,Sundarpur,59,61.7,64.1,108
2026-09-27,14:00,J-C,J,Adhwara,C,Pupri,51.95,55.79,56.95,50
2026-09-27,14:00,K-A,K,Khiroi,A,Kamtaul,47.49,50,53.05,0
2026-09-27,14:00,K-B,K,Khiroi,B,Ekmighat,44.15,46.94,49.52,50
2026-09-27,14:00,L-A,L,Mahananda,A,Taibpur,64.14,66,67.26,0
2026-09-27,14:00,L-B,L,Mahananda,B,Dhangaraghat,35.15,35.65,38.2,50
2026-09-27,14:00,M-A,M,Ghaghra,A,Darauli,60.21,60.82,61.82,0
2026-09-27,14:00,M-B,M,Ghaghra,B,Gangpur Siswan,54.98,57.04,58.26,50
2026-09-28,06:00,A-A,A,Gandak,A,Khada,96.36,96,97.5,0
2026-09-28,06:00,A-B,A,Gandak,B,Chatia,67.96,69.15,70.04,25
2026-09-28,06:00,A-C,A,Gandak,C,Dumaria Ghat,63.56,62.22,64.36,25
2026-09-28,06:00,A-D,A,Gandak,D,Rewa Ghat,53.84,54.41,55.46,25
2026-09-28,06:00,A-E,A,Gandak,E,Hajipur,48.79,50.32,50.93,25
2026-09-28,06:00,B-A,B,Kosi,A,Basua,46.9,47.75,49.24,0
2026-09-28,06:00,B-B,B,Kosi,B,Baltara,35.23,33.85,36.4,25
2026-09-28,06:00,B-C,B,Kosi,C,Kursela,29.75,30,32.1,25
2026-09-28,06:00,C-A,C,Bagmati,A,Dheng,71.5,71,73.47,0
2026-09-28,06:00,C-B,C,Bagmati,B,Sonakhan,69.75,68.8,72.05,25
2026-09-28,06:00,C-C,C,Bagmati,C,Dubadhar,61.79,61.28,63.75,50
2026-09-28,06:00,C-D,C,Bagmati,D,Kansar,59.58,59.06,60.86,25
2026-09-28,06:00,C-E,C,Bagmati,E,Kataunjha,56.8,55,58.36,25
2026-09-28,06:00,C-F,C,Bagmati,F,Benibad,49.72,48.68,50.12,28
2026-09-28,06:00,C-G,C,Bagmati,G,Hayaghat,43.67,45.72,48.96,25
2026-09-28,06:00,D-A,D,Burhi Gandak,A,Sikandarpur,47.92,52.53,54.29,0
2026-09-28,06:00,D-B,D,Burhi Gandak,B,Samastipur,41,45.73,49.38,33
2026-09-28,06:00,D-C,D,Burhi Gandak,C,Rosara,38.51,42.63,46.56,25
2026-09-28,06:00,D-D,D,Burhi Gandak,D,Khagaria,35.84,36.58,39.22,25
2026-09-28,06:00,E-A,E,Kamla Balan,A,Jainagar,67.85,68.5,71.35,0
2026-09-28,06:00,E-B,E,Kamla Balan,B,Jhanjharpur,51.1,50.5,53.11,100
2026-09-28,06:00,F-A,F,Bhuthi Balan,A,Ekma,68.59,69.5,72.1,0
2026-09-28,06:00,G-A,G,Lalbakeya,A,Gowabari,72,71.15,73.86,0
2026-09-28,06:00,H-A,H,Ganga,A,Allahabad,79.52,84.73,88.03,0
2026-09-28,06:00,H-B,H,Ganga,B,Varanasi,67.06,71.26,73.9,67
2026-09-28,06:00,H-C,H,Ganga,C,Buxar,57.45,60.32,62.09,50
2026-09-28,06:00,H-D,H,Ganga,D,Digha,49.13,50.45,52.52,50
2026-09-28,06:00,H-E,H,Ganga,E,Gandhi Ghat,48.38,48.6,50.52,25
2026-09-28,06:00,H-F,H,Ganga,F,Hathidah,41.3,41.76,43.52,50
2026-09-28,06:00,H-G,H,Ganga,G,Munger,37.59,39.33,40.99,25
2026-09-28,06:00,H-H,H,Ganga,H,Bhagalpur,32.21,33.68,34.86,25
2026-09-28,06:00,H-I,H,Ganga,I,Kahalgaon,30.72,31.09,32.87,25
2026-09-28,06:00,H-J,H,Ganga,J,Farakka,21.6,22.25,25.14,25
2026-09-28,06:00,I-A,I,Punpun,A,Sripalpur,49.84,50.6,53.91,0
2026-09-28,06:00,J-A,J,Adhwara,A,Sonbarsa,79.6,81.85,83.75,0
2026-09-28,06:00,J-B,J,Adhwara,B,Sundarpur,61,61.7,64.1,108
2026-09-28,06:00,J-C,J,Adhwara,C,Pupri,52.5,55.79,56.95,50
2026-09-28,06:00,K-A,K,Khiroi,A,Kamtaul,47.65,50,53.05,0
2026-09-28,06:00,K-B,K,Khiroi,B,Ekmighat,44.49,46.94,49.52,50
2026-09-28,06:00,L-A,L,Mahananda,A,Taibpur,63.97,66,67.26,0
2026-09-28,06:00,L-B,L,Mahananda,B,Dhangaraghat,34.87,35.65,38.2,50
2026-09-28,06:00,M-A,M,Ghaghra,A,Darauli,60.41,60.82,61.82,0
2026-09-28,06:00,M-B,M,Ghaghra,B,Gangpur Siswan,55.32,57.04,58.26,50
2026-09-28,14:00,A-A,A,Gandak,A,Khada,96.35,96,97.5,0
2026-09-28,14:00,A-B,A,Gandak,B,Chatia,68.2,69.15,70.04,25
2026-09-28,14:00,A-C,A,Gandak,C,Dumaria Ghat,63.68,62.22,64.36,25
2026-09-28,14:00,A-D,A,Gandak,D,Rewa Ghat,54.1,54.41,55.46,25
2026-09-28,14:00,A-E,A,Gandak,E,Hajipur,48.84,50.32,50.93,25
2026-09-28,14:00,B-A,B,Kosi,A,Basua,46.87,47.75,49.24,0
2026-09-28,14:00,B-B,B,Kosi,B,Baltara,35.23,33.85,36.4,25
2026-09-28,14:00,B-C,B,Kosi,C,Kursela,29.78,30,32.1,25
2026-09-28,14:00,C-A,C,Bagmati,A,Dheng,71.1,71,73.47,0
2026-09-28,14:00,C-B,C,Bagmati,B,Sonakhan,69.35,68.8,72.05,25
2026-09-28,14:00,C-C,C,Bagmati,C,Dubadhar,61.71,61.28,63.75,50
2026-09-28,14:00,C-D,C,Bagmati,D,Kansar,59.5,59.06,60.86,25
2026-09-28,14:00,C-E,C,Bagmati,E,Kataunjha,56.8,55,58.36,25
2026-09-28,14:00,C-F,C,Bagmati,F,Benibad,49.88,48.68,50.12,28
2026-09-28,14:00,C-G,C,Bagmati,G,Hayaghat,43.79,45.72,48.96,25
2026-09-28,14:00,D-A,D,Burhi Gandak,A,Sikandarpur,48.5,52.53,54.29,0
2026-09-28,14:00,D-B,D,Burhi Gandak,B,Samastipur,41.1,45.73,49.38,33
2026-09-28,14:00,D-C,D,Burhi Gandak,C,Rosara,38.57,42.63,46.56,25
2026-09-28,14:00,D-D,D,Burhi Gandak,D,Khagaria,35.93,36.58,39.22,25
2026-09-28,14:00,E-A,E,Kamla Balan,A,Jainagar,67.7,68.5,71.35,0
2026-09-28,14:00,E-B,E,Kamla Balan,B,Jhanjharpur,50.8,50.5,53.11,100
2026-09-28,14:00,F-A,F,Bhuthi Balan,A,Ekma,68.59,69.5,72.1,0
2026-09-28,14:00,G-A,G,Lalbakeya,A,Gowabari,71.95,71.15,73.86,0
2026-09-28,14:00,H-A,H,Ganga,A,Allahabad,80.05,84.73,88.03,0
2026-09-28,14:00,H-B,H,Ganga,B,Varanasi,67.52,71.26,73.9,67
2026-09-28,14:00,H-C,H,Ganga,C,Buxar,57.79,60.32,62.09,50
2026-09-28,14:00,H-D,H,Ganga,D,Digha,49.3,50.45,52.52,50
2026-09-28,14:00,H-E,H,Ganga,E,Gandhi Ghat,48.44,48.6,50.52,25
2026-09-28,14:00,H-F,H,Ganga,F,Hathidah,41.42,41.76,43.52,50
2026-09-28,14:00,H-G,H,Ganga,G,Munger,37.67,39.33,40.99,25
2026-09-28,14:00,H-H,H,Ganga,H,Bhagalpur,32.24,33.68,34.86,25
2026-09-28,14:00,H-I,H,Ganga,I,Kahalgaon,30.72,31.09,32.87,25
2026-09-28,14:00,H-J,H,Ganga,J,Farakka,21.63,22.25,25.14,25
2026-09-28,14:00,I-A,I,Punpun,A,Sripalpur,50.03,50.6,53.91,0
2026-09-28,14:00,J-A,J,Adhwara,A,Sonbarsa,79.5,81.85,83.75,0
2026-09-28,14:00,J-B,J,Adhwara,B,Sundarpur,61.2,61.7,64.1,108
2026-09-28,14:00,J-C,J,Adhwara,C,Pupri,52.88,55.79,56.95,50
2026-09-28,14:00,K-A,K,Khiroi,A,Kamtaul,47.73,50,53.05,0
2026-09-28,14:00,K-B,K,Khiroi,B,Ekmighat,44.57,46.94,49.52,50
2026-09-28,14:00,L-A,L,Mahananda,A,Taibpur,63.84,66,67.26,0
2026-09-28,14:00,L-B,L,Mahananda,B,Dhangaraghat,34.75,35.65,38.2,50
2026-09-28,14:00,M-A,M,Ghaghra,A,Darauli,60.84,60.82,61.82,0
2026-09-28,14:00,M-B,M,Ghaghra,B,Gangpur Siswan,55.84,57.04,58.26,50
2026-09-29,06:00,A-A,A,Gandak,A,Khada,95.52,96,97.5,0
2026-09-29,06:00,A-B,A,Gandak,B,Chatia,68.8,69.15,70.04,25
2026-09-29,06:00,A-C,A,Gandak,C,Dumaria Ghat,63.98,62.22,64.36,25
2026-09-29,06:00,A-D,A,Gandak,D,Rewa Ghat,54.41,54.41,55.46,25
2026-09-29,06:00,A-E,A,Gandak,E,Hajipur,49.09,50.32,50.93,25
2026-09-29,06:00,B-A,B,Kosi,A,Basua,46.97,47.75,49.24,0
2026-09-29,06:00,B-B,B,Kosi,B,Baltara,35.22,33.85,36.4,25
2026-09-29,06:00,B-C,B,Kosi,C,Kursela,29.8,30,32.1,25
2026-09-29,06:00,C-A,C,Bagmati,A,Dheng,70.75,71,73.47,0
2026-09-29,06:00,C-B,C,Bagmati,B,Sonakhan,69,68.8,72.05,25
2026-09-29,06:00,C-C,C,Bagmati,C,Dubadhar,61.11,61.28,63.75,50
2026-09-29,06:00,C-D,C,Bagmati,D,Kansar,58.9,59.06,60.86,25
2026-09-29,06:00,C-E,C,Bagmati,E,Kataunjha,56.3,55,58.36,25
2026-09-29,06:00,C-F,C,Bagmati,F,Benibad,49.92,48.68,50.12,28
2026-09-29,06:00,C-G,C,Bagmati,G,Hayaghat,43.99,45.72,48.96,25
2026-09-29,06:00,D-A,D,Burhi Gandak,A,Sikandarpur,48.9,52.53,54.29,0
2026-09-29,06:00,D-B,D,Burhi Gandak,B,Samastipur,41.7,45.73,49.38,33
2026-09-29,06:00,D-C,D,Burhi Gandak,C,Rosara,38.75,42.63,46.56,25
2026-09-29,06:00,D-D,D,Burhi Gandak,D,Khagaria,36.07,36.58,39.22,25
2026-09-29,06:00,E-A,E,Kamla Balan,A,Jainagar,67.45,68.5,71.35,0
2026-09-29,06:00,E-B,E,Kamla Balan,B,Jhanjharpur,50,50.5,53.11,100
2026-09-29,06:00,F-A,F,Bhuthi Balan,A,Ekma,68.59,69.5,72.1,0
2026-09-29,06:00,G-A,G,Lalbakeya,A,Gowabari,71.15,71.15,73.86,0
2026-09-29,06:00,H-A,H,Ganga,A,Allahabad,80.13,84.73,88.03,0
2026-09-29,06:00,H-B,H,Ganga,B,Varanasi,68.07,71.26,73.9,67
2026-09-29,06:00,H-C,H,Ganga,C,Buxar,58.45,60.32,62.09,50
2026-09-29,06:00,H-D,H,Ganga,D,Digha,49.63,50.45,52.52,50
2026-09-29,06:00,H-E,H,Ganga,E,Gandhi Ghat,48.77,48.6,50.52,25
2026-09-29,06:00,H-F,H,Ganga,F,Hathidah,41.64,41.76,43.52,50
2026-09-29,06:00,H-G,H,Ganga,G,Munger,37.83,39.33,40.99,25
2026-09-29,06:00,H-H,H,Ganga,H,Bhagalpur,32.31,33.68,34.86,25
2026-09-29,06:00,H-I,H,Ganga,I,Kahalgaon,30.73,31.09,32.87,25
2026-09-29,06:00,H-J,H,Ganga,J,Farakka,21.66,22.25,25.14,25
2026-09-29,06:00,I-A,I,Punpun,A,Sripalpur,50.22,50.6,53.91,0
2026-09-29,06:00,J-A,J,Adhwara,A,Sonbarsa,79.3,81.85,83.75,0
2026-09-29,06:00,J-B,J,Adhwara,B,Sundarpur,61.4,61.7,64.1,108
2026-09-29,06:00,J-C,J,Adhwara,C,Pupri,53,55.79,56.95,50
2026-09-29,06:00,K-A,K,Khiroi,A,Kamtaul,48.17,50,53.05,0
2026-09-29,06:00,K-B,K,Khiroi,B,Ekmighat,44.89,46.94,49.52,50
2026-09-29,06:00,L-A,L,Mahananda,A,Taibpur,63.73,66,67.26,0
2026-09-29,06:00,L-B,L,Mahananda,B,Dhangaraghat,34.56,35.65,38.2,50
2026-09-29,06:00,M-A,M,Ghaghra,A,Darauli,61.15,60.82,61.82,0
2026-09-29,06:00,M-B,M,Ghaghra,B,Gangpur Siswan,56.26,57.04,58.26,50
2026-09-29,14:00,A-A,A,Gandak,A,Khada,95.35,96,97.5,0
2026-09-29,14:00,A-B,A,Gandak,B,Chatia,69.72,69.15,70.04,25
2026-09-29,14:00,A-C,A,Gandak,C,Dumaria Ghat,64.26,62.22,64.36,25
2026-09-29,14:00,A-D,A,Gandak,D,Rewa Ghat,54.71,54.41,55.46,25
2026-09-29,14:00,A-E,A,Gandak,E,Hajipur,49.31,50.32,50.93,25
2026-09-29,14:00,B-A,B,Kosi,A,Basua,46.97,47.75,49.24,0
2026-09-29,14:00,B-B,B,Kosi,B,Baltara,35.14,33.85,36.4,25
2026-09-29,14:00,B-C,B,Kosi,C,Kursela,29.87,30,32.1,25
2026-09-29,14:00,C-A,C,Bagmati,A,Dheng,70.5,71,73.47,0
2026-09-29,14:00,C-B,C,Bagmati,B,Sonakhan,68.54,68.8,72.05,25
2026-09-29,14:00,C-C,C,Bagmati,C,Dubadhar,60.89,61.28,63.75,50
2026-09-29,14:00,C-D,C,Bagmati,D,Kansar,58.65,59.06,60.86,25
2026-09-29,14:00,C-E,C,Bagmati,E,Kataunjha,56.1,55,58.36,25
2026-09-29,14:00,C-F,C,Bagmati,F,Benibad,49.92,48.68,50.12,28
2026-09-29,14:00,C-G,C,Bagmati,G,Hayaghat,44.03,45.72,48.96,25
2026-09-29,14:00,D-A,D,Burhi Gandak,A,Sikandarpur,49.31,52.53,54.29,0
2026-09-29,14:00,D-B,D,Burhi Gandak,B,Samastipur,41.9,45.73,49.38,33
2026-09-29,14:00,D-C,D,Burhi Gandak,C,Rosara,38.94,42.63,46.56,25
2026-09-29,14:00,D-D,D,Burhi Gandak,D,Khagaria,36.15,36.58,39.22,25
2026-09-29,14:00,E-A,E,Kamla Balan,A,Jainagar,67.35,68.5,71.35,0
2026-09-29,14:00,E-B,E,Kamla Balan,B,Jhanjharpur,49.86,50.5,53.11,100
2026-09-29,14:00,F-A,F,Bhuthi Balan,A,Ekma,68.59,69.5,72.1,0
2026-09-29,14:00,G-A,G,Lalbakeya,A,Gowabari,70.8,71.15,73.86,0
2026-09-29,14:00,H-A,H,Ganga,A,Allahabad,80.2,84.73,88.03,0
2026-09-29,14:00,H-B,H,Ganga,B,Varanasi,68.31,71.26,73.9,67
2026-09-29,14:00,H-C,H,Ganga,C,Buxar,58.65,60.32,62.09,50
2026-09-29,14:00,H-D,H,Ganga,D,Digha,49.91,50.45,52.52,50
2026-09-29,14:00,H-E,H,Ganga,E,Gandhi Ghat,49.01,48.6,50.52,25
2026-09-29,14:00,H-F,H,Ganga,F,Hathidah,41.77,41.76,43.52,50
2026-09-29,14:00,H-G,H,Ganga,G,Munger,37.91,39.33,40.99,25
2026-09-29,14:00,H-H,H,Ganga,H,Bhagalpur,32.39,33.68,34.86,25
2026-09-29,14:00,H-I,H,Ganga,I,Kahalgaon,30.75,31.09,32.87,25
2026-09-29,14:00,H-J,H,Ganga,J,Farakka,21.71,22.25,25.14,25
2026-09-29,14:00,I-A,I,Punpun,A,Sripalpur,50.22,50.6,53.91,0
2026-09-29,14:00,J-A,J,Adhwara,A,Sonbarsa,79.15,81.85,83.75,0
2026-09-29,14:00,J-B,J,Adhwara,B,Sundarpur,61.55,61.7,64.1,108
2026-09-29,14:00,J-C,J,Adhwara,C,Pupri,53.1,55.79,56.95,50
2026-09-29,14:00,K-A,K,Khiroi,A,Kamtaul,48.75,50,53.05,0
2026-09-29,14:00,K-B,K,Khiroi,B,Ekmighat,45.01,46.94,49.52,50
2026-09-29,14:00,L-A,L,Mahananda,A,Taibpur,63.69,66,67.26,0
2026-09-29,14:00,L-B,L,Mahananda,B,Dhangaraghat,34.48,35.65,38.2,50
2026-09-29,14:00,M-A,M,Ghaghra,A,Darauli,61.17,60.82,61.82,0
2026-09-29,14:00,M-B,M,Ghaghra,B,Gangpur Siswan,56.38,57.04,58.26,50
